        5000
r , G(r) , D(r) , T(r)
   1.0000000000000000E-002   11202.345197999077     
   2.0000000000000000E-002   10902.735768360402     
   2.9999999999999999E-002   10416.093484740788     
   4.0000000000000001E-002   9760.8186503640027     
   5.0000000000000003E-002   8961.3904444361706     
   5.9999999999999998E-002   8047.1729695387585     
   7.0000000000000007E-002   7050.9988275857067     
   8.0000000000000002E-002   6007.6090651152845     
   8.9999999999999997E-002   4952.0353931966301     
  0.10000000000000001        3918.0124675876518     
  0.11000000000000000        2936.5046562616285     
  0.12000000000000000        2034.4234029008517     
  0.13000000000000000        1233.5986072340090     
  0.14000000000000001        550.05124659030059     
  0.14999999999999999       -6.4041720133743185     
  0.16000000000000000       -432.21860662014836     
  0.17000000000000001       -729.84003522094145     
  0.17999999999999999       -907.14725519253477     
  0.19000000000000000       -976.63179267630835     
  0.20000000000000001       -954.38663342675761     
  0.20999999999999999       -858.96929214118302     
  0.22000000000000000       -710.21107627868048     
  0.23000000000000001       -528.04414839700075     
  0.23999999999999999       -331.41332545215408     
  0.25000000000000000       -137.33093364662673     
  0.26000000000000001        39.878833979511029     
  0.27000000000000002        189.11384088370514     
  0.28000000000000003        302.78956946067075     
  0.28999999999999998        376.89553152153530     
  0.29999999999999999        410.82681743143866     
  0.31000000000000000        407.01843385232007     
  0.32000000000000001        370.42091723848404     
  0.33000000000000002        307.86342799533446     
  0.34000000000000002        227.35476702713748     
  0.35000000000000003        137.37340241932344     
  0.35999999999999999        46.194788827283894     
  0.37000000000000000       -38.701624730812973     
  0.38000000000000000       -111.11170714778613     
  0.39000000000000001       -166.44849558275052     
  0.40000000000000002       -201.93401345008812     
  0.41000000000000003       -216.63986466705148     
  0.41999999999999998       -211.38615412440316     
  0.42999999999999999       -188.51766768031135     
  0.44000000000000000       -151.58368253374621     
  0.45000000000000001       -104.95285137938006     
  0.46000000000000002       -53.397083010911956     
  0.47000000000000003       -1.6781983712660034     
  0.47999999999999998        45.831463687848547     
  0.48999999999999999        85.468049864924680     
  0.50000000000000000        114.51475468746558     
  0.51000000000000001        131.34737120339537     
  0.52000000000000002        135.48221018096402     
  0.53000000000000003        127.52956775091576     
  0.54000000000000004        109.06299337955046     
  0.55000000000000004        82.420461881303865     
  0.56000000000000005        50.457810407165830     
  0.57000000000000006        16.277229833629498     
  0.57999999999999996       -17.045883181838072     
  0.58999999999999997       -46.715734696467429     
  0.59999999999999998       -70.429590381335998     
  0.60999999999999999       -86.537153771845965     
  0.62000000000000000       -94.136336341904141     
  0.63000000000000000       -93.101543832860685     
  0.64000000000000001       -84.046245351782744     
  0.65000000000000002       -68.226778262693557     
  0.66000000000000003       -47.398687116999412     
  0.67000000000000004       -23.640098472166695     
  0.68000000000000005       0.84149999859187952     
  0.69000000000000006        23.902258260521673     
  0.70000000000000007        43.638854096042309     
  0.70999999999999996        58.535556163517349     
  0.71999999999999997        67.570909715603676     
  0.72999999999999998        70.277358681358379     
  0.73999999999999999        66.751331139774223     
  0.75000000000000000        57.615519866945469     
  0.76000000000000001        43.938944885322734     
  0.77000000000000002        27.123593944239815     
  0.78000000000000003        8.7687686220142602     
  0.79000000000000004       -9.4744311469002636     
  0.80000000000000004       -26.045832142232371     
  0.81000000000000005       -39.604305565357492     
  0.82000000000000006       -49.131233305342647     
  0.83000000000000007       -54.001801560429939     
  0.83999999999999997       -54.019632365045680     
  0.84999999999999998       -49.413531724650127     
  0.85999999999999999       -40.798357325221815     
  0.87000000000000000       -29.104924319870115     
  0.88000000000000000       -15.486246181830275     
  0.89000000000000001       -1.2090745159874410     
  0.90000000000000002        12.459451519070916     
  0.91000000000000003        24.360245181679272     
  0.92000000000000004        33.536830433000098     
  0.93000000000000005        39.308594893629746     
  0.94000000000000006        41.317420506502835     
  0.95000000000000007        39.544842332075063     
  0.95999999999999996        34.299493193014314     
  0.96999999999999997        26.177115168704908     
  0.97999999999999998        15.997649929192322     
  0.98999999999999999        4.7256826759189607     
   1.0000000000000000       -6.6183210761023021     
   1.0100000000000000       -17.048055601892223     
   1.0200000000000000       -25.694959951387986     
   1.0300000000000000       -31.878460843089272     
   1.0400000000000000       -35.157382988161594     
   1.0500000000000000       -35.358846127186922     
   1.0600000000000001       -32.583023101810348     
   1.0700000000000001       -27.184250967152256     
   1.0800000000000001       -19.730986041253367     
   1.0900000000000001       -10.948808855817630     
   1.1000000000000001       -1.6519809154737488     
   1.1100000000000001        7.3301632080713164     
   1.1200000000000001        15.225486056949544     
   1.1300000000000001        21.383820398140742     
   1.1400000000000001        25.328942465405476     
   1.1500000000000001        26.793722276325738     
   1.1599999999999999        25.736007724043610     
   1.1699999999999999        22.334534339101481     
   1.1799999999999999        16.965890228864815     
   1.1899999999999999        10.165157490756593     
   1.2000000000000000        2.5741663210697405     
   1.2100000000000000       -5.1177671652886669     
   1.2200000000000000       -12.235261333037590     
   1.2300000000000000       -18.175077569981756     
   1.2400000000000000       -22.456195912125150     
   1.2500000000000000       -24.757693775627082     
   1.2600000000000000       -24.941542866722404     
   1.2700000000000000       -23.058829375118570     
   1.2800000000000000       -19.339377971087963     
   1.2900000000000000       -14.166191822703714     
   1.3000000000000000       -8.0373873550271693     
   1.3100000000000001       -1.5193000836236754     
   1.3200000000000001        4.8049110315802039     
   1.3300000000000001        10.386574282049963     
   1.3400000000000001        14.758288361820266     
   1.3500000000000001        17.572257876897734     
   1.3600000000000001        18.627106331472852     
   1.3700000000000001        17.881177611894945     
   1.3800000000000001        15.451563219821795     
   1.3900000000000001        11.599349493970337     
   1.4000000000000001        6.7027576729227425     
   1.4099999999999999        1.2208505422975526     
   1.4199999999999999       -4.3487787294272353     
   1.4299999999999999       -9.5144939141667706     
   1.4399999999999999       -13.833355369345393     
   1.4500000000000000       -16.948447530046852     
   1.4600000000000000       -18.617699016736534     
   1.4700000000000000       -18.731921740655189     
   1.4800000000000000       -17.320791649596238     
   1.4900000000000000       -14.546573948901548     
   1.5000000000000000       -10.686464196155619     
   1.5100000000000000       -6.1053815520476515     
   1.5200000000000000       -1.2218309684281290     
   1.5300000000000000        3.5300154922453668     
   1.5400000000000000        7.7386214362201375     
   1.5500000000000000        11.050430470573351     
   1.5600000000000001        13.199252186981667     
   1.5700000000000001        14.027283973473974     
   1.5800000000000001        13.496150551187673     
   1.5900000000000001        11.687251412140188     
   1.6000000000000001        8.7916534800323873     
   1.6100000000000001        5.0906692984475113     
   1.6200000000000001       0.92904270493154706     
   1.6300000000000001       -3.3167404984235231     
   1.6400000000000001       -7.2721370021138174     
   1.6500000000000001       -10.597242272462490     
   1.6600000000000001       -13.015673577860953     
   1.6699999999999999       -14.337214512182719     
   1.6799999999999999       -14.472396742682285     
   1.6899999999999999       -13.437939866284109     
   1.7000000000000000       -11.352791494560014     
   1.7100000000000000       -8.4253339076222602     
   1.7200000000000000       -4.9330791794340332     
   1.7300000000000000       -1.1967975684898611     
   1.7400000000000000        2.4485368257999771     
   1.7500000000000000        5.6833775119137426     
   1.7600000000000000        8.2312187045605221     
   1.7700000000000000        9.8818303643746503     
   1.7800000000000000        10.508191116069545     
   1.7900000000000000        10.075788068936420     
   1.8000000000000000        8.6436479181400561     
   1.8100000000000001        6.3571985116971561     
   1.8200000000000001        3.4337694936709706     
   1.8300000000000001       0.14216350592618676     
   1.8400000000000001       -3.2217865306997284     
   1.8500000000000001       -6.3614523681750867     
   1.8600000000000001       -9.0051103277425852     
   1.8700000000000001       -10.928878552716190     
   1.8800000000000001       -11.974955783200155     
   1.8900000000000001       -12.063679941446129     
   1.9000000000000001       -11.198498123903088     
   1.9100000000000001       -9.4635794522987720     
   1.9199999999999999       -7.0144513415913963     
   1.9299999999999999       -4.0626412238249090     
   1.9399999999999999      -0.85580812314584387     
   1.9500000000000000        2.3447900438625777     
   1.9600000000000000        5.2874555352998129     
   1.9700000000000000        7.7517888926932175     
   1.9800000000000000        9.5671289015978953     
   1.9900000000000000        10.626148219466955     
   2.0000000000000000        10.892518001880994     
   2.0100000000000002        10.402099957869675     
   2.0200000000000000        9.2577054185364762     
   2.0300000000000002        7.6180265374638214     
   2.0400000000000000        5.6818453990357511     
   2.0499999999999998        3.6690200071590198     
   2.0600000000000001        1.7999995401630380     
   2.0699999999999998       0.27571545251567975     
   2.0800000000000001      -0.74037512218861101     
   2.0899999999999999       -1.1365422634813127     
   2.1000000000000001      -0.86213823289703884     
   2.1099999999999999        6.8684312236551470E-002
   2.1200000000000001        1.5791179910897122     
   2.1299999999999999        3.5374153991463628     
   2.1400000000000001        5.7693917511723747     
   2.1499999999999999        8.0745259668529457     
   2.1600000000000001        10.244174523509988     
   2.1699999999999999        12.080252408156012     
   2.1800000000000002        13.412723241276737     
   2.1899999999999999        14.114374490239848     
   2.2000000000000002        14.111619222359893     
   2.2100000000000000        13.390437353093461     
   2.2200000000000002        11.997012275050004     
   2.2300000000000000        10.033092913331313     
   2.2400000000000002        7.6465744264978035     
   2.2500000000000000        5.0182024623118862     
   2.2600000000000002        2.3456308245269506     
   2.2700000000000000      -0.17372640834451158     
   2.2800000000000002       -2.3595264047598006     
   2.2900000000000000       -4.0635451088583423     
   2.3000000000000003       -5.1816554285452412     
   2.3100000000000001       -5.6617427863911542     
   2.3199999999999998       -5.5069389821691939     
   2.3300000000000001       -4.7739774410970162     
   2.3399999999999999       -3.5669049969227755     
   2.3500000000000001       -2.0267892298696757     
   2.3599999999999999      -0.31840102206733301     
   2.3700000000000001        1.3848994641272308     
   2.3799999999999999        2.9167090237363067     
   2.3900000000000001        4.1321817976841091     
   2.3999999999999999        4.9204136247455050     
   2.4100000000000001        5.2135580807242157     
   2.4199999999999999        4.9919288407054871     
   2.4300000000000002        4.2847103995980689     
   2.4399999999999999        3.1662937080570854     
   2.4500000000000002        1.7486397215073608     
   2.4600000000000000       0.17041830178867423     
   2.4700000000000002       -1.4160573156914906     
   2.4800000000000000       -2.8589020520734851     
   2.4900000000000002       -4.0204685875916715     
   2.5000000000000000       -4.7896707458989187     
   2.5100000000000002       -5.0917474774394407     
   2.5200000000000000       -4.8946378145736684     
   2.5300000000000002       -4.2114502390138622     
   2.5400000000000000       -3.0988637801506798     
   2.5500000000000003       -1.6516609973512852     
   2.5600000000000001        6.0673623253992837E-003
   2.5699999999999998        1.7322194137788458     
   2.5800000000000001        3.3794447719970178     
   2.5899999999999999        4.8082218080803152     
   2.6000000000000001        5.8990870738268937     
   2.6099999999999999        6.5629458208371041     
   2.6200000000000001        6.7485771922307212     
   2.6299999999999999        6.4467079364926345     
   2.6400000000000001        5.6903403202243990     
   2.6499999999999999        4.5513550438397203     
   2.6600000000000001        3.1337384932396652     
   2.6699999999999999        1.5640767078859539     
   2.6800000000000002       -1.9809327659616294E-002
   2.6899999999999999       -1.4810606697551174     
   2.7000000000000002       -2.6957241666098208     
   2.7100000000000000       -3.5633949258579038     
   2.7200000000000002       -4.0156388244644301     
   2.7300000000000000       -4.0214849661892211     
   2.7400000000000002       -3.5895462701886460     
   2.7500000000000000       -2.7666298562513281     
   2.7600000000000002       -1.6330103219878072     
   2.7700000000000000      -0.29483080894346458     
   2.7800000000000002        1.1256565341682858     
   2.7900000000000000        2.5011185961498024     
   2.8000000000000003        3.7104465018793218     
   2.8100000000000001        4.6493362137862473     
   2.8199999999999998        5.2392209443430566     
   2.8300000000000001        5.4337903911250933     
   2.8399999999999999        5.2225557578633914     
   2.8500000000000001        4.6311881699967312     
   2.8599999999999999        3.7186471128214440     
   2.8700000000000001        2.5713991253033557     
   2.8799999999999999        1.2952802067747502     
   2.8900000000000001        5.7562842023745064E-003
   2.8999999999999999       -1.1825323992229237     
   2.9100000000000001       -2.1660056740275779     
   2.9199999999999999       -2.8612514358176453     
   2.9300000000000002       -3.2122138141338237     
   2.9399999999999999       -3.1948485680474654     
   2.9500000000000002       -2.8188651154967013     
   2.9600000000000000       -2.1264376462432839     
   2.9700000000000002       -1.1880378587990004     
   2.9800000000000000       -9.5795040457646419E-002
   2.9900000000000002        1.0449966866337026     
   3.0000000000000000        2.1254475361490206     
   3.0100000000000002        3.0428552691829922     
   3.0200000000000000        3.7098314738482023     
   3.0300000000000002        4.0619685158434180     
   3.0400000000000000        4.0633835109862391     
   3.0500000000000003        3.7096714789173011     
   3.0600000000000001        3.0280347141142014     
   3.0700000000000003        2.0746081316863485     
   3.0800000000000001       0.92924836568316738     
   3.0899999999999999      -0.31172414474024079     
   3.1000000000000001       -1.5441652080884314     
   3.1099999999999999       -2.6653493655639791     
   3.1200000000000001       -3.5829905135966555     
   3.1299999999999999       -4.2232451559066488     
   3.1400000000000001       -4.5370015552645411     
   3.1499999999999999       -4.5039173020928995     
   3.1600000000000001       -4.1338727830379280     
   3.1699999999999999       -3.4657401017177465     
   3.1800000000000002       -2.5636053804925880     
   3.1899999999999999       -1.5108059400375264     
   3.2000000000000002      -0.40233304149187510     
   3.2100000000000000       0.66371063411181153     
   3.2200000000000002        1.5948334657555823     
   3.2300000000000000        2.3122842934820320     
   3.2400000000000002        2.7578762951469602     
   3.2500000000000000        2.8989157229219162     
   3.2600000000000002        2.7308194386078499     
   3.2700000000000000        2.2772136108826668     
   3.2800000000000002        1.5875304745469188     
   3.2900000000000000       0.73234073065242078     
   3.3000000000000003      -0.20314342578471423     
   3.3100000000000001       -1.1268026777436426     
   3.3200000000000003       -1.9478872237507714     
   3.3300000000000001       -2.5850997261894126     
   3.3399999999999999       -2.9737730680217807     
   3.3500000000000001       -3.0715182938120913     
   3.3599999999999999       -2.8618591014514592     
   3.3700000000000001       -2.3555513661267455     
   3.3799999999999999       -1.5894929505677484     
   3.3900000000000001      -0.62334202605232991     
   3.3999999999999999       0.46583750801480828     
   3.4100000000000001        1.5904146540261590     
   3.4199999999999999        2.6598996331845504     
   3.4300000000000002        3.5888373288332667     
   3.4399999999999999        4.3041919878119552     
   3.4500000000000002        4.7515810578759172     
   3.4600000000000000        4.8998236319897694     
   3.4700000000000002        4.7434223490634437     
   3.4800000000000000        4.3027827903801530     
   3.4900000000000002        3.6221747943690361     
   3.5000000000000000        2.7656379208162223     
   3.5100000000000002        1.8112111843009500     
   3.5200000000000000       0.84400974516601235     
   3.5300000000000002       -5.1233628943842424E-002
   3.5400000000000000      -0.79750465458296116     
   3.5500000000000003       -1.3320817713052961     
   3.5600000000000001       -1.6117832576808642     
   3.5700000000000003       -1.6164448023598785     
   3.5800000000000001       -1.3503453162897756     
   3.5899999999999999      -0.84148183615885275     
   3.6000000000000001      -0.13878394324174859     
   3.6099999999999999       0.69246252137467690     
   3.6200000000000001        1.5765591580428029     
   3.6299999999999999        2.4341683599867086     
   3.6400000000000001        3.1893126849182676     
   3.6499999999999999        3.7759845669277854     
   3.6600000000000001        4.1437928545046256     
   3.6699999999999999        4.2621646681129395     
   3.6800000000000002        4.1227542116781812     
   3.6899999999999999        3.7398722215719697     
   3.7000000000000002        3.1489260710056337     
   3.7100000000000000        2.4030354627190809     
   3.7200000000000002        1.5681467499188080     
   3.7300000000000000       0.71709650502975397     
   3.7400000000000002       -7.6838852202478547E-002
   3.7500000000000000      -0.74633282778598597     
   3.7600000000000002       -1.2357769371303431     
   3.7700000000000000       -1.5059287954169953     
   3.7800000000000002       -1.5370478609013900     
   3.7900000000000000       -1.3302656769457695     
   3.8000000000000003      -0.90709717476226359     
   3.8100000000000001      -0.30716543822606801     
   3.8200000000000003       0.41563046675899473     
   3.8300000000000001        1.1981402521246109     
   3.8399999999999999        1.9737147886487705     
   3.8500000000000001        2.6781631416723513     
   3.8599999999999999        3.2553805419689552     
   3.8700000000000001        3.6621504405009491     
   3.8799999999999999        3.8717044303521679     
   3.8900000000000001        3.8757405225131327     
   3.8999999999999999        3.6847422198907935     
   3.9100000000000001        3.3265951080738581     
   3.9199999999999999        2.8436503823185428     
   3.9300000000000002        2.2885222599985839     
   3.9399999999999999        1.7190164850435175     
   3.9500000000000002        1.1926605705895428     
   3.9600000000000000       0.76133688149176348     
   3.9700000000000002       0.46650485519629514     
   3.9800000000000000       0.33544037930845627     
   3.9900000000000002       0.37882422621102763     
   4.0000000000000000       0.58988644732760664     
   4.0099999999999998       0.94517120062821902     
   4.0200000000000005        1.4068395220791929     
   4.0300000000000002        1.9262892403951128     
   4.0400000000000000        2.4487538725649074     
   4.0499999999999998        2.9184562493327020     
   4.0600000000000005        3.2838452542152790     
   4.0700000000000003        3.5024393526846196     
   4.0800000000000001        3.5448386420381408     
   4.0899999999999999        3.3975442581189519     
   4.0999999999999996        3.0643329726417612     
   4.1100000000000003        2.5660657578048589     
   4.1200000000000001        1.9389501554213469     
   4.1299999999999999        1.2314148224778623     
   4.1399999999999997       0.49987830367833996     
   4.1500000000000004      -0.19620802022838002     
   4.1600000000000001      -0.79959930104942978     
   4.1699999999999999       -1.2603116347730139     
   4.1799999999999997       -1.5400421512611859     
   4.1900000000000004       -1.6155631752733295     
   4.2000000000000002       -1.4807911112918259     
   4.2100000000000000       -1.1473490929808925     
   4.2199999999999998      -0.64357632246973551     
   4.2300000000000004       -1.2074467240968501E-002
   4.2400000000000002       0.69398969419507561     
   4.2500000000000000        1.4154973211544619     
   4.2599999999999998        2.0924987935560653     
   4.2700000000000005        2.6693926674538355     
   4.2800000000000002        3.0997085390419183     
   4.2900000000000000        3.3500767988330877     
   4.2999999999999998        3.4030414820251220     
   4.3100000000000005        3.2584754611769484     
   4.3200000000000003        2.9334808385654290     
   4.3300000000000001        2.4607905840362103     
   4.3399999999999999        1.8858184673289236     
   4.3500000000000005        1.2626216618809984     
   4.3600000000000003       0.64913384203285740     
   4.3700000000000001       0.10208812002446810     
   4.3799999999999999      -0.32792640266862527     
   4.3899999999999997      -0.60084524398706507     
   4.4000000000000004      -0.69056905537797486     
   4.4100000000000001      -0.58717135287378719     
   4.4199999999999999      -0.29769028757353233     
   4.4299999999999997       0.15455404533977568     
   4.4400000000000004       0.73204644909299921     
   4.4500000000000002        1.3863756701728347     
   4.4600000000000000        2.0624498135126963     
   4.4699999999999998        2.7032551098072228     
   4.4800000000000004        3.2547410520542503     
   4.4900000000000002        3.6704077321603488     
   4.5000000000000000        3.9152011027954590     
   4.5099999999999998        3.9683859137281714     
   4.5200000000000005        3.8251583091148751     
   4.5300000000000002        3.4968721862077494     
   4.5400000000000000        3.0098754038573641     
   4.5499999999999998        2.4030730151503974     
   4.5600000000000005        1.7244442870027765     
   4.5700000000000003        1.0268288742950356     
   4.5800000000000001       0.36335758333296653     
   4.5899999999999999      -0.21707028670773099     
   4.6000000000000005      -0.67386997971094620     
   4.6100000000000003      -0.97806494029061186     
   4.6200000000000001       -1.1145148123459867     
   4.6299999999999999       -1.0828983869740045     
   4.6399999999999997      -0.89738364951876770     
   4.6500000000000004      -0.58503330495176553     
   4.6600000000000001      -0.18310480162788800     
   4.6699999999999999       0.26450075593274369     
   4.6799999999999997       0.71131455407780941     
   4.6900000000000004        1.1125323612879838     
   4.7000000000000002        1.4290253963273947     
   4.7100000000000000        1.6307762384415638     
   4.7199999999999998        1.6994414747819353     
   4.7300000000000004        1.6298238101526943     
   4.7400000000000002        1.4301357697520363     
   4.7500000000000000        1.1210459320844830     
   4.7599999999999998       0.73360711805048628     
   4.7700000000000005       0.30626453572918388     
   4.7800000000000002      -0.11877809189112387     
   4.7900000000000000      -0.49950181715092912     
   4.7999999999999998      -0.79796805624674150     
   4.8100000000000005      -0.98381678281643525     
   4.8200000000000003       -1.0370560600903396     
   4.8300000000000001      -0.94989739213017077     
   4.8399999999999999      -0.72747837821805517     
   4.8500000000000005      -0.38741452402313392     
   4.8600000000000003        4.1773205245289713E-002
   4.8700000000000001       0.52320872305796418     
   4.8799999999999999        1.0149566481366403     
   4.8899999999999997        1.4737664301109019     
   4.9000000000000004        1.8589296122605772     
   4.9100000000000001        2.1359070569763445     
   4.9199999999999999        2.2794053806190457     
   4.9299999999999997        2.2756324791272724     
   4.9400000000000004        2.1235361802784385     
   4.9500000000000002        1.8349210006641947     
   4.9600000000000000        1.4334375559308399     
   4.9699999999999998       0.95253851774741427     
   4.9800000000000004       0.43258536896492972     
   4.9900000000000002       -8.2636316842933377E-002
   5.0000000000000000      -0.54968509587255143     
   5.0099999999999998      -0.92918461648149608     
   5.0200000000000005       -1.1891730343994538     
   5.0300000000000002       -1.3077915040217367     
   5.0400000000000000       -1.2750824168876673     
   5.0499999999999998       -1.0937477478268933     
   5.0600000000000005      -0.77881002348305994     
   5.0700000000000003      -0.35621483499792927     
   5.0800000000000001       0.13949403766482460     
   5.0899999999999999       0.66821600117037394     
   5.1000000000000005        1.1877800443723818     
   5.1100000000000003        1.6575684625937974     
   5.1200000000000001        2.0419613420736917     
   5.1299999999999999        2.3133042139462283     
   5.1399999999999997        2.4541461824776913     
   5.1500000000000004        2.4585624428171715     
   5.1600000000000001        2.3324573540076519     
   5.1699999999999999        2.0928347286641569     
   5.1799999999999997        1.7661126919376162     
   5.1900000000000004        1.3856433611399883     
   5.2000000000000002       0.98866548165032475     
   5.2100000000000000       0.61296519852846210     
   5.2199999999999998       0.29354241781244028     
   5.2300000000000004        5.9576013766549529E-002
   5.2400000000000002       -6.8048879842341092E-002
   5.2500000000000000       -7.8441168851205223E-002
   5.2599999999999998        2.8507750530129217E-002
   5.2700000000000005       0.24230442606808755     
   5.2800000000000002       0.54297320123910275     
   5.2900000000000000       0.90300311014652124     
   5.2999999999999998        1.2899374374338288     
   5.3100000000000005        1.6693667289168421     
   5.3200000000000003        2.0080530519694104     
   5.3300000000000001        2.2769048655181150     
   5.3399999999999999        2.4535384623655743     
   5.3500000000000005        2.5242018596046667     
   5.3600000000000003        2.4848964524485502     
   5.3700000000000001        2.3416052323765904     
   5.3799999999999999        2.1096172268261428     
   5.3899999999999997        1.8120187782320389     
   5.4000000000000004        1.4774961377681453     
   5.4100000000000001        1.1376540950351377     
   5.4199999999999999       0.82409676083590000     
   5.4299999999999997       0.56553565193854083     
   5.4400000000000004       0.38518540120182954     
   5.4500000000000002       0.29867937629930441     
   5.4600000000000000       0.31268893817208643     
   5.4699999999999998       0.42436551078804596     
   5.4800000000000004       0.62164995725947403     
   5.4900000000000002       0.88441570482487886     
   5.5000000000000000        1.1863376175677325     
   5.5099999999999998        1.4973143868657539     
   5.5200000000000005        1.7862238379935906     
   5.5300000000000002        2.0237622225371368     
   5.5400000000000000        2.1851126485175905     
   5.5499999999999998        2.2522046484545863     
   5.5600000000000005        2.2153648266522570     
   5.5700000000000003        2.0742140239691569     
   5.5800000000000001        1.8377344203186161     
   5.5899999999999999        1.5235043200513192     
   5.6000000000000005        1.1561723744833916     
   5.6100000000000003       0.76531010976506053     
   5.6200000000000001       0.38283593127624616     
   5.6299999999999999        4.0240536331567989E-002
   5.6399999999999997      -0.23414025059474008     
   5.6500000000000004      -0.41756507535952192     
   5.6600000000000001      -0.49482607375326060     
   5.6699999999999999      -0.45952012964516809     
   5.6799999999999997      -0.31454549461899961     
   5.6900000000000004       -7.1786210224022762E-002
   5.7000000000000002       0.24898112279262097     
   5.7100000000000000       0.62185522166299556     
   5.7199999999999998        1.0170908701087999     
   5.7300000000000004        1.4036868326630461     
   5.7400000000000002        1.7520499221645123     
   5.7500000000000000        2.0364996241620847     
   5.7599999999999998        2.2373940629038884     
   5.7700000000000005        2.3426938137311968     
   5.7800000000000002        2.3488317929094058     
   5.7900000000000000        2.2608204566390544     
   5.7999999999999998        2.0915961175858793     
   5.8100000000000005        1.8606681883326246     
   5.8200000000000003        1.5922025331781535     
   5.8300000000000001        1.3127174351052013     
   5.8399999999999999        1.0486036593652679     
   5.8500000000000005       0.82369390333492110     
   5.8600000000000003       0.65710047685511441     
   5.8700000000000001       0.56151408380813905     
   5.8799999999999999       0.54211353528994255     
   5.8899999999999997       0.59618008257205313     
   5.9000000000000004       0.71344591988075234     
   5.9100000000000001       0.87714005666438388     
   5.9199999999999999        1.0656321386666421     
   5.9299999999999997        1.2545214771018325     
   5.9400000000000004        1.4189792304231303     
   5.9500000000000002        1.5361297997598728     
   5.9600000000000000        1.5872548977844936     
   5.9699999999999998        1.5596205521640354     
   5.9800000000000004        1.4477618996666168     
   5.9900000000000002        1.2541098305933558     
   6.0000000000000000       0.98890288833930895     
   6.0099999999999998       0.66939197154176444     
   6.0200000000000005       0.31840858645238490     
   6.0300000000000002       -3.7575968121015269E-002
   6.0400000000000000      -0.37072803834780577     
   6.0499999999999998      -0.65426368880543539     
   6.0600000000000005      -0.86478195111525968     
   6.0700000000000003      -0.98431330691466612     
   6.0800000000000001       -1.0019032118370115     
   6.0899999999999999      -0.91459206207610033     
   6.1000000000000005      -0.72770667408995382     
   6.1100000000000003      -0.45443926851944139     
   6.1200000000000001      -0.11475268432691688     
   6.1299999999999999       0.26629046674110068     
   6.1400000000000006       0.66062696057260140     
   6.1500000000000004        1.0395359787553509     
   6.1600000000000001        1.3760213011770992     
   6.1699999999999999        1.6470259334812489     
   6.1799999999999997        1.8352886038785157     
   6.1900000000000004        1.9306844140310546     
   6.2000000000000002        1.9309384326952430     
   6.2100000000000000        1.8416569666384239     
   6.2199999999999998        1.6756816112973367     
   6.2300000000000004        1.4518305971339887     
   6.2400000000000002        1.1931451529698505     
   6.2500000000000000       0.92480093956947051     
   6.2599999999999998       0.67187239904831464     
   6.2700000000000005       0.45714876959477557     
   6.2800000000000002       0.29919369909382243     
   6.2900000000000000       0.21081660483390563     
   6.2999999999999998       0.19808542213131064     
   6.3100000000000005       0.25996070760222123     
   6.3200000000000003       0.38857472655669067     
   6.3300000000000001       0.57012123236442558     
   6.3399999999999999       0.78626731719138121     
   6.3500000000000005        1.0159527996954287     
   6.3600000000000003        1.2374091533883793     
   6.3700000000000001        1.4302118679242239     
   6.3799999999999999        1.5771788832521554     
   6.3900000000000006        1.6659433365685345     
   6.4000000000000004        1.6900598019987139     
   6.4100000000000001        1.6495466091756743     
   6.4199999999999999        1.5508187286135757     
   6.4299999999999997        1.4060214019167576     
   6.4400000000000004        1.2318291541826520     
   6.4500000000000002        1.0478231726567302     
   6.4600000000000000       0.87459796029834991     
   6.4699999999999998       0.73177231976982071     
   6.4800000000000004       0.63608798516309673     
   6.4900000000000002       0.59977091834902940     
   6.5000000000000000       0.62930623059150059     
   6.5099999999999998       0.72474008911532040     
   6.5200000000000005       0.87957423487057163     
   6.5300000000000002        1.0812651756286922     
   6.5400000000000000        1.3122855358771415     
   6.5499999999999998        1.5516543237440152     
   6.5600000000000005        1.7768005363451727     
   6.5700000000000003        1.9655943276303445     
   6.5800000000000001        2.0983645730496461     
   6.5899999999999999        2.1597224235035406     
   6.6000000000000005        2.1400272479082165     
   6.6100000000000003        2.0363626951368747     
   6.6200000000000001        1.8529336538536072     
   6.6299999999999999        1.6008458147439213     
   6.6400000000000006        1.2972838202908539     
   6.6500000000000004       0.96415681707052925     
   6.6600000000000001       0.62632694386942633     
   6.6699999999999999       0.30957279176156527     
   6.6799999999999997        3.8462972974448006E-002
   6.6900000000000004      -0.16567735766166813     
   6.7000000000000002      -0.28653249751157284     
   6.7100000000000000      -0.31414371938124885     
   6.7199999999999998      -0.24572398234254833     
   6.7300000000000004       -8.5871968505323748E-002
   6.7400000000000002       0.15383022525389078     
   6.7500000000000000       0.45579811221022526     
   6.7599999999999998       0.79791719672833727     
   6.7700000000000005        1.1553775219947595     
   6.7800000000000002        1.5027108869759707     
   6.7900000000000000        1.8158550291113058     
   6.7999999999999998        2.0740682919959674     
   6.8100000000000005        2.2615329098692758     
   6.8200000000000003        2.3685136511244376     
   6.8300000000000001        2.3919785576446149     
   6.8399999999999999        2.3356362986915955     
   6.8500000000000005        2.2093959710684770     
   6.8600000000000003        2.0283054856117095     
   6.8700000000000001        1.8110695706532920     
   6.8799999999999999        1.5782839940620397     
   6.8900000000000006        1.3505458069512981     
   6.9000000000000004        1.1466083093605854     
   6.9100000000000001       0.98174337421449476     
   6.9199999999999999       0.86645341001488152     
   6.9299999999999997       0.80564252162674665     
   6.9400000000000004       0.79831434609479268     
   6.9500000000000002       0.83781640394988344     
   6.9600000000000000       0.91260188344266613     
   6.9699999999999998        1.0074339119032889     
   6.9800000000000004        1.1049186045019577     
   6.9900000000000002        1.1872248931747296     
   7.0000000000000000        1.2378337477548305     
   7.0099999999999998        1.2431581637477334     
   7.0200000000000005        1.1938881964950008     
   7.0300000000000002        1.0859411035543987     
   7.0400000000000000       0.92093291598276417     
   7.0499999999999998       0.70613118283635390     
   7.0600000000000005       0.45389529884420565     
   7.0700000000000003       0.18065655271257630     
   7.0800000000000001       -9.4469240996442050E-002
   7.0899999999999999      -0.35131152695712697     
   7.1000000000000005      -0.57037145856771043     
   7.1100000000000003      -0.73449164854789406     
   7.1200000000000001      -0.83032196372963596     
   7.1299999999999999      -0.84945327843608198     
   7.1400000000000006      -0.78912152527400470     
   7.1500000000000004      -0.65242325818354341     
   7.1600000000000001      -0.44802773596188805     
   7.1699999999999999      -0.18941529884412045     
   7.1799999999999997       0.10628645727561215     
   7.1900000000000004       0.41976220728853952     
   7.2000000000000002       0.73113243318253063     
   7.2100000000000000        1.0215960718102566     
   7.2199999999999998        1.2749472353434905     
   7.2300000000000004        1.4788338008543975     
   7.2400000000000002        1.6256502232067542     
   7.2500000000000000        1.7129909111365005     
   7.2599999999999998        1.7436307961400495     
   7.2700000000000005        1.7250426494728299     
   7.2800000000000002        1.6685023840138413     
   7.2900000000000000        1.5878702719429949     
   7.2999999999999998        1.4981644451342835     
   7.3100000000000005        1.4140607148002606     
   7.3200000000000003        1.3484581259094526     
   7.3300000000000001        1.3112423413010807     
   7.3399999999999999        1.3083596676167621     
   7.3500000000000005        1.3412851019226086     
   7.3600000000000003        1.4069309124005758     
   7.3700000000000001        1.4980013449213441     
   7.3799999999999999        1.6037577974441546     
   7.3900000000000006        1.7111209687652640     
   7.4000000000000004        1.8060054882318737     
   7.4100000000000001        1.8747611615738009     
   7.4199999999999999        1.9055851406645026     
   7.4299999999999997        1.8897719107352762     
   7.4400000000000004        1.8226827343168130     
   7.4500000000000002        1.7043417476934626     
   7.4600000000000000        1.5395999511659926     
   7.4699999999999998        1.3378477853045552     
   7.4800000000000004        1.1122982744264693     
   7.4900000000000002       0.87890211588645051     
   7.5000000000000000       0.65499004165089980     
   7.5099999999999998       0.45776321002257558     
   7.5200000000000005       0.30276699817306318     
   7.5300000000000002       0.20248602840004659     
   7.5400000000000000       0.16518832929128580     
   7.5499999999999998       0.19412507317259819     
   7.5600000000000005       0.28716124056126835     
   7.5700000000000003       0.43687459945896878     
   7.5800000000000001       0.63111892577445883     
   7.5899999999999999       0.85400611867516685     
   7.6000000000000005        1.0872244546898708     
   7.6100000000000003        1.3115800094330001     
   7.6200000000000001        1.5086279515245440     
   7.6299999999999999        1.6622517993599379     
   7.6400000000000006        1.7600526107052479     
   7.6500000000000004        1.7944261248585260     
   7.6600000000000001        1.7632326981692135     
   7.6699999999999999        1.6700001150766024     
   7.6799999999999997        1.5236399243691963     
   7.6900000000000004        1.3377002807498084     
   7.7000000000000002        1.1292186475407036     
   7.7100000000000000       0.91727259392707694     
   7.7199999999999998       0.72135324200874118     
   7.7300000000000004       0.55970138223410215     
   7.7400000000000002       0.44774953381477933     
   7.7500000000000000       0.39680400562381901     
   7.7599999999999998       0.41308013393954002     
   7.7700000000000005       0.49717317764358449     
   7.7800000000000002       0.64400953683655637     
   7.7900000000000000       0.84328134228442586     
   7.7999999999999998        1.0803256803209131     
   7.8100000000000005        1.3373714149077454     
   7.8200000000000003        1.5950450744104745     
   7.8300000000000001        1.8340053081764371     
   7.8399999999999999        2.0365648674602070     
   7.8500000000000005        2.1881608025423884     
   7.8600000000000003        2.2785473916324186     
   7.8700000000000001        2.3026109705967399     
   7.8799999999999999        2.2607391180551142     
   7.8900000000000006        2.1587156259669742     
   7.9000000000000004        2.0071539261750591     
   7.9100000000000001        1.8205215420861705     
   7.9199999999999999        1.6158432209642597     
   7.9300000000000006        1.4111976443017809     
   7.9400000000000004        1.2241396817035983     
   7.9500000000000002        1.0701856204388158     
   7.9600000000000000       0.96149226366083052     
   7.9699999999999998       0.90584289294956488     
   7.9800000000000004       0.90602547253266452     
   7.9900000000000002       0.95965361082230638     
   8.0000000000000000        1.0594417854260743     
   8.0099999999999998        1.1939066192379750     
   8.0199999999999996        1.3484290456902439     
   8.0299999999999994        1.5065812330303663     
   8.0400000000000009        1.6515998170184751     
   8.0500000000000007        1.7678752089584755     
   8.0600000000000005        1.8423264547995633     
   8.0700000000000003        1.8655422601753375     
   8.0800000000000001        1.8325903026088199     
   8.0899999999999999        1.7434268607474546     
   8.0999999999999996        1.6028744133995456     
   8.1099999999999994        1.4201730284500940     
   8.1200000000000010        1.2081487036253229     
   8.1300000000000008       0.98207506538220146     
   8.1400000000000006       0.75833109134128773     
   8.1500000000000004       0.55297454378961797     
   8.1600000000000001       0.38035716410857012     
   8.1699999999999999       0.25190290599859733     
   8.1799999999999997       0.17515508751623710     
   8.1899999999999995       0.15317375758861584     
   8.1999999999999993       0.18433303850444172     
   8.2100000000000009       0.26253255298551315     
   8.2200000000000006       0.37780044451451300     
   8.2300000000000004       0.51723118302950666     
   8.2400000000000002       0.66617231893737683     
   8.2500000000000000       0.80955312140121294     
   8.2599999999999998       0.93323641960721160     
   8.2699999999999996        1.0252739047672321     
   8.2799999999999994        1.0769546547013482     
   8.2900000000000009        1.0835557894082726     
   8.3000000000000007        1.0447311898453944     
   8.3100000000000005       0.96450666760489534     
   8.3200000000000003       0.85088495540713949     
   8.3300000000000001       0.71509829307532680     
   8.3399999999999999       0.57057718274490687     
   8.3499999999999996       0.43172839502264027     
   8.3599999999999994       0.31263141608697564     
   8.3700000000000010       0.22576888407445761     
   8.3800000000000008       0.18090269257483427     
   8.3900000000000006       0.18419376707328727     
   8.4000000000000004       0.23764133520621422     
   8.4100000000000001       0.33888884223736493     
   8.4199999999999999       0.48141109228612922     
   8.4299999999999997       0.65506362823731568     
   8.4399999999999995       0.84694376579240238     
   8.4499999999999993        1.0424858360634410     
   8.4600000000000009        1.2266933893820002     
   8.4700000000000006        1.3854000487115119     
   8.4800000000000004        1.5064492649064030     
   8.4900000000000002        1.5806914496732412     
   8.5000000000000000        1.6027140231270374     
   8.5099999999999998        1.5712442157172317     
   8.5199999999999996        1.4891937887917868     
   8.5299999999999994        1.3633465419195958     
   8.5400000000000009        1.2037207322890557     
   8.5500000000000007        1.0226665846887768     
   8.5600000000000005       0.83378147505615052     
   8.5700000000000003       0.65074020831587154     
   8.5800000000000001       0.48614385601476096     
   8.5899999999999999       0.35048743887345724     
   8.5999999999999996       0.25133472606342577     
   8.6099999999999994       0.19276875032092466     
   8.6200000000000010       0.17516114833056073     
   8.6300000000000008       0.19527446942698445     
   8.6400000000000006       0.24668177688115400     
   8.6500000000000004       0.32045986601556498     
   8.6600000000000001       0.40608872095700477     
   8.6699999999999999       0.49247249372896240     
   8.6799999999999997       0.56898778941951034     
   8.6899999999999995       0.62646413410795876     
   8.7000000000000011       0.65800916331929793     
   8.7100000000000009       0.65960650361133999     
   8.7200000000000006       0.63043604340751891     
   8.7300000000000004       0.57289226584249042     
   8.7400000000000002       0.49230414871771266     
   8.7500000000000000       0.39638728468201823     
   8.7599999999999998       0.29448288632335862     
   8.7699999999999996       0.19665707227178941     
   8.7799999999999994       0.11274563729084652     
   8.7900000000000009        5.1433390989649275E-002
   8.8000000000000007        1.9452834323287482E-002
   8.8100000000000005        2.0974905954928680E-002
   8.8200000000000003        5.7245945604251669E-002
   8.8300000000000001       0.12650164883500326     
   8.8399999999999999       0.22416280959774326     
   8.8499999999999996       0.34329146628960527     
   8.8599999999999994       0.47526208789101099     
   8.8700000000000010       0.61058284464997825     
   8.8800000000000008       0.73978857290872790     
   8.8900000000000006       0.85432096164123972     
   8.9000000000000004       0.94731327450737568     
   8.9100000000000001        1.0142063674895321     
   8.9199999999999999        1.0531389590926514     
   8.9299999999999997        1.0650765333514665     
   8.9399999999999995        1.0536679079328133     
   8.9500000000000011        1.0248440938387737     
   8.9600000000000009       0.98619824372665410     
   8.9700000000000006       0.94620600385199716     
   8.9800000000000004       0.91336056152763434     
   8.9900000000000002       0.89530473912579667     
   9.0000000000000000       0.89804288700890100     
   9.0099999999999998       0.92530803451993004     
   9.0199999999999996       0.97814543911973806     
   9.0299999999999994        1.0547536417648429     
   9.0400000000000009        1.1506002284092114     
   9.0500000000000007        1.2588039061449954     
   9.0600000000000005        1.3707495775347458     
   9.0700000000000003        1.4768811302771476     
   9.0800000000000001        1.5675996775615473     
   9.0899999999999999        1.6341845627552898     
   9.0999999999999996        1.6696515615449308     
   9.1099999999999994        1.6694676721144055     
   9.1200000000000010        1.6320542638014441     
   9.1300000000000008        1.5590290652942076     
   9.1400000000000006        1.4551608446117872     
   9.1500000000000004        1.3280365659490387     
   9.1600000000000001        1.1874669640824489     
   9.1699999999999999        1.0446804872311910     
   9.1799999999999997       0.91137524013501803     
   9.1899999999999995       0.79871210838472062     
   9.2000000000000011       0.71633840546467820     
   9.2100000000000009       0.67152955795002722     
   9.2200000000000006       0.66852664954000118     
   9.2300000000000004       0.70813090562449887     
   9.2400000000000002       0.78759387636418121     
   9.2500000000000000       0.90081613339944122     
   9.2599999999999998        1.0388400305589685     
   9.2699999999999996        1.1905959168313383     
   9.2799999999999994        1.3438384660229339     
   9.2900000000000009        1.4861925400191081     
   9.3000000000000007        1.6062177894841283     
   9.3100000000000005        1.6943989552584462     
   9.3200000000000003        1.7439747987307617     
   9.3300000000000001        1.7515322657709129     
   9.3399999999999999        1.7173126969756436     
   9.3499999999999996        1.6452018756487319     
   9.3599999999999994        1.5424032658774243     
   9.3700000000000010        1.4188215142523632     
   9.3800000000000008        1.2862087284751609     
   9.3900000000000006        1.1571469588489722     
   9.4000000000000004        1.0439548441167656     
   9.4100000000000001       0.95761325005639530     
   9.4199999999999999       0.90680331013091930     
   9.4299999999999997       0.89714068360454180     
   9.4399999999999995       0.93067290863629692     
   9.4500000000000011        1.0056839233513961     
   9.4600000000000009        1.1168231507784552     
   9.4700000000000006        1.2555483289197706     
   9.4800000000000004        1.4108439856050925     
   9.4900000000000002        1.5701534976273805     
   9.5000000000000000        1.7204441312485774     
   9.5099999999999998        1.8493129563419761     
   9.5199999999999996        1.9460380605442107     
   9.5299999999999994        2.0024843581934642     
   9.5400000000000009        2.0137860557440517     
   9.5500000000000007        1.9787473730778142     
   9.5600000000000005        1.8999277091747526     
   9.5700000000000003        1.7834049216662593     
   9.5800000000000001        1.6382383543009880     
   9.5899999999999999        1.4756792484578967     
   9.5999999999999996        1.3081979463826461     
   9.6099999999999994        1.1484129430814514     
   9.6200000000000010        1.0080150207571030     
   9.6300000000000008       0.89677971313342641     
   9.6400000000000006       0.82175322354314884     
   9.6500000000000004       0.78668140013874488     
   9.6600000000000001       0.79172984006706559     
   9.6699999999999999       0.83351756031968116     
   9.6799999999999997       0.90545919755543136     
   9.6899999999999995       0.99838379682446687     
   9.7000000000000011        1.1013742744112449     
   9.7100000000000009        1.2027526810765403     
   9.7200000000000006        1.2911240878641372     
   9.7300000000000004        1.3563873149339081     
   9.7400000000000002        1.3906241909349641     
   9.7500000000000000        1.3887902218864385     
   9.7599999999999998        1.3491474426056351     
   9.7699999999999996        1.2734032140171141     
   9.7799999999999994        1.1665447691433790     
   9.7900000000000009        1.0363860937356002     
   9.8000000000000007       0.89286889467760555     
   9.8100000000000005       0.74718075479431545     
   9.8200000000000003       0.61076923850549492     
   9.8300000000000001       0.49433935075537871     
   9.8399999999999999       0.40692264007656387     
   9.8499999999999996       0.35509934086160833     
   9.8599999999999994       0.34244092214006361     
   9.8700000000000010       0.36922052861442689     
   9.8800000000000008       0.43241485271733326     
   9.8900000000000006       0.52599510199351851     
   9.9000000000000004       0.64147922119748069     
   9.9100000000000001       0.76869464536085919     
   9.9199999999999999       0.89668260724071513     
   9.9299999999999997        1.0146629883298117     
   9.9399999999999995        1.1129739166338037     
   9.9500000000000011        1.1839031592105211     
   9.9600000000000009        1.2223385376727962     
   9.9700000000000006        1.2261811666721609     
   9.9800000000000004        1.1964867732502691     
   9.9900000000000002        1.1373247676527369     
   10.000000000000000        1.0553699200735345     
   10.010000000000000       0.95926521152744826     
   10.020000000000000       0.85881457076378265     
   10.029999999999999       0.76407901009809298     
   10.040000000000001       0.68445784151804245     
   10.050000000000001       0.62783749607070283     
   10.060000000000000       0.59988394450016047     
   10.070000000000000       0.60354144076491900     
   10.080000000000000       0.63878149567575182     
   10.090000000000000       0.70262333635633445     
   10.100000000000000       0.78942265398942679     
   10.109999999999999       0.89140137517792728     
   10.120000000000001       0.99936965634518315     
   10.130000000000001        1.1035742078182964     
   10.140000000000001        1.1945959141597329     
   10.150000000000000        1.2642155043387748     
   10.160000000000000        1.3061690939630535     
   10.170000000000000        1.3167254770801122     
   10.180000000000000        1.2950331709882190     
   10.190000000000000        1.2432059602982406     
   10.200000000000001        1.1661391855199121     
   10.210000000000001        1.0710731757262701     
   10.220000000000001       0.96694288045803267     
   10.230000000000000       0.86357189759427622     
   10.240000000000000       0.77078302326624848     
   10.250000000000000       0.69750493601006869     
   10.260000000000000       0.65095501446085213     
   10.270000000000000       0.63597155217831403     
   10.279999999999999       0.65455538336042873     
   10.290000000000001       0.70566235488853746     
   10.300000000000001       0.78526582938944112     
   10.310000000000000       0.88668445926837114     
   10.320000000000000        1.0011469577645844     
   10.330000000000000        1.1185445925243909     
   10.340000000000000        1.2283054958929216     
   10.350000000000000        1.3203140896194616     
   10.359999999999999        1.3857949063540014     
   10.370000000000001        1.4180832009745499     
   10.380000000000001        1.4132146956298919     
   10.390000000000001        1.3702827038658130     
   10.400000000000000        1.2915313182207948     
   10.410000000000000        1.1821765117831080     
   10.420000000000000        1.0499708505984906     
   10.430000000000000       0.90454993873938150     
   10.440000000000000       0.75661775025835953     
   10.450000000000001       0.61704197542373351     
   10.460000000000001       0.49593820631720997     
   10.470000000000001       0.40182254918960647     
   10.480000000000000       0.34090603090144256     
   10.490000000000000       0.31659153231079207     
   10.500000000000000       0.32921606353528166     
   10.510000000000000       0.37605958684081775     
   10.520000000000000       0.45161820412994336     
   10.529999999999999       0.54811641903767538     
   10.540000000000001       0.65621238752388034     
   10.550000000000001       0.76583340357992269     
   10.560000000000000       0.86706777586758244     
   10.570000000000000       0.95103468796719870     
   10.580000000000000        1.0106559724036386     
   10.590000000000000        1.0412627310313289     
   10.600000000000000        1.0409845806161566     
   10.609999999999999        1.0108886609925967     
   10.620000000000001       0.95485769140183674     
   10.630000000000001       0.87921933847360312     
   10.640000000000001       0.79216094292905725     
   10.650000000000000       0.70298233238934271     
   10.660000000000000       0.62125339801415946     
   10.670000000000000       0.55595113075592284     
   10.680000000000000       0.51465222466672211     
   10.690000000000000       0.50285207075036342     
   10.700000000000001       0.52346948595114928     
   10.710000000000001       0.57657989132563858     
   10.720000000000001       0.65939936244928254     
   10.730000000000000       0.76651982892355608     
   10.740000000000000       0.89037365697747850     
   10.750000000000000        1.0218858478291528     
   10.760000000000000        1.1512558718908983     
   10.770000000000000        1.2688001382060312     
   10.779999999999999        1.3657812070244688     
   10.790000000000001        1.4351514826793135     
   10.800000000000001        1.4721470883151591     
   10.810000000000000        1.4746811806608884     
   10.820000000000000        1.4435038807165621     
   10.830000000000000        1.3821166671323273     
   10.840000000000000        1.2964506631305537     
   10.850000000000000        1.1943388367943988     
   10.859999999999999        1.0848299210361112     
   10.870000000000001       0.97740529622243288     
   10.880000000000001       0.88116801314232251     
   10.890000000000001       0.80407490919159497     
   10.900000000000000       0.75227827827922755     
   10.910000000000000       0.72963324242149641     
   10.920000000000000       0.73741179977102167     
   10.930000000000000       0.77424587300568060     
   10.940000000000000       0.83630123474532259     
   10.950000000000001       0.91766377101380547     
   10.960000000000001        1.0109009713522370     
   10.970000000000001        1.1077464393786378     
   10.980000000000000        1.1998449133919296     
   10.990000000000000        1.2794906500352508     
   11.000000000000000        1.3402934208843940     
   11.010000000000000        1.3777136275258701     
   11.020000000000000        1.3894204592806312     
   11.029999999999999        1.3754434472975805     
   11.040000000000001        1.3381067070005324     
   11.050000000000001        1.2817548914658929     
   11.060000000000000        1.2122986253660715     
   11.070000000000000        1.1366232763037756     
   11.080000000000000        1.0619169201909533     
   11.090000000000000       0.99498021741654252     
   11.100000000000000       0.94158205178020338     
   11.109999999999999       0.90592012658910914     
   11.120000000000001       0.89023571459955897     
   11.130000000000001       0.89461735081221172     
   11.140000000000001       0.91701076160248329     
   11.150000000000000       0.95343333400890706     
   11.160000000000000       0.99837266652220180     
   11.170000000000000        1.0453319014331770     
   11.180000000000000        1.0874711336299350     
   11.190000000000000        1.1182854223172354     
   11.200000000000001        1.1322565802329212     
   11.210000000000001        1.1254182699341242     
   11.220000000000001        1.0957817750945942     
   11.230000000000000        1.0435824206097939     
   11.240000000000000       0.97132284594265494     
   11.250000000000000       0.88360772553621036     
   11.260000000000000       0.78678342105647192     
   11.270000000000000       0.68841374316814419     
   11.279999999999999       0.59663790586951804     
   11.290000000000001       0.51946753645648136     
   11.300000000000001       0.46408529244381613     
   11.310000000000000       0.43620772361914817     
   11.320000000000000       0.43956949489265140     
   11.330000000000000       0.47557544730757029     
   11.340000000000000       0.54315217075128763     
   11.350000000000000       0.63881311395654827     
   11.359999999999999       0.75693233943319682     
   11.370000000000001       0.89020352913470879     
   11.380000000000001        1.0302444086077618     
   11.390000000000001        1.1682938456041998     
   11.400000000000000        1.2959406410379539     
   11.410000000000000        1.4058201963718329     
   11.420000000000000        1.4922180614708340     
   11.430000000000000        1.5515275875220012     
   11.440000000000000        1.5825217982649904     
   11.450000000000001        1.5864160034650099     
   11.460000000000001        1.5667161541353627     
   11.470000000000001        1.5288668410872130     
   11.480000000000000        1.4797304930098583     
   11.490000000000000        1.4269441765172948     
   11.500000000000000        1.3782111286982104     
   11.510000000000000        1.3405898197634141     
   11.520000000000000        1.3198434561633403     
   11.529999999999999        1.3199073922681548     
   11.540000000000001        1.3425214120828468     
   11.550000000000001        1.3870592092064786     
   11.560000000000000        1.4505699339997444     
   11.570000000000000        1.5280279393741671     
   11.580000000000000        1.6127684979043551     
   11.590000000000000        1.6970709028346325     
   11.600000000000000        1.7728374431667309     
   11.609999999999999        1.8323083901638306     
   11.620000000000001        1.8687500744514693     
   11.630000000000001        1.8770556250085071     
   11.640000000000001        1.8542057484462866     
   11.650000000000000        1.7995493452129816     
   11.660000000000000        1.7148796799033881     
   11.670000000000000        1.6042998311853058     
   11.680000000000000        1.4738896487162405     
   11.690000000000000        1.3312038073200170     
   11.700000000000001        1.1846452462415227     
   11.710000000000001        1.0427690277543562     
   11.720000000000001       0.91357751241782048     
   11.730000000000000       0.80386823003889407     
   11.740000000000000       0.71869090498208732     
   11.750000000000000       0.66096022797325715     
   11.760000000000000       0.63125704492254742     
   11.770000000000000       0.62783390197202005     
   11.779999999999999       0.64682283337900759     
   11.790000000000001       0.68262550386711229     
   11.800000000000001       0.72844988728691173     
   11.810000000000000       0.77694497662265194     
   11.820000000000000       0.82087668168361683     
   11.830000000000000       0.85378479617666592     
   11.840000000000000       0.87056297036183694     
   11.850000000000000       0.86791080184397829     
   11.859999999999999       0.84461879591849176     
   11.870000000000001       0.80166199718620834     
   11.880000000000001       0.74209520775875615     
   11.890000000000001       0.67076035972175618     
   11.900000000000000       0.59383323532685739     
   11.910000000000000       0.51825086037406187     
   11.920000000000000       0.45107129465778695     
   11.930000000000000       0.39882330469211025     
   11.940000000000000       0.36690403951250394     
   11.950000000000001       0.35907830773830607     
   11.960000000000001       0.37712379794193907     
   11.970000000000001       0.42065343683998435     
   11.980000000000000       0.48713022403840855     
   11.990000000000000       0.57207273582049822     
   12.000000000000000       0.66943257954928215     
   12.010000000000000       0.77210990273709057     
   12.020000000000000       0.87256095443253823     
   12.030000000000001       0.96344372079610463     
   12.040000000000001        1.0382445001893972     
   12.050000000000001        1.0918302041156647     
   12.060000000000000        1.1208779759470298     
   12.070000000000000        1.1241447844227535     
   12.080000000000000        1.1025539734187109     
   12.090000000000000        1.0590920489831099     
   12.100000000000000       0.99852580526649104     
   12.109999999999999       0.92696573921414926     
   12.120000000000001       0.85131517913903010     
   12.130000000000001       0.77865447067673133     
   12.140000000000001       0.71561506200904823     
   12.150000000000000       0.66779894135893181     
   12.160000000000000       0.63929457187073069     
   12.170000000000000       0.63233164675627562     
   12.180000000000000       0.64710445421872231     
   12.190000000000000       0.68177852588141719     
   12.200000000000001       0.73267889689246468     
   12.210000000000001       0.79464218611346515     
   12.220000000000001       0.86150023973597811     
   12.230000000000000       0.92665154689244167     
   12.240000000000000       0.98366904115558762     
   12.250000000000000        1.0268899029032430     
   12.260000000000000        1.0519348193036979     
   12.270000000000000        1.0561106555161990     
   12.280000000000001        1.0386610448524354     
   12.290000000000001        1.0008430621660109     
   12.300000000000001       0.94582367789070376     
   12.310000000000000       0.87840571342132445     
   12.320000000000000       0.80460810841424446     
   12.330000000000000       0.73113813308396591     
   12.340000000000000       0.66480260715243966     
   12.350000000000000       0.61191040170739042     
   12.359999999999999       0.57771905855802186     
   12.370000000000001       0.56597423669053470     
   12.380000000000001       0.57858227569045306     
   12.390000000000001       0.61544421919609316     
   12.400000000000000       0.67446524436410105     
   12.410000000000000       0.75173788473114544     
   12.420000000000000       0.84188209901182864     
   12.430000000000000       0.93851148555032882     
   12.440000000000000        1.0347839821262232     
   12.450000000000001        1.1239881801033380     
   12.460000000000001        1.2001135390612880     
   12.470000000000001        1.2583545404565020     
   12.480000000000000        1.2955049845928028     
   12.490000000000000        1.3102086412946954     
   12.500000000000000        1.3030454002181546     
   12.510000000000000        1.2764467655455192     
   12.520000000000000        1.2344496856184939     
   12.530000000000001        1.1823119524020012     
   12.540000000000001        1.1260244880637489     
   12.550000000000001        1.0717646956601574     
   12.560000000000000        1.0253399203168012     
   12.570000000000000       0.99167053867207244     
   12.580000000000000       0.97435825430860412     
   12.590000000000000       0.97537720537813111     
   12.600000000000000       0.99491422492829640     
   12.609999999999999        1.0313710614985769     
   12.620000000000001        1.0815267907293482     
   12.630000000000001        1.1408443375133261     
   12.640000000000001        1.2038922608057532     
   12.650000000000000        1.2648428624057000     
   12.660000000000000        1.3180011537157903     
   12.670000000000000        1.3583168135614048     
   12.680000000000000        1.3818331857233677     
   12.690000000000000        1.3860333990716511     
   12.700000000000001        1.3700532798741563     
   12.710000000000001        1.3347429828774038     
   12.720000000000001        1.2825730776092250     
   12.730000000000000        1.2173949374032187     
   12.740000000000000        1.1440784179881076     
   12.750000000000000        1.0680608002691176     
   12.760000000000000       0.99484882688796072     
   12.770000000000000       0.92951968896561943     
   12.780000000000001       0.87626667009803361     
   12.790000000000001       0.83803085861710991     
   12.800000000000001       0.81625229917584807     
   12.810000000000000       0.81076290987090327     
   12.820000000000000       0.81983044900104884     
   12.830000000000000       0.84034896117987390     
   12.840000000000000       0.86815772123750790     
   12.850000000000000       0.89845893887099226     
   12.859999999999999       0.92629544848139800     
   12.870000000000001       0.94704410157689267     
   12.880000000000001       0.95687909865167087     
   12.890000000000001       0.95316217536681613     
   12.900000000000000       0.93472315132220674     
   12.910000000000000       0.90200426356123198     
   12.920000000000000       0.85705404755623082     
   12.930000000000000       0.80337018418021977     
   12.940000000000000       0.74560447242275374     
   12.950000000000001       0.68915567700395053     
   12.960000000000001       0.63968630344434962     
   12.970000000000001       0.60260644117936313     
   12.980000000000000       0.58257104647722768     
   12.990000000000000       0.58303611491673069     
   13.000000000000000       0.60591419327787399     
   13.010000000000000       0.65136104291942298     
   13.020000000000000       0.71771375644329782     
   13.030000000000001       0.80158726902985322     
   13.040000000000001       0.89812218328624605     
   13.050000000000001        1.0013633895417442     
   13.060000000000000        1.1047373084663423     
   13.070000000000000        1.2015867478916620     
   13.080000000000000        1.2857171385483936     
   13.090000000000000        1.3519067614763991     
   13.100000000000000        1.3963366086368156     
   13.109999999999999        1.4169024622527839     
   13.120000000000001        1.4133820248761968     
   13.130000000000001        1.3874425757804905     
   13.140000000000001        1.3424885526540702     
   13.150000000000000        1.2833624306687426     
   13.160000000000000        1.2159250602887413     
   13.170000000000000        1.1465521030293246     
   13.180000000000000        1.0815904488570343     
   13.190000000000000        1.0268218752885661     
   13.200000000000001       0.98698042472986269     
   13.210000000000001       0.96536510975785395     
   13.220000000000001       0.96358104338118233     
   13.230000000000000       0.98143069188932641     
   13.240000000000000        1.0169636745379347     
   13.250000000000000        1.0666795634313329     
   13.260000000000000        1.1258647040391152     
   13.270000000000000        1.1890323668617333     
   13.280000000000001        1.2504265835962549     
   13.290000000000001        1.3045446003756087     
   13.300000000000001        1.3466314649284956     
   13.310000000000000        1.3731029667632308     
   13.320000000000000        1.3818597177741991     
   13.330000000000000        1.3724650013914512     
   13.340000000000000        1.3461712497037213     
   13.350000000000000        1.3057935386755752     
   13.359999999999999        1.2554421182992446     
   13.370000000000001        1.2001385087012961     
   13.380000000000001        1.1453499882043250     
   13.390000000000001        1.0964844682006227     
   13.400000000000000        1.0583911651179816     
   13.410000000000000        1.0349118489384705     
   13.420000000000000        1.0285228374628523     
   13.430000000000000        1.0400997353469925     
   13.440000000000000        1.0688259210799775     
   13.450000000000001        1.1122529464983262     
   13.460000000000001        1.1665074760854035     
   13.470000000000001        1.2266263602914289     
   13.480000000000000        1.2869900638532406     
   13.490000000000000        1.3418159620488992     
   13.500000000000000        1.3856677416782466     
   13.510000000000000        1.4139357598935614     
   13.520000000000000        1.4232458371851811     
   13.530000000000001        1.4117603497437918     
   13.540000000000001        1.3793450667248264     
   13.550000000000001        1.3275870937495664     
   13.560000000000000        1.2596624744272549     
   13.570000000000000        1.1800652954089268     
   13.580000000000000        1.0942223596878169     
   13.590000000000000        1.0080275576529896     
   13.600000000000000       0.92733708922272062     
   13.609999999999999       0.85747005804099763     
   13.620000000000001       0.80275838020994494     
   13.630000000000001       0.76618548540156439     
   13.640000000000001       0.74914534136541699     
   13.650000000000000       0.75134261500364286     
   13.660000000000000       0.77084224903619403     
   13.670000000000000       0.80426349598122859     
   13.680000000000000       0.84710068341302835     
   13.690000000000000       0.89414181454920194     
   13.700000000000001       0.93994752041461649     
   13.710000000000001       0.97934762763788075     
   13.720000000000001        1.0079111460955537     
   13.730000000000000        1.0223479334820973     
   13.740000000000000        1.0208064337003149     
   13.750000000000000        1.0030411617341892     
   13.760000000000000       0.97043519273603385     
   13.770000000000000       0.92587577890915851     
   13.780000000000001       0.87349422542386901     
   13.790000000000001       0.81829315754152243     
   13.800000000000001       0.76569424869040315     
   13.810000000000000       0.72104648167259766     
   13.820000000000000       0.68913847198384115     
   13.830000000000000       0.67375799722932928     
   13.840000000000000       0.67733769312567560     
   13.850000000000000       0.70071827247325325     
   13.859999999999999       0.74305027680036306     
   13.870000000000001       0.80184319853811348     
   13.880000000000001       0.87315788969852015     
   13.890000000000001       0.95192563862590929     
   13.900000000000000        1.0323662489701597     
   13.910000000000000        1.1084688593721035     
   13.920000000000000        1.1744938440775714     
   13.930000000000000        1.2254523955100223     
   13.940000000000000        1.2575224480472327     
   13.950000000000001        1.2683652619989514     
   13.960000000000001        1.2573157367478835     
   13.970000000000001        1.2254305818516218     
   13.980000000000000        1.1753908651860374     
   13.990000000000000        1.1112680866018529     
   14.000000000000000        1.0381746874024806     
   14.010000000000000       0.96182977573051109     
   14.020000000000000       0.88807797304785141     
   14.030000000000001       0.82240306068368885     
   14.040000000000001       0.76947821928387861     
   14.050000000000001       0.73279112276083813     
   14.060000000000000       0.71437530707727182     
   14.070000000000000       0.71466970671370744     
   14.080000000000000       0.73251689376709894     
   14.090000000000000       0.76529837715467275     
   14.100000000000000       0.80919339811218882     
   14.109999999999999       0.85953703838968365     
   14.120000000000001       0.91124506208318445     
   14.130000000000001       0.95926746055566159     
   14.140000000000001       0.99903061673524229     
   14.150000000000000        1.0268295009375603     
   14.160000000000000        1.0401361911518598     
   14.170000000000000        1.0377988143425918     
   14.180000000000000        1.0201150146866880     
   14.190000000000000       0.98877536317866821     
   14.200000000000001       0.94668371628956538     
   14.210000000000001       0.89767237796908284     
   14.220000000000001       0.84613906254828852     
   14.230000000000000       0.79663929849944304     
   14.240000000000000       0.75347148591440316     
   14.250000000000000       0.72029203317511348     
   14.260000000000000       0.69979486153739112     
   14.270000000000000       0.69348338975571555     
   14.280000000000001       0.70155447286929529     
   14.290000000000001       0.72290346371423930     
   14.300000000000001       0.75524852959813682     
   14.310000000000000       0.79536158532623835     
   14.320000000000000       0.83938366200661951     
   14.330000000000000       0.88319506652838453     
   14.340000000000000       0.92280595511014274     
   14.350000000000000       0.95473135227694794     
   14.359999999999999       0.97631631622318904     
   14.370000000000001       0.98598171147530711     
   14.380000000000001       0.98336845240484916     
   14.390000000000001       0.96936744407903774     
   14.400000000000000       0.94603291556436253     
   14.410000000000000       0.91638746583068642     
   14.420000000000000       0.88413696548427279     
   14.430000000000000       0.85332159726743062     
   14.440000000000000       0.82793504877275470     
   14.450000000000001       0.81154668624988902     
   14.460000000000001       0.80696119712778758     
   14.470000000000001       0.81594673406247242     
   14.480000000000000       0.83905634765009562     
   14.490000000000000       0.87555903052424000     
   14.500000000000000       0.92348678149758856     
   14.510000000000000       0.97979363103068640     
   14.520000000000000        1.0406124912216999     
   14.530000000000001        1.1015869088934231     
   14.540000000000001        1.1582480940416946     
   14.550000000000001        1.2064035634877248     
   14.560000000000000        1.2425027347139390     
   14.570000000000000        1.2639469085333466     
   14.580000000000000        1.2693160934832250     
   14.590000000000000        1.2584925915276257     
   14.600000000000000        1.2326705075351354     
   14.609999999999999        1.1942505310372460     
   14.620000000000001        1.1466295533767521     
   14.630000000000001        1.0939040125846660     
   14.640000000000001        1.0405134707455290     
   14.650000000000000       0.99085614946833789     
   14.660000000000000       0.94891052013459609     
   14.670000000000000       0.91789636538648267     
   14.680000000000000       0.90000506924615631     
   14.690000000000000       0.89622259410551841     
   14.700000000000001       0.90626023741535866     
   14.710000000000001       0.92859858584993060     
   14.720000000000001       0.96063997096210108     
   14.730000000000000       0.99895508469757832     
   14.740000000000000        1.0396010969210434     
   14.750000000000000        1.0784823691229162     
   14.760000000000000        1.1117212292399359     
   14.770000000000000        1.1360055756193559     
   14.780000000000001        1.1488823629841032     
   14.790000000000001        1.1489710715670813     
   14.800000000000001        1.1360786070283462     
   14.810000000000000        1.1112060535412907     
   14.820000000000000        1.0764474921013085     
   14.830000000000000        1.0347908171460642     
   14.840000000000000       0.98983926292924995     
   14.850000000000000       0.94547940066498348     
   14.859999999999999       0.90552606044839401     
   14.870000000000001       0.87337655474917719     
   14.880000000000001       0.85170556996645352     
   14.890000000000001       0.84222825081986163     
   14.900000000000000       0.84555268560682739     
   14.910000000000000       0.86113478686455003     
   14.920000000000000       0.88733919930868466     
   14.930000000000000       0.92160020423843114     
   14.940000000000000       0.96066750098016551     
   14.950000000000001        1.0009140516625796     
   14.960000000000001        1.0386775684254610     
   14.970000000000001        1.0706042051901508     
   14.980000000000000        1.0939628579389384     
   14.990000000000000        1.1069011883235387     
   15.000000000000000        1.1086198167959080     
   15.010000000000000        1.0994485987190710     
   15.020000000000000        1.0808178233464172     
   15.030000000000001        1.0551267534580020     
   15.040000000000001        1.0255212869608779     
   15.050000000000001       0.99560082485316792     
   15.060000000000000       0.96908092246407240     
   15.070000000000000       0.94944239593764068     
   15.080000000000000       0.93959888259311108     
   15.090000000000000       0.94161329029793339     
   15.100000000000000       0.95648925556210895     
   15.109999999999999       0.98405704842825004     
   15.120000000000001        1.0229649129111171     
   15.130000000000001        1.0707773722822844     
   15.140000000000001        1.1241724075043924     
   15.150000000000000        1.1792204981168162     
   15.160000000000000        1.2317210989162792     
   15.170000000000000        1.2775668796528523     
   15.180000000000000        1.3131034514839344     
   15.190000000000000        1.3354525795948700     
   15.200000000000001        1.3427700152230200     
   15.210000000000001        1.3344147957311330     
   15.220000000000001        1.3110146509221354     
   15.230000000000000        1.2744213245392120     
   15.240000000000000        1.2275593553615349     
   15.250000000000000        1.1741812953864739     
   15.260000000000000        1.1185506330056829     
   15.270000000000000        1.0650800983874862     
   15.280000000000001        1.0179569857158630     
   15.290000000000001       0.98078828032301069     
   15.300000000000001       0.95629662578844377     
   15.310000000000000       0.94609366337320622     
   15.320000000000000       0.95055042512627430     
   15.330000000000000       0.96877587294181811     
   15.340000000000000       0.99870511341189960     
   15.350000000000000        1.0372891332662855     
   15.359999999999999        1.0807689534864451     
   15.370000000000001        1.1250096862944177     
   15.380000000000001        1.1658647553622634     
   15.390000000000001        1.1995379673101492     
   15.400000000000000        1.2229114267593346     
   15.410000000000000        1.2338104363707545     
   15.420000000000000        1.2311822325205999     
   15.430000000000000        1.2151731639239907     
   15.440000000000000        1.1870980301816547     
   15.450000000000001        1.1493049457330899     
   15.460000000000001        1.1049484208524158     
   15.470000000000001        1.0576915236916284     
   15.480000000000000        1.0113642783889769     
   15.490000000000000       0.96960930495232855     
   15.500000000000000       0.93554677631364613     
   15.510000000000000       0.91148896438059979     
   15.520000000000000       0.89873013427853443     
   15.530000000000001       0.89743073003940332     
   15.540000000000001       0.90660628671598786     
   15.550000000000001       0.92422206479995928     
   15.560000000000000       0.94738487699459784     
   15.570000000000000       0.97261481619307311     
   15.580000000000000       0.99617237968260519     
   15.590000000000000        1.0144114625446927     
   15.600000000000000        1.0241263116880410     
   15.610000000000001        1.0228610041348956     
   15.620000000000001        1.0091532978634705     
   15.630000000000001       0.98269050885351761     
   15.640000000000001       0.94436287762772120     
   15.650000000000000       0.89620900770205769     
   15.660000000000000       0.84125757557142489     
   15.670000000000000       0.78327877145147251     
   15.680000000000000       0.72646700806546727     
   15.690000000000000       0.67508261243312595     
   15.700000000000001       0.63308394290601433     
   15.710000000000001       0.60378231831071072     
   15.720000000000001       0.58955022279160119     
   15.730000000000000       0.59160862812958337     
   15.740000000000000       0.60991236361396006     
   15.750000000000000       0.64314387357024172     
   15.760000000000000       0.68881619451882381     
   15.770000000000000       0.74347639876443816     
   15.780000000000001       0.80299193642701561     
   15.790000000000001       0.86289504213969326     
   15.800000000000001       0.91875529671137757     
   15.810000000000000       0.96654799441797645     
   15.820000000000000        1.0029863759367061     
   15.830000000000000        1.0257890056560304     
   15.840000000000000        1.0338593121054445     
   15.850000000000000        1.0273620608904854     
   15.860000000000001        1.0076906031045949     
   15.870000000000001       0.97732833520160856     
   15.880000000000001       0.93961707076614764     
   15.890000000000001       0.89845314323759495     
   15.900000000000000       0.85793831719864377     
   15.910000000000000       0.82201643621267995     
   15.920000000000000       0.79412784359770827     
   15.930000000000000       0.77691188864434046     
   15.940000000000000       0.77198343522805002     
   15.950000000000001       0.77980261936650108     
   15.960000000000001       0.79964875426601101     
   15.970000000000001       0.82970000018731205     
   15.980000000000000       0.86721102713945952     
   15.990000000000000       0.90877223351955305     
   16.000000000000000       0.95062690945062878     
   16.010000000000002       0.98901768159146619     
   16.020000000000000        1.0205310885169372     
   16.030000000000001        1.0424094255869141     
   16.039999999999999        1.0528020316588600     
   16.050000000000001        1.0509336896901893     
   16.059999999999999        1.0371752835877412     
   16.070000000000000        1.0130106251976845     
   16.080000000000002       0.98090265479965000     
   16.090000000000000       0.94407119849032728     
   16.100000000000001       0.90620233854208732     
   16.109999999999999       0.87111552062772013     
   16.120000000000001       0.84241824916380614     
   16.129999999999999       0.82317928265837614     
   16.140000000000001       0.81564954629448028     
   16.149999999999999       0.82105568561656961     
   16.160000000000000       0.83948468031425560     
   16.170000000000002       0.86986980368823108     
   16.180000000000000       0.91007917793679460     
   16.190000000000001       0.95709904310635108     
   16.199999999999999        1.0072954405762167     
   16.210000000000001        1.0567310572792963     
   16.219999999999999        1.1015091000570110     
   16.230000000000000        1.1381137003435555     
   16.240000000000002        1.1637166938639858     
   16.250000000000000        1.1764236428292691     
   16.260000000000002        1.1754373959670850     
   16.270000000000000        1.1611248282826048     
   16.280000000000001        1.1349810118462220     
   16.289999999999999        1.0994941743925881     
   16.300000000000001        1.0579235947279908     
   16.309999999999999        1.0140102828701010     
   16.320000000000000       0.97164621702404486     
   16.330000000000002       0.93453153632030639     
   16.340000000000000       0.90585010001964450     
   16.350000000000001       0.88799213565371304     
   16.359999999999999       0.88234846513235821     
   16.370000000000001       0.88919439957379787     
   16.379999999999999       0.90767340221100423     
   16.390000000000001       0.93588174611118213     
   16.399999999999999       0.97104642828427834     
   16.410000000000000        1.0097803393371310     
   16.420000000000002        1.0483918594854793     
   16.430000000000000        1.0832212601109894     
   16.440000000000001        1.1109739559251739     
   16.449999999999999        1.1290209781617353     
   16.460000000000001        1.1356399898424547     
   16.469999999999999        1.1301754731647951     
   16.480000000000000        1.1131039111189618     
   16.490000000000002        1.0859982193993385     
   16.500000000000000        1.0513946107942664     
   16.510000000000002        1.0125737009250595     
   16.520000000000000       0.97327522829391688     
   16.530000000000001       0.93737159593268216     
   16.539999999999999       0.90852903428075138     
   16.550000000000001       0.88988622293474584     
   16.559999999999999       0.88377860737657488     
   16.570000000000000       0.89153255450217850     
   16.580000000000002       0.91334727676595828     
   16.590000000000000       0.94827467494508033     
   16.600000000000001       0.99429859692626399     
   16.609999999999999        1.0485062528063349     
   16.620000000000001        1.1073364401878985     
   16.629999999999999        1.1668825312378186     
   16.640000000000001        1.2232234433620333     
   16.649999999999999        1.2727534700351861     
   16.660000000000000        1.3124820865346447     
   16.670000000000002        1.3402776365042779     
   16.680000000000000        1.3550338926181937     
   16.690000000000001        1.3567454085834698     
   16.699999999999999        1.3464857194662698     
   16.710000000000001        1.3262910763140696     
   16.719999999999999        1.2989607518966750     
   16.730000000000000        1.2677922871480578     
   16.740000000000002        1.2362757156403241     
   16.750000000000000        1.2077743094416586     
   16.760000000000002        1.1852204311127703     
   16.770000000000000        1.1708535705804439     
   16.780000000000001        1.1660237361456032     
   16.789999999999999        1.1710774130671036     
   16.800000000000001        1.1853358388975992     
   16.809999999999999        1.2071670422435066     
   16.820000000000000        1.2341446933735989     
   16.830000000000002        1.2632790696137650     
   16.840000000000000        1.2912990336311774     
   16.850000000000001        1.3149594247849579     
   16.859999999999999        1.3313460673067157     
   16.870000000000001        1.3381508925226682     
   16.879999999999999        1.3338924215957455     
   16.890000000000001        1.3180618076157513     
   16.899999999999999        1.2911813430189083     
   16.910000000000000        1.2547701969526042     
   16.920000000000002        1.2112204531312862     
   16.930000000000000        1.1635945299183916     
   16.940000000000001        1.1153620671392732     
   16.949999999999999        1.0700997366606289     
   16.960000000000001        1.0311807012496577     
   16.969999999999999        1.0014813227560968     
   16.980000000000000       0.98313113423168341     
   16.990000000000002       0.97732818894908535     
   17.000000000000000       0.98423603614765165     
   17.010000000000002        1.0029712764153762     
   17.020000000000000        1.0316825731041313     
   17.030000000000001        1.0677138621288276     
   17.039999999999999        1.1078370363293775     
   17.050000000000001        1.1485332463692712     
   17.059999999999999        1.1862977016355292     
   17.070000000000000        1.2179408469721325     
   17.080000000000002        1.2408592078938627     
   17.090000000000000        1.2532519951519707     
   17.100000000000001        1.2542644838006518     
   17.109999999999999        1.2440457878316875     
   17.120000000000001        1.2237163455296405     
   17.129999999999999        1.1952485236574819     
   17.140000000000001        1.1612715169387464     
   17.150000000000002        1.1248184699735835     
   17.160000000000000        1.0890388807530500     
   17.170000000000002        1.0569024028786496     
   17.180000000000000        1.0309208778766306     
   17.190000000000001        1.0129137395880687     
   17.199999999999999        1.0038379940392523     
   17.210000000000001        1.0036981453739506     
   17.219999999999999        1.0115442347414156     
   17.230000000000000        1.0255582293977743     
   17.240000000000002        1.0432210525177157     
   17.250000000000000        1.0615452897986901     
   17.260000000000002        1.0773526938093088     
   17.270000000000000        1.0875715580595966     
   17.280000000000001        1.0895272100233206     
   17.289999999999999        1.0811994372539480     
   17.300000000000001        1.0614235620096990     
   17.309999999999999        1.0300168582494471     
   17.320000000000000       0.98781861673715143     
   17.330000000000002       0.93663982068925378     
   17.340000000000000       0.87912641498447175     
   17.350000000000001       0.81854782380040603     
   17.359999999999999       0.75852901369740122     
   17.370000000000001       0.70274942281273478     
   17.379999999999999       0.65463503742279594     
   17.390000000000001       0.61707053368638221     
   17.400000000000002       0.59215666035486825     
   17.410000000000000       0.58103407402775609     
   17.420000000000002       0.58378900530139921     
   17.430000000000000       0.59944895013027411     
   17.440000000000001       0.62606868295719020     
   17.449999999999999       0.66089897585027035     
   17.460000000000001       0.70062318020086023     
   17.469999999999999       0.74164092169450901     
   17.480000000000000       0.78037409414240133     
   17.490000000000002       0.81356846814463124     
   17.500000000000000       0.83856471607773209     
   17.510000000000002       0.85351544632219256     
   17.520000000000000       0.85752968372528016     
   17.530000000000001       0.85073269572714372     
   17.539999999999999       0.83423656794853041     
   17.550000000000001       0.81002481229435808     
   17.559999999999999       0.78076184645522939     
   17.570000000000000       0.74954474852060171     
   17.580000000000002       0.71961968655232056     
   17.590000000000000       0.69408841355736062     
   17.600000000000001       0.67563094571196247     
   17.609999999999999       0.66626894984812202     
   17.620000000000001       0.66719060500252025     
   17.629999999999999       0.67865211417975857     
   17.640000000000001       0.69996412947344866     
   17.650000000000002       0.72956373539434749     
   17.660000000000000       0.76516499142993166     
   17.670000000000002       0.80397404538026906     
   17.680000000000000       0.84294911348134605     
   17.690000000000001       0.87908168617459492     
   17.699999999999999       0.90967350438180050     
   17.710000000000001       0.93258431522354612     
   17.719999999999999       0.94642811009851102     
   17.730000000000000       0.95070022550947542     
   17.740000000000002       0.94582392576642171     
   17.750000000000000       0.93311232674624334     
   17.760000000000002       0.91464911365117585     
   17.770000000000000       0.89309877582062536     
   17.780000000000001       0.87146338126971246     
   17.789999999999999       0.85280768388954931     
   17.800000000000001       0.83997717572398323     
   17.809999999999999       0.83533431858487384     
   17.820000000000000       0.84053656270369015     
   17.830000000000002       0.85637603445428900     
   17.840000000000000       0.88269528605083802     
   17.850000000000001       0.91838673914871349     
   17.859999999999999       0.96147602498371210     
   17.870000000000001        1.0092819875638763     
   17.879999999999999        1.0586393339731770     
   17.890000000000001        1.1061643878636980     
   17.900000000000002        1.1485406165468190     
   17.910000000000000        1.1827988905846529     
   17.920000000000002        1.2065679441576238     
   17.930000000000000        1.2182731838257499     
   17.940000000000001        1.2172665990910274     
   17.949999999999999        1.2038766464600232     
   17.960000000000001        1.1793740623890376     
   17.969999999999999        1.1458569782905341     
   17.980000000000000        1.1060658036108688     
   17.990000000000002        1.0631444826395886     
   18.000000000000000        1.0203693756094172     
   18.010000000000002       0.98086975776654384     
   18.020000000000000       0.94736453477209137     
   18.030000000000001       0.92193819328028892     
   18.039999999999999       0.90587539050008636     
   18.050000000000001       0.89956826526483558     
   18.059999999999999       0.90250400566883082     
   18.070000000000000       0.91333302232936375     
   18.080000000000002       0.93001089437671558     
   18.090000000000000       0.95000071751129800     
   18.100000000000001       0.97051717052362640     
   18.109999999999999       0.98878999814591884     
   18.120000000000001        1.0023230009611099     
   18.129999999999999        1.0091251638351499     
   18.140000000000001        1.0078931873223818     
   18.150000000000002       0.99812916937477447     
   18.160000000000000       0.98018311050766427     
   18.170000000000002       0.95521674951056190     
   18.180000000000000       0.92509236411623630     
   18.190000000000001       0.89219695226279361     
   18.199999999999999       0.85921803749270631     
   18.210000000000001       0.82889169593006962     
   18.219999999999999       0.80374589423293974     
   18.230000000000000       0.78586263720274641     
   18.240000000000002       0.77668071622184431     
   18.250000000000000       0.77685718061562314     
   18.260000000000002       0.78620035384815445     
   18.270000000000000       0.80368076108294129     
   18.280000000000001       0.82751930282381569     
   18.289999999999999       0.85534503089615721     
   18.300000000000001       0.88440858257239174     
   18.309999999999999       0.91183226994299083     
   18.320000000000000       0.93487445738538688     
   18.330000000000002       0.95118449156920792     
   18.340000000000000       0.95902519921658635     
   18.350000000000001       0.95744277230448394     
   18.359999999999999       0.94636847015931203     
   18.370000000000001       0.92664257392472837     
   18.379999999999999       0.89995789801651205     
   18.390000000000001       0.86872728561731816     
   18.400000000000002       0.83588625882801015     
   18.410000000000000       0.80464776039967711     
   18.420000000000002       0.77823020153666578     
   18.430000000000000       0.75958243982549400     
   18.440000000000001       0.75112963938854993     
   18.449999999999999       0.75456218288048071     
   18.460000000000001       0.77068606981238563     
   18.469999999999999       0.79934787844894140     
   18.480000000000000       0.83944086288499875     
   18.490000000000002       0.88899167759221998     
   18.500000000000000       0.94532019343499407     
   18.510000000000002        1.0052585111834578     
   18.520000000000000        1.0654101499953095     
   18.530000000000001        1.1224269387259556     
   18.539999999999999        1.1732796676475217     
   18.550000000000001        1.2154991922056524     
   18.559999999999999        1.2473673577106950     
   18.570000000000000        1.2680415929785909     
   18.580000000000002        1.2776029020288491     
   18.590000000000000        1.2770237433930478     
   18.600000000000001        1.2680593275527898     
   18.609999999999999        1.2530725626382118     
   18.620000000000001        1.2348086469333812     
   18.629999999999999        1.2161396382295893     
   18.640000000000001        1.1998018475475936     
   18.650000000000002        1.1881493927240796     
   18.660000000000000        1.1829456705325312     
   18.670000000000002        1.1852110118507484     
   18.680000000000000        1.1951396894885367     
   18.690000000000001        1.2120932098132349     
   18.699999999999999        1.2346699940390713     
   18.710000000000001        1.2608447497540538     
   18.719999999999999        1.2881646507988234     
   18.730000000000000        1.3139844295251168     
   18.740000000000002        1.3357190798302923     
   18.750000000000000        1.3510913681854517     
   18.760000000000002        1.3583518793083851     
   18.770000000000000        1.3564518289228176     
   18.780000000000001        1.3451531289473555     
   18.789999999999999        1.3250658071795811     
   18.800000000000001        1.2976093612788921     
   18.809999999999999        1.2649013882779527     
   18.820000000000000        1.2295832756248850     
   18.830000000000002        1.1945982977800182     
   18.840000000000000        1.1629416443383012     
   18.850000000000001        1.1374043460250960     
   18.859999999999999        1.1203335540305188     
   18.870000000000001        1.1134301301563516     
   18.879999999999999        1.1176011606349712     
   18.890000000000001        1.1328801189319235     
   18.900000000000002        1.1584214116688112     
   18.910000000000000        1.1925694823754898     
   18.920000000000002        1.2329961036575825     
   18.930000000000000        1.2768935392248724     
   18.940000000000001        1.3212064274534505     
   18.949999999999999        1.3628819504118417     
   18.960000000000001        1.3991163904283879     
   18.969999999999999        1.4275766606668490     
   18.980000000000000        1.4465777736643755     
   18.990000000000002        1.4552012611665432     
   19.000000000000000        1.4533449109941283     
   19.010000000000002        1.4417003590021888     
   19.020000000000000        1.4216615126173042     
   19.030000000000001        1.3951729120266350     
   19.039999999999999        1.3645324111021839     
   19.050000000000001        1.3321665164582033     
   19.059999999999999        1.3003990134036982     
   19.070000000000000        1.2712339359547338     
   19.080000000000002        1.2461724756537402     
   19.090000000000000        1.2260802108957565     
   19.100000000000001        1.2111163708670669     
   19.109999999999999        1.2007311509981589     
   19.120000000000001        1.1937308853763335     
   19.129999999999999        1.1884047152500137     
   19.140000000000001        1.1827008248757989     
   19.150000000000002        1.1744358442485368     
   19.160000000000000        1.1615180405861620     
   19.170000000000002        1.1421636995633802     
   19.180000000000000        1.1150867377524600     
   19.190000000000001        1.0796440270168490     
   19.199999999999999        1.0359229262091529     
   19.210000000000001       0.98476274140829623     
   19.219999999999999       0.92770780147063259     
   19.230000000000000       0.86689600412711376     
   19.240000000000002       0.80489250557502778     
   19.250000000000000       0.74448317244966677     
   19.260000000000002       0.68844604734253645     
   19.270000000000000       0.63932107425742668     
   19.280000000000001       0.59919851228873167     
   19.289999999999999       0.56954482064871992     
   19.300000000000001       0.55108147565718202     
   19.309999999999999       0.54372747982307135     
   19.320000000000000       0.54661066667848546     
   19.330000000000002       0.55814679920290311     
   19.340000000000000       0.57617945031858975     
   19.350000000000001       0.59816827722709576     
   19.359999999999999       0.62140903594493169     
   19.370000000000001       0.64326590678873519     
   19.379999999999999       0.66139566050920207     
   19.390000000000001       0.67394397770843806     
   19.400000000000002       0.67969676752941766     
   19.410000000000000       0.67817338573220831     
   19.420000000000002       0.66965386225401202     
   19.430000000000000       0.65513814688939009     
   19.440000000000001       0.63624144104116098     
   19.449999999999999       0.61503536258827418     
   19.460000000000001       0.59384948390114767     
   19.469999999999999       0.57505126419771346     
   19.480000000000000       0.56082425911751055     
   19.490000000000002       0.55296457017328948     
   19.500000000000000       0.55271379167448886     
   19.510000000000002       0.56064337924313912     
   19.520000000000000       0.57660070371068706     
   19.530000000000001       0.59972148642940426     
   19.539999999999999       0.62850733649223989     
   19.550000000000001       0.66096126209955419     
   19.559999999999999       0.69476882998983291     
   19.570000000000000       0.72750856205525261     
   19.580000000000002       0.75687255023112443     
   19.590000000000000       0.78087737013193703     
   19.600000000000001       0.79804625841047305     
   19.609999999999999       0.80754610653721315     
   19.620000000000001       0.80926688073983277     
   19.629999999999999       0.80383623944265592     
   19.640000000000001       0.79256792290333999     
   19.650000000000002       0.77734841547348332     
   19.660000000000000       0.76047189952982741     
   19.670000000000002       0.74443813932557312     
   19.680000000000000       0.73173124154040758     
   19.690000000000001       0.72459894354663024     
   19.699999999999999       0.72485203035532508     
   19.710000000000001       0.73370168367011768     
   19.719999999999999       0.75164918415596538     
   19.730000000000000       0.77843772478819406     
   19.740000000000002       0.81307056662761268     
   19.750000000000000       0.85389387256954241     
   19.760000000000002       0.89873681567718577     
   19.770000000000000       0.94509648793168322     
   19.780000000000001       0.99035118347892115     
   19.789999999999999        1.0319831480367621     
   19.800000000000001        1.0677910917359696     
   19.809999999999999        1.0960737240597604     
   19.820000000000000        1.1157681977911980     
   19.830000000000002        1.1265314065137300     
   19.840000000000000        1.1287572027228276     
   19.850000000000001        1.1235283321236389     
   19.859999999999999        1.1125077020972454     
   19.870000000000001        1.0977789990254252     
   19.879999999999999        1.0816511594734208     
   19.890000000000001        1.0664443851520893     
   19.900000000000002        1.0542769893010164     
   19.910000000000000        1.0468722329487978     
   19.920000000000002        1.0454024680720635     
   19.930000000000000        1.0503845184318785     
   19.940000000000001        1.0616356028600624     
   19.949999999999999        1.0782936552213389     
   19.960000000000001        1.0989001083505054     
   19.969999999999999        1.1215376034032314     
   19.980000000000000        1.1440101617750862     
   19.990000000000002        1.1640495529767421     
   20.000000000000000        1.1795292469219312     
   20.010000000000002        1.1886666606190319     
   20.020000000000000        1.1901954559056001     
   20.030000000000001        1.1834923212435289     
   20.039999999999999        1.1686467360359125     
   20.050000000000001        1.1464673061573356     
   20.059999999999999        1.1184239191805649     
   20.070000000000000        1.0865306916913895     
   20.080000000000002        1.0531799586047845     
   20.090000000000000        1.0209419154781543     
   20.100000000000001       0.99234758174738180     
   20.109999999999999       0.96967423464253943     
   20.120000000000001       0.95475224010290294     
   20.129999999999999       0.94881030031532765     
   20.140000000000001       0.95237271953790104     
   20.150000000000002       0.96521766709030676     
   20.160000000000000       0.98640000215462276     
   20.170000000000002        1.0143365026144813     
   20.180000000000000        1.0469458195700978     
   20.190000000000001        1.0818306516206024     
   20.199999999999999        1.1164859271674286     
   20.210000000000001        1.1485145268606891     
   20.219999999999999        1.1758314701093808     
   20.230000000000000        1.1968385802968560     
   20.240000000000002        1.2105543324126220     
   20.250000000000000        1.2166876313093458     
   20.260000000000002        1.2156493053195532     
   20.270000000000000        1.2085006772623927     
   20.280000000000001        1.1968441941890038     
   20.289999999999999        1.1826662569033000     
   20.300000000000001        1.1681466305511163     
   20.309999999999999        1.1554517614183117     
   20.320000000000000        1.1465307118885499     
   20.330000000000002        1.1429321341058698     
   20.340000000000000        1.1456587621653544     
   20.350000000000001        1.1550724888152402     
   20.359999999999999        1.1708585132865093     
   20.370000000000001        1.1920517133148869     
   20.379999999999999        1.2171227849595283     
   20.390000000000001        1.2441163108495441     
   20.400000000000002        1.2708282426687654     
   20.410000000000000        1.2950067349369869     
   20.420000000000002        1.3145581613966026     
   20.430000000000000        1.3277396702902371     
   20.440000000000001        1.3333208323884160     
   20.449999999999999        1.3306996981702108     
   20.460000000000001        1.3199626606783879     
   20.469999999999999        1.3018825532539873     
   20.480000000000000        1.2778549466345082     
   20.490000000000002        1.2497781530398147     
   20.500000000000000        1.2198875005320982     
   20.510000000000002        1.1905585573618758     
   20.520000000000000        1.1640967952981642     
   20.530000000000001        1.1425324318043224     
   20.539999999999999        1.1274387710631748     
   20.550000000000001        1.1197903099128701     
   20.559999999999999        1.1198733689914060     
   20.570000000000000        1.1272573633975860     
   20.580000000000002        1.1408294540942052     
   20.590000000000000        1.1588896989506121     
   20.600000000000001        1.1792984507457007     
   20.609999999999999        1.1996631062642074     
   20.620000000000001        1.2175478086010383     
   20.629999999999999        1.2306876551776362     
   20.640000000000001        1.2371885488186556     
   20.650000000000002        1.2356950852792763     
   20.660000000000000        1.2255116861024775     
   20.670000000000002        1.2066663103908861     
   20.680000000000000        1.1799111466366246     
   20.690000000000001        1.1466602462898898     
   20.699999999999999        1.1088696209346343     
   20.710000000000001        1.0688703918480571     
   20.719999999999999        1.0291697056302131     
   20.730000000000000       0.99223694780479166     
   20.740000000000002       0.96029404947093666     
   20.750000000000000       0.93512828018201555     
   20.760000000000002       0.91794389112805230     
   20.770000000000000       0.90926549869732021     
   20.780000000000001       0.90890148993503583     
   20.789999999999999       0.91597039898006161     
   20.800000000000001       0.92898762164982673     
   20.809999999999999       0.94600449985379531     
   20.820000000000000       0.96478719175431649     
   20.830000000000002       0.98301925622271868     
   20.840000000000000       0.99850982896426999     
   20.850000000000001        1.0093888323951949     
   20.859999999999999        1.0142718777332913     
   20.870000000000001        1.0123802746759401     
   20.879999999999999        1.0036056135040541     
   20.890000000000001       0.98851336386484012     
   20.900000000000002       0.96828539900604438     
   20.910000000000000       0.94460681644561717     
   20.920000000000002       0.91950739937637227     
   20.930000000000000       0.89517210505887257     
   20.940000000000001       0.87373771799722433     
   20.949999999999999       0.85709402306285953     
   20.960000000000001       0.84670743000637050     
   20.969999999999999       0.84348295528492701     
   20.980000000000000       0.84767702172745207     
   20.990000000000002       0.85886897942248674     
   21.000000000000000       0.87599398928926742     
   21.010000000000002       0.89743441345815289     
   21.020000000000000       0.92116161393861895     
   21.030000000000001       0.94491554022851021     
   21.039999999999999       0.96640609021341572     
   21.050000000000001       0.98351825939063897     
   21.059999999999999       0.99450272654841887     
   21.070000000000000       0.99813479238513314     
   21.080000000000002       0.99382737860555315     
   21.090000000000000       0.98168786088154181     
   21.100000000000001       0.96251348858254970     
   21.109999999999999       0.93772559511331099     
   21.120000000000001       0.90924824100376811     
   21.129999999999999       0.87934187471865832     
   21.140000000000001       0.85040660468777629     
   21.150000000000002       0.82477239445033113     
   21.160000000000000       0.80449467969263133     
   21.170000000000002       0.79117345579286602     
   21.180000000000000       0.78581183684082900     
   21.190000000000001       0.78872662304419938     
   21.199999999999999       0.79951883943006619     
   21.210000000000001       0.81710692939343998     
   21.219999999999999       0.83981976877517517     
   21.230000000000000       0.86554139746084779     
   21.240000000000002       0.89189481133154125     
   21.250000000000000       0.91644871962448149     
   21.260000000000002       0.93692915422884970     
   21.270000000000000       0.95141739531574532     
   21.280000000000001       0.95851688793558709     
   21.289999999999999       0.95747455852691166     
   21.300000000000001       0.94824595592265259     
   21.309999999999999       0.93149858283181008     
   21.320000000000000       0.90855321410652279     
   21.330000000000002       0.88126843805953370     
   21.340000000000000       0.85187862728488728     
   21.350000000000001       0.82279960875726765     
   21.359999999999999       0.79641910317173015     
   21.370000000000001       0.77489029644693885     
   21.379999999999999       0.75994658145385596     
   21.390000000000001       0.75275359777772788     
   21.400000000000002       0.75381137393536257     
   21.410000000000000       0.76291493651885545     
   21.420000000000002       0.77917658860852401     
   21.430000000000000       0.80110763260513917     
   21.440000000000001       0.82675209966553509     
   21.449999999999999       0.85386050823932980     
   21.460000000000001       0.88008820608026439     
   21.469999999999999       0.90320075601496697     
   21.480000000000000       0.92126828587097009     
   21.490000000000002       0.93283177958076124     
   21.500000000000000       0.93702684064708186     
   21.510000000000002       0.93365427986095717     
   21.520000000000000       0.92319162415122202     
   21.530000000000001       0.90674488983661272     
   21.539999999999999       0.88594524552002407     
   21.550000000000001       0.86280004000385735     
   21.559999999999999       0.83951166131924937     
   21.570000000000000       0.81828047420676309     
   21.580000000000002       0.80110941343436348     
   21.590000000000000       0.78962757685379525     
   21.600000000000001       0.78494839166996044     
   21.609999999999999       0.78757478275955473     
   21.620000000000001       0.79735953702131113     
   21.629999999999999       0.81352411237673072     
   21.640000000000001       0.83473392559545490     
   21.650000000000002       0.85922313340154644     
   21.660000000000000       0.88495754128916693     
   21.670000000000002       0.90982092085061750     
   21.680000000000000       0.93180798350648808     
   21.690000000000001       0.94920672243485937     
   21.699999999999999       0.96075383783710866     
   21.710000000000001       0.96574940924546060     
   21.719999999999999       0.96412065010280934     
   21.730000000000000       0.95642914416583902     
   21.740000000000002       0.94382101197602342     
   21.750000000000000       0.92792453855470480     
   21.760000000000002       0.91070445884208806     
   21.770000000000000       0.89428593195020800     
   21.780000000000001       0.88076390089618384     
   21.789999999999999       0.87201479789738601     
   21.800000000000001       0.86952730863428485     
   21.809999999999999       0.87426717873922732     
   21.820000000000000       0.88658799049605541     
   21.830000000000002       0.90619573295201217     
   21.840000000000000       0.93217020234777959     
   21.850000000000001       0.96304122936561032     
   21.859999999999999       0.99691288378306475     
   21.870000000000001        1.0316245855650754     
   21.879999999999999        1.0649348271748866     
   21.890000000000001        1.0947112679737807     
   21.900000000000002        1.1191104662420814     
   21.910000000000000        1.1367315064041186     
   21.920000000000002        1.1467301648226309     
   21.930000000000000        1.1488838196669260     
   21.940000000000001        1.1436017274858317     
   21.949999999999999        1.1318801648031889     
   21.960000000000001        1.1152068313521060     
   21.969999999999999        1.0954233959464237     
   21.980000000000000        1.0745587382487130     
   21.990000000000002        1.0546479753204261     
   22.000000000000000        1.0375535387200236     
   22.010000000000002        1.0248042858486690     
   22.020000000000000        1.0174669185435612     
   22.030000000000001        1.0160610003400850     
   22.039999999999999        1.0205248821681627     
   22.050000000000001        1.0302352238940502     
   22.059999999999999        1.0440779517607184     
   22.070000000000000        1.0605638541600080     
   22.080000000000002        1.0779780052713812     
   22.090000000000000        1.0945491761183039     
   22.100000000000001        1.1086236151039752     
   22.109999999999999        1.1188272121494662     
   22.120000000000001        1.1242011329281445     
   22.129999999999999        1.1242984242873402     
   22.140000000000001        1.1192326308515177     
   22.150000000000002        1.1096738078774013     
   22.160000000000000        1.0967920768843524     
   22.170000000000002        1.0821536218295278     
   22.180000000000000        1.0675783393621505     
   22.190000000000001        1.0549718509216734     
   22.199999999999999        1.0461469446845031     
   22.210000000000001        1.0426505304809177     
   22.219999999999999        1.0456117697106253     
   22.230000000000000        1.0556252218764663     
   22.240000000000002        1.0726797911104755     
   22.250000000000000        1.0961402315122966     
   22.260000000000002        1.1247833365815030     
   22.270000000000000        1.1568861067397322     
   22.280000000000001        1.1903585884580201     
   22.289999999999999        1.2229101166069740     
   22.300000000000001        1.2522347191512506     
   22.309999999999999        1.2761997230261777     
   22.320000000000000        1.2930212835730122     
   22.330000000000002        1.3014116744090727     
   22.340000000000000        1.3006856205449311     
   22.350000000000001        1.2908165177821429     
   22.359999999999999        1.2724377406326390     
   22.370000000000001        1.2467890138747748     
   22.379999999999999        1.2156125883331090     
   22.390000000000001        1.1810083001093581     
   22.400000000000002        1.1452601236268767     
   22.410000000000000        1.1106492441739899     
   22.420000000000002        1.0792697662983599     
   22.430000000000000        1.0528628492279601     
   22.440000000000001        1.0326833536690607     
   22.449999999999999        1.0194101519893193     
   22.460000000000001        1.0131073597851339     
   22.469999999999999        1.0132392389638414     
   22.480000000000000        1.0187368013984541     
   22.490000000000002        1.0281096257260689     
   22.500000000000000        1.0395924857822485     
   22.510000000000002        1.0513134201477958     
   22.520000000000000        1.0614681056277560     
   22.530000000000001        1.0684849826528378     
   22.539999999999999        1.0711665463962627     
   22.550000000000001        1.0687944699336824     
   22.559999999999999        1.0611895573146726     
   22.570000000000000        1.0487216323614639     
   22.580000000000002        1.0322689832414651     
   22.590000000000000        1.0131314989679820     
   22.600000000000001       0.99290574943948284     
   22.609999999999999       0.97333361065897894     
   22.620000000000001       0.95613832671140475     
   22.629999999999999       0.94286293134093391     
   22.640000000000001       0.93472563938999598     
   22.650000000000002       0.93250519729301762     
   22.660000000000000       0.93646640448144591     
   22.670000000000002       0.94633233894858815     
   22.680000000000000       0.96130557488588653     
   22.690000000000001       0.98013625207955257     
   22.699999999999999        1.0012306442223364     
   22.710000000000001        1.0227902540068201     
   22.719999999999999        1.0429687595991963     
   22.730000000000000        1.0600325890924187     
   22.740000000000002        1.0725106413590304     
   22.750000000000000        1.0793197214872006     
   22.760000000000002        1.0798545171282798     
   22.770000000000000        1.0740342006627037     
   22.780000000000001        1.0623017037534057     
   22.789999999999999        1.0455760158309135     
   22.800000000000001        1.0251621166184748     
   22.809999999999999        1.0026269804365302     
   22.820000000000000       0.97965314191659558     
   22.830000000000002       0.95788331480130551     
   22.840000000000000       0.93877032878381439     
   22.850000000000001       0.92344612606433907     
   22.859999999999999       0.91262178874087763     
   22.870000000000001       0.90652771203307514     
   22.879999999999999       0.90489935615581452     
   22.890000000000001       0.90700983520952294     
   22.900000000000002       0.91174631274385143     
   22.910000000000000       0.91772315883481648     
   22.920000000000002       0.92342144597238907     
   22.930000000000000       0.92734192670708437     
   22.940000000000001       0.92815736579686070     
   22.949999999999999       0.92485010965196079     
   22.960000000000001       0.91682206702587410     
   22.969999999999999       0.90396673259432958     
   22.980000000000000       0.88669628961611102     
   22.990000000000002       0.86592087413775198     
   23.000000000000000       0.84298140794447318     
   23.010000000000002       0.81954162188522361     
   23.020000000000000       0.79744861583942772     
   23.030000000000001       0.77857420033498692     
   23.039999999999999       0.76465107509166774     
   23.050000000000001       0.75711845609687900     
   23.059999999999999       0.75699101183041473     
   23.070000000000000       0.76476297450387920     
   23.080000000000002       0.78035622864751097     
   23.090000000000000       0.80311731793517072     
   23.100000000000001       0.83186399446072379     
   23.109999999999999       0.86497754671891580     
   23.120000000000001       0.90053307429121709     
   23.129999999999999       0.93645649185345536     
   23.140000000000001       0.97069464547269591     
   23.150000000000002        1.0013837258065661     
   23.160000000000000        1.0270012746426971     
   23.170000000000002        1.0464884956681129     
   23.180000000000000        1.0593321739881554     
   23.190000000000001        1.0655990532647308     
   23.199999999999999        1.0659197011871457     
   23.210000000000001        1.0614233431373659     
   23.219999999999999        1.0536294660810719     
   23.230000000000000        1.0443058065829041     
   23.240000000000002        1.0353053001113903     
   23.250000000000000        1.0283964202908595     
   23.260000000000002        1.0251019118260867     
   23.270000000000000        1.0265601680265326     
   23.280000000000001        1.0334214895442537     
   23.289999999999999        1.0457883634083516     
   23.300000000000001        1.0632049951290712     
   23.309999999999999        1.0846969577546572     
   23.320000000000000        1.1088573776089345     
   23.330000000000002        1.1339719509511674     
   23.340000000000000        1.1581716447189780     
   23.350000000000001        1.1795994828058121     
   23.359999999999999        1.1965765742032572     
   23.370000000000001        1.2077526109838432     
   23.379999999999999        1.2122274458952234     
   23.390000000000001        1.2096329284943150     
   23.400000000000002        1.2001677072121830     
   23.410000000000000        1.1845818794504650     
   23.420000000000002        1.1641128224834567     
   23.430000000000000        1.1403778699334526     
   23.440000000000001        1.1152333278856017     
   23.449999999999999        1.0906123119791564     
   23.460000000000001        1.0683557674589841     
   23.469999999999999        1.0500516417683343     
   23.480000000000000        1.0368964602516213     
   23.490000000000002        1.0295915739252282     
   23.500000000000000        1.0282832799086166     
   23.510000000000002        1.0325521320270559     
   23.520000000000000        1.0414524053871741     
   23.530000000000001        1.0535982399910653     
   23.539999999999999        1.0672888576454576     
   23.550000000000001        1.0806617890303276     
   23.559999999999999        1.0918605694983086     
   23.570000000000000        1.0992020818503061     
   23.580000000000002        1.1013287546891948     
   23.590000000000000        1.0973321626960366     
   23.600000000000001        1.0868371013480578     
   23.609999999999999        1.0700386992435509     
   23.620000000000001        1.0476892772413657     
   23.629999999999999        1.0210360983007150     
   23.640000000000001       0.99171548327429559     
   23.650000000000002       0.96161261350868010     
   23.660000000000000       0.93269936179676360     
   23.670000000000002       0.90686442309654758     
   23.680000000000000       0.88575068622628916     
   23.690000000000001       0.87061413970153256     
   23.699999999999999       0.86221669767740994     
   23.710000000000001       0.86076233537324642     
   23.719999999999999       0.86588210309176639     
   23.730000000000000       0.87666928201389083     
   23.740000000000002       0.89176153369369171     
   23.750000000000000       0.90946276760370182     
   23.760000000000002       0.92789397048315403     
   23.770000000000000       0.94515971316906500     
   23.780000000000001       0.95951569598181496     
   23.789999999999999       0.96952262955744806     
   23.800000000000001       0.97417297719148810     
   23.809999999999999       0.97297949610701973     
   23.820000000000000       0.96601789342841038     
   23.830000000000002       0.95391995810338714     
   23.840000000000000       0.93781788458642323     
   23.850000000000001       0.91924478347574012     
   23.859999999999999       0.90000020187863861     
   23.870000000000001       0.88199251639085807     
   23.879999999999999       0.86707204899106327     
   23.890000000000001       0.85686951934263267     
   23.900000000000002       0.85265392295600084     
   23.910000000000000       0.85522216421095765     
   23.920000000000002       0.86482993608421854     
   23.930000000000000       0.88116967878458774     
   23.940000000000001       0.90339729325127083     
   23.949999999999999       0.93020500114828220     
   23.960000000000001       0.95993370901853214     
   23.969999999999999       0.99071480546965907     
   23.980000000000000        1.0206287965758363     
   23.990000000000002        1.0478667847595438     
   24.000000000000000        1.0708806386439911     
   24.010000000000002        1.0885087936948596     
   24.020000000000000        1.1000668631749784     
   24.030000000000001        1.1053954221119526     
   24.039999999999999        1.1048611670242645     
   24.050000000000001        1.0993118074818566     
   24.060000000000002        1.0899891423335792     
   24.070000000000000        1.0784084503942162     
   24.080000000000002        1.0662152581807876     
   24.090000000000000        1.0550324790608210     
   24.100000000000001        1.0463116821187131     
   24.109999999999999        1.0412017829003444     
   24.120000000000001        1.0404467993662989     
   24.129999999999999        1.0443216373316269     
   24.140000000000001        1.0526114039452616     
   24.150000000000002        1.0646358080114597     
   24.160000000000000        1.0793161458375256     
   24.170000000000002        1.0952785538492176     
   24.180000000000000        1.1109839745061110     
   24.190000000000001        1.1248729169374410     
   24.199999999999999        1.1355118064854457     
   24.210000000000001        1.1417276193765074     
   24.219999999999999        1.1427185949218908     
   24.230000000000000        1.1381310062264587     
   24.240000000000002        1.1280950523777078     
   24.250000000000000        1.1132166323034163     
   24.260000000000002        1.0945257405518181     
   24.270000000000000        1.0733861313958408     
   24.280000000000001        1.0513743806226883     
   24.289999999999999        1.0301392234841733     
   24.300000000000001        1.0112538181281490     
   24.310000000000002       0.99607421985359612     
   24.320000000000000       0.98561679778371736     
   24.330000000000002       0.98046563338488668     
   24.340000000000000       0.98071826248190863     
   24.350000000000001       0.98597469946328520     
   24.359999999999999       0.99537082067073368     
   24.370000000000001        1.0076532285067594     
   24.379999999999999        1.0212890212899342     
   24.390000000000001        1.0346007853461510     
   24.400000000000002        1.0459148812817358     
   24.410000000000000        1.0537099144431492     
   24.420000000000002        1.0567522638558975     
   24.430000000000000        1.0542066940942894     
   24.440000000000001        1.0457122864544011     
   24.449999999999999        1.0314170011283985     
   24.460000000000001        1.0119678460333361     
   24.469999999999999       0.98845755399390645     
   24.480000000000000       0.96233250893533218     
   24.490000000000002       0.93527007295230191     
   24.500000000000000       0.90903614769184160     
   24.510000000000002       0.88533551910064467     
   24.520000000000000       0.86566813432230938     
   24.530000000000001       0.85120389302889254     
   24.539999999999999       0.84268685615382632     
   24.550000000000001       0.84037713504985434     
   24.560000000000002       0.84403536071182261     
   24.570000000000000       0.85295084672220123     
   24.580000000000002       0.86601068858316732     
   24.590000000000000       0.88180343027623642     
   24.600000000000001       0.89874789638251429     
   24.609999999999999       0.91523560257219705     
   24.620000000000001       0.92977401025461370     
   24.629999999999999       0.94111788119146877     
   24.640000000000001       0.94837711193703933     
   24.650000000000002       0.95109158213094513     
   24.660000000000000       0.94926653955864304     
   24.670000000000002       0.94336559937265763     
   24.680000000000000       0.93426223620148485     
   24.690000000000001       0.92315435628764408     
   24.699999999999999       0.91144982180733813     
   24.710000000000001       0.90063336936927929     
   24.719999999999999       0.89212699224854730     
   24.730000000000000       0.88715639876683627     
   24.740000000000002       0.88663557215920163     
   24.750000000000000       0.89107979601919485     
   24.760000000000002       0.90055492546130500     
   24.770000000000000       0.91466741094520032     
   24.780000000000001       0.93259591365741279     
   24.789999999999999       0.95316161735786764     
   24.800000000000001       0.97493087565655001     
   24.810000000000002       0.99634094503014914     
   24.820000000000000        1.0158374994730892     
   24.830000000000002        1.0320115843397544     
   24.840000000000000        1.0437237353410920     
   24.850000000000001        1.0502041554149288     
   24.859999999999999        1.0511200007856898     
   24.870000000000001        1.0466037830899453     
   24.879999999999999        1.0372403812804207     
   24.890000000000001        1.0240138625202158     
   24.900000000000002        1.0082189038991851     
   24.910000000000000       0.99134476571473673     
   24.920000000000002       0.97494221076257159     
   24.930000000000000       0.96048527546982243     
   24.940000000000001       0.94924024430872944     
   24.949999999999999       0.94215352069161906     
   24.960000000000001       0.93976838602642432     
   24.969999999999999       0.94217804739443745     
   24.980000000000000       0.94901912614207429     
   24.990000000000002       0.95950612552838865     
   25.000000000000000       0.97250375857103710     
   25.010000000000002       0.98663064377854637     
   25.020000000000000        1.0003850870605531     
   25.030000000000001        1.0122817106437731     
   25.039999999999999        1.0209867374883259     
   25.050000000000001        1.0254398757075094     
   25.060000000000002        1.0249519577993678     
   25.070000000000000        1.0192696642326635     
   25.080000000000002        1.0086016043821273     
   25.090000000000000       0.99360347603953658     
   25.100000000000001       0.97532366926373049     
   25.109999999999999       0.95511419575549605     
   25.120000000000001       0.93451489798460352     
   25.129999999999999       0.91512124976307119     
   25.140000000000001       0.89844749304686922     
   25.150000000000002       0.88579723857176340     
   25.160000000000000       0.87815295859562115     
   25.170000000000002       0.87609408331840044     
   25.180000000000000       0.87975083398746978     
   25.190000000000001       0.88879771744641034     
   25.199999999999999       0.90248705692549702     
   25.210000000000001       0.91971936015918376     
   25.219999999999999       0.93914404793308370     
   25.230000000000000       0.95928137637822186     
   25.240000000000002       0.97865452410008325     
   25.250000000000000       0.99591994550900997     
   25.260000000000002        1.0099842904176555     
   25.270000000000000        1.0200974373149079     
   25.280000000000001        1.0259133701694692     
   25.289999999999999        1.0275135490810932     
   25.300000000000001        1.0253908207793394     
   25.310000000000002        1.0203954808166453     
   25.320000000000000        1.0136485154329837     
   25.330000000000002        1.0064300113158235     
   25.340000000000000        1.0000529607883331     
   25.350000000000001       0.99573400802924328     
   25.359999999999999       0.99447296105693372     
   25.370000000000001       0.99695210975239190     
   25.379999999999999        1.0034646126852564     
   25.390000000000001        1.0138786042880836     
   25.400000000000002        1.0276404628575966     
   25.410000000000000        1.0438171563778931     
   25.420000000000002        1.0611740625693706     
   25.430000000000000        1.0782814568661598     
   25.440000000000001        1.0936402637991274     
   25.449999999999999        1.1058159060858641     
   25.460000000000001        1.1135683194690260     
   25.469999999999999        1.1159664990682594     
   25.480000000000000        1.1124772788928912     
   25.490000000000002        1.1030203018045937     
   25.500000000000000        1.0879841122516110     
   25.510000000000002        1.0682017340647392     
   25.520000000000000        1.0448876755673946     
   25.530000000000001        1.0195417159396141     
   25.539999999999999       0.99382776698180963     
   25.550000000000001       0.96943831192899044     
   25.560000000000002       0.94795620183211626     
   25.570000000000000       0.93072582692936057     
   25.580000000000002       0.91874485473655776     
   25.590000000000000       0.91258591207655226     
   25.600000000000001       0.91235494652345905     
   25.609999999999999       0.91768976868073748     
   25.620000000000001       0.92779873765070908     
   25.629999999999999       0.94153602207842890     
   25.640000000000001       0.95750666118853334     
   25.650000000000002       0.97419204821095584     
   25.660000000000000       0.99008469224705031     
   25.670000000000002        1.0038203391407710     
   25.680000000000000        1.0142958142218528     
   25.690000000000001        1.0207622627269728     
   25.699999999999999        1.0228856885980204     
   25.710000000000001        1.0207696296766631     
   25.719999999999999        1.0149381945595344     
   25.730000000000000        1.0062812215110182     
   25.740000000000002       0.99596668821631928     
   25.750000000000000       0.98532840356233864     
   25.760000000000002       0.97573919183731495     
   25.770000000000000       0.96848104334074181     
   25.780000000000001       0.96462394283780828     
   25.789999999999999       0.96492427956426341     
   25.800000000000001       0.96975196366251826     
   25.810000000000002       0.97905278441945953     
   25.820000000000000       0.99234937780200838     
   25.830000000000002        1.0087807079770097     
   25.840000000000000        1.0271765189639501     
   25.850000000000001        1.0461600857149334     
   25.859999999999999        1.0642700669731704     
   25.870000000000001        1.0800905595495098     
   25.879999999999999        1.0923777256814649     
   25.890000000000001        1.1001716753056039     
   25.900000000000002        1.1028836041767711     
   25.910000000000000        1.1003503977313400     
   25.920000000000002        1.0928518112383749     
   25.930000000000000        1.0810886695865454     
   25.940000000000001        1.0661239973989618     
   25.949999999999999        1.0492922828947291     
   25.960000000000001        1.0320849039182491     
   25.969999999999999        1.0160218508687751     
   25.980000000000000        1.0025210823683182     
   25.990000000000002       0.99277703986658783     
   26.000000000000000       0.98765901172757486     
   26.010000000000002       0.98763825189200305     
   26.020000000000000       0.99275018374654123     
   26.030000000000001        1.0025948872435484     
   26.039999999999999        1.0163756568893638     
   26.050000000000001        1.0329720346059490     
   26.060000000000002        1.0510406664318037     
   26.070000000000000        1.0691348775659444     
   26.080000000000002        1.0858322243587333     
   26.090000000000000        1.0998586091251075     
   26.100000000000001        1.1101978925112770     
   26.109999999999999        1.1161772757006458     
   26.120000000000001        1.1175209298581883     
   26.129999999999999        1.1143672243986475     
   26.140000000000001        1.1072481909008780     
   26.150000000000002        1.0970332613012801     
   26.160000000000000        1.0848425327902336     
   26.170000000000002        1.0719375500870707     
   26.180000000000000        1.0595996136923738     
   26.190000000000001        1.0490067400813925     
   26.199999999999999        1.0411205169653981     
   26.210000000000001        1.0365932035180490     
   26.219999999999999        1.0357036019371630     
   26.230000000000000        1.0383276361023102     
   26.240000000000002        1.0439464471052937     
   26.250000000000000        1.0516914335929359     
   26.260000000000002        1.0604223295429045     
   26.270000000000000        1.0688314215447112     
   26.280000000000001        1.0755646294196790     
   26.289999999999999        1.0793486210660661     
   26.300000000000001        1.0791125442066112     
   26.310000000000002        1.0740933877572998     
   26.320000000000000        1.0639153966295152     
   26.330000000000002        1.0486362313605848     
   26.340000000000000        1.0287554871961544     
   26.350000000000001        1.0051845068889480     
   26.359999999999999       0.97917984298214789     
   26.370000000000001       0.95224594503960702     
   26.379999999999999       0.92601537938545142     
   26.390000000000001       0.90211689090604841     
   26.400000000000002       0.88204271064859729     
   26.410000000000000       0.86702660217657168     
   26.420000000000002       0.85794321592445111     
   26.430000000000000       0.85523746594428773     
   26.440000000000001       0.85889002174811191     
   26.449999999999999       0.86842185155667095     
   26.460000000000001       0.88293734147298186     
   26.469999999999999       0.90120214957015499     
   26.480000000000000       0.92174893183728079     
   26.490000000000002       0.94300166478112823     
   26.500000000000000       0.96340769926084069     
   26.510000000000002       0.98156605070859515     
   26.520000000000000       0.99634081579799405     
   26.530000000000001        1.0069499684113123     
   26.539999999999999        1.0130220053841890     
   26.550000000000001        1.0146157864018366     
   26.560000000000002        1.0122021862442887     
   26.570000000000000        1.0066095600834475     
   26.580000000000002       0.99893821350667367     
   26.590000000000000       0.99045178587512805     
   26.600000000000001       0.98245545879434892     
   26.609999999999999       0.97617201515627683     
   26.620000000000001       0.97262690217794345     
   26.629999999999999       0.97255258577548420     
   26.640000000000001       0.97632070359662315     
   26.650000000000002       0.98390799136124640     
   26.660000000000000       0.99489889973783774     
   26.670000000000002        1.0085245109334109     
   26.680000000000000        1.0237341013306940     
   26.690000000000001        1.0392927700217707     
   26.699999999999999        1.0538962235020852     
   26.710000000000001        1.0662922808655613     
   26.719999999999999        1.0753980762337454     
   26.730000000000000        1.0804023365172211     
   26.740000000000002        1.0808434652349603     
   26.750000000000000        1.0766563444320134     
   26.760000000000002        1.0681835803582393     
   26.770000000000000        1.0561501119600376     
   26.780000000000001        1.0416033882853482     
   26.789999999999999        1.0258244075356404     
   26.800000000000001        1.0102175209038420     
   26.810000000000002       0.99618880560116319     
   26.820000000000000       0.98502383426398743     
   26.830000000000002       0.97777572161063619     
   26.840000000000000       0.97517340979643696     
   26.850000000000001       0.97755834436981914     
   26.859999999999999       0.98485515548977176     
   26.870000000000001       0.99657892145477645     
   26.879999999999999        1.0118783254886090     
   26.890000000000001        1.0296108142536955     
   26.900000000000002        1.0484430139824894     
   26.910000000000000        1.0669674123065853     
   26.920000000000002        1.0838248715346275     
   26.930000000000000        1.0978220309718076     
   26.940000000000001        1.1080331270608281     
   26.949999999999999        1.1138771683230702     
   26.960000000000001        1.1151636212477021     
   26.969999999999999        1.1121025949166845     
   26.980000000000000        1.1052787030487254     
   26.990000000000002        1.0955910469452730     
   27.000000000000000        1.0841648095122340     
   27.010000000000002        1.0722425064870356     
   27.020000000000000        1.0610647772984745     
   27.030000000000001        1.0517515498567325     
   27.039999999999999        1.0451943950815512     
   27.050000000000001        1.0419698987511132     
   27.060000000000002        1.0422820074452392     
   27.070000000000000        1.0459387179113460     
   27.080000000000002        1.0523654051211535     
   27.090000000000000        1.0606537972399610     
   27.100000000000001        1.0696423986083634     
   27.109999999999999        1.0780213207683691     
   27.120000000000001        1.0844522604379390     
   27.129999999999999        1.0876929611854063     
   27.140000000000001        1.0867150388265032     
   27.150000000000002        1.0808045818288148     
   27.160000000000000        1.0696364121054924     
   27.170000000000002        1.0533151795750317     
   27.180000000000000        1.0323793644300789     
   27.190000000000001        1.0077675182899311     
   27.199999999999999       0.98074940149208711     
   27.210000000000001       0.95282777447704670     
   27.219999999999999       0.92561920197072212     
   27.230000000000000       0.90072409890074612     
   27.240000000000002       0.87959722056489653     
   27.250000000000000       0.86342978953933569     
   27.260000000000002       0.85305345809404665     
   27.270000000000000       0.84887441430969890     
   27.280000000000001       0.85084331873376662     
   27.289999999999999       0.85846363690375305     
   27.300000000000001       0.87083758618661744     
   27.310000000000002       0.88674563778894588     
   27.320000000000000       0.90475259495724902     
   27.330000000000002       0.92333096312354423     
   27.340000000000000       0.94099083954332219     
   27.350000000000001       0.95640500911588777     
   27.359999999999999       0.96851838623116904     
   27.370000000000001       0.97663234861265036     
   27.379999999999999       0.98045674319105780     
   27.390000000000001       0.98012520813943316     
   27.400000000000002       0.97617269609899038     
   27.410000000000000       0.96947741519275699     
   27.420000000000002       0.96117253293091220     
   27.430000000000000       0.95253563817151155     
   27.440000000000001       0.94486589515931929     
   27.449999999999999       0.93935988169840012     
   27.460000000000001       0.93699718909455776     
   27.469999999999999       0.93844596898494215     
   27.480000000000000       0.94399682223363979     
   27.490000000000002       0.95353089745778985     
   27.500000000000000       0.96652502600881973     
   27.510000000000002       0.98209343579694797     
   27.520000000000000       0.99906234860827292     
   27.530000000000001        1.0160708602355450     
   27.539999999999999        1.0316891855890078     
   27.550000000000001        1.0445438252835846     
   27.560000000000002        1.0534386090030787     
   27.570000000000000        1.0574609453002781     
   27.580000000000002        1.0560639222255075     
   27.590000000000000        1.0491170401636318     
   27.600000000000001        1.0369211270417704     
   27.609999999999999        1.0201861408621813     
   27.620000000000001       0.99997382604566909     
   27.629999999999999       0.97761027034835868     
   27.640000000000001       0.95457603689601189     
   27.650000000000002       0.93238349060652359     
   27.660000000000000       0.91245203034067934     
   27.670000000000002       0.89599208372557226     
   27.680000000000000       0.88390791080524755     
   27.690000000000001       0.87672757010167901     
   27.699999999999999       0.87456597862185514     
   27.710000000000001       0.87712406215130212     
   27.719999999999999       0.88372380484642044     
   27.730000000000000       0.89337585016867738     
   27.740000000000002       0.90487345748993164     
   27.750000000000000       0.91690433087497070     
   27.760000000000002       0.92817030887245355     
   27.770000000000000       0.93750426892859151     
   27.780000000000001       0.94397391011397280     
   27.789999999999999       0.94696330214874203     
   27.800000000000001       0.94622511524233011     
   27.810000000000002       0.94189909131111627     
   27.820000000000000       0.93449534564217585     
   27.830000000000002       0.92484422883684325     
   27.840000000000000       0.91401745258878142     
   27.850000000000001       0.90322772594479273     
   27.859999999999999       0.89371603662069554     
   27.870000000000001       0.88663677901613602     
   27.879999999999999       0.88295108450910209     
   27.890000000000001       0.88333793950758854     
   27.900000000000002       0.88813105382403823     
   27.910000000000000       0.89728711302458963     
   27.920000000000002       0.91038822265503716     
   27.930000000000000       0.92667828243750472     
   27.940000000000001       0.94512998851062435     
   27.949999999999999       0.96453642209148927     
   27.960000000000001       0.98361898679587345     
   27.969999999999999        1.0011419986430532     
   27.980000000000000        1.0160236408923760     
   27.990000000000002        1.0274333214746649     
   28.000000000000000        1.0348666834760774     
   28.010000000000002        1.0381915097677323     
   28.020000000000000        1.0376603534858946     
   28.030000000000001        1.0338886857742067     
   28.039999999999999        1.0278004178263995     
   28.050000000000001        1.0205455537411039     
   28.060000000000002        1.0133972071997612     
   28.070000000000000        1.0076370496587685     
   28.080000000000002        1.0044392890514768     
   28.090000000000000        1.0047634158299357     
   28.100000000000001        1.0092651867178146     
   28.109999999999999        1.0182337150151326     
   28.120000000000001        1.0315602426093107     
   28.129999999999999        1.0487413867983326     
   28.140000000000001        1.0689166310709823     
   28.150000000000002        1.0909368303134210     
   28.160000000000000        1.1134577917603288     
   28.170000000000002        1.1350508112999287     
   28.180000000000000        1.1543205811152708     
   28.190000000000001        1.1700202657472549     
   28.199999999999999        1.1811538211673813     
   28.210000000000001        1.1870567777398930     
   28.219999999999999        1.1874486188525433     
   28.230000000000000        1.1824523912628657     
   28.240000000000002        1.1725800579311147     
   28.250000000000000        1.1586850946382345     
   28.260000000000002        1.1418866742699381     
   28.270000000000000        1.1234722278197011     
   28.280000000000001        1.1047870057515894     
   28.289999999999999        1.0871203291924247     
   28.300000000000001        1.0715984280657693     
   28.310000000000002        1.0590930996541885     
   28.320000000000000        1.0501539502343360     
   28.330000000000002        1.0449698394994631     
   28.340000000000000        1.0433625263302120     
   28.350000000000001        1.0448126502029411     
   28.359999999999999        1.0485153303910875     
   28.370000000000001        1.0534600777632031     
   28.379999999999999        1.0585276189978639     
   28.390000000000001        1.0625948128552780     
   28.400000000000002        1.0646382140645676     
   28.410000000000000        1.0638270620921775     
   28.420000000000002        1.0595975135969333     
   28.430000000000000        1.0517016998742170     
   28.440000000000001        1.0402275114592443     
   28.449999999999999        1.0255876798564498     
   28.460000000000001        1.0084794999307114     
   28.469999999999999       0.98981916667436676     
   28.480000000000000       0.97065695201004687     
   28.490000000000002       0.95208112141367174     
   28.500000000000000       0.93511943981550694     
   28.510000000000002       0.92064726065559166     
   28.520000000000000       0.90931052308882176     
   28.530000000000001       0.90147056524669611     
   28.539999999999999       0.89717562822254227     
   28.550000000000001       0.89616146291445853     
   28.560000000000002       0.89788078468062782     
   28.570000000000000       0.90155869100705310     
   28.580000000000002       0.90626880272804955     
   28.590000000000000       0.91102302164737137     
   28.600000000000001       0.91486658382674080     
   28.609999999999999       0.91696963577773483     
   28.620000000000001       0.91670690864850479     
   28.629999999999999       0.91371817914955666     
   28.640000000000001       0.90794398222441131     
   28.650000000000002       0.89963331651675649     
   28.660000000000000       0.88932265189146542     
   28.670000000000002       0.87778817503085294     
   28.680000000000000       0.86597565600112025     
   28.690000000000001       0.85491436388377062     
   28.699999999999999       0.84562291796609257     
   28.710000000000001       0.83901570075246001     
   28.719999999999999       0.83581841349499841     
   28.730000000000000       0.83650052842020983     
   28.740000000000002       0.84123085934089925     
   28.750000000000000       0.84986037268551340     
   28.760000000000002       0.86193388420288797     
   28.770000000000000       0.87672965685745619     
   28.780000000000001       0.89332337076200918     
   28.789999999999999       0.91067070687084406     
   28.800000000000001       0.92770107472041796     
   28.810000000000002       0.94341397635228308     
   28.820000000000000       0.95696922870303558     
   28.830000000000002       0.96776279105927399     
   28.840000000000000       0.97548121697834300     
   28.850000000000001       0.98012965821682851     
   28.859999999999999       0.98203072116259849     
   28.870000000000001       0.98179410142778178     
   28.879999999999999       0.98025956393913194     
   28.890000000000001       0.97841825650245740     
   28.900000000000002       0.97731932621240758     
   28.910000000000000       0.97797017104705963     
   28.920000000000002       0.98123927943110434     
   28.930000000000000       0.98777043067820214     
   28.940000000000001       0.99791606278842160     
   28.949999999999999        1.0116959452672194     
   28.960000000000001        1.0287850706170076     
   28.969999999999999        1.0485320960220657     
   28.980000000000000        1.0700069559602705     
   28.990000000000002        1.0920736684147225     
   29.000000000000000        1.1134821037949165     
   29.010000000000002        1.1329707780790721     
   29.020000000000000        1.1493717232240339     
   29.030000000000001        1.1617082697049896     
   29.039999999999999        1.1692771691010961     
   29.050000000000001        1.1717078377499899     
   29.060000000000002        1.1689934968287807     
   29.070000000000000        1.1614914438297130     
   29.080000000000002        1.1498923978199487     
   29.090000000000000        1.1351615764406531     
   29.100000000000001        1.1184566457430785     
   29.109999999999999        1.1010297145876506     
   29.120000000000001        1.0841219434083080     
   29.129999999999999        1.0688599786806425     
   29.140000000000001        1.0561632525281339     
   29.150000000000002        1.0466702167960780     
   29.160000000000000        1.0406898986547906     
   29.170000000000002        1.0381829195445538     
   29.180000000000000        1.0387735101299229     
   29.190000000000001        1.0417913121805076     
   29.199999999999999        1.0463391269018518     
   29.210000000000001        1.0513804812635910     
   29.219999999999999        1.0558391417832547     
   29.230000000000000        1.0587016629486234     
   29.240000000000002        1.0591138067488630     
   29.250000000000000        1.0564622320870856     
   29.260000000000002        1.0504341774814441     
   29.270000000000000        1.0410498291408519     
   29.280000000000001        1.0286645039000570     
   29.289999999999999        1.0139404658528994     
   29.300000000000001       0.99779089791298159     
   29.310000000000002       0.98130102511031680     
   29.320000000000000       0.96563341571900785     
   29.330000000000002       0.95192588965604463     
   29.340000000000000       0.94119111708622383     
   29.350000000000001       0.93422683660502848     
   29.359999999999999       0.93154467620432080     
   29.370000000000001       0.93332390631813145     
   29.379999999999999       0.93939424009199657     
   29.390000000000001       0.94924921877256863     
   29.400000000000002       0.96208900885660376     
   29.410000000000000       0.97688883311499286     
   29.420000000000002       0.99248699077686253     
   29.430000000000000        1.0076846937276474     
   29.440000000000001        1.0213489081975069     
   29.449999999999999        1.0325091362117473     
   29.460000000000001        1.0404396196124446     
   29.469999999999999        1.0447197519364799     
   29.480000000000000        1.0452674232012682     
   29.490000000000002        1.0423424266523944     
   29.500000000000000        1.0365197107735535     
   29.510000000000002        1.0286349284669443     
   29.520000000000000        1.0197071815026908     
   29.530000000000001        1.0108458654617472     
   29.539999999999999        1.0031499111589754     
   29.550000000000001       0.99760837066233743     
   29.560000000000002       0.99501115306894417     
   29.570000000000000       0.99587779141598820     
   29.580000000000002        1.0004105010967821     
   29.590000000000000        1.0084756173065943     
   29.600000000000001        1.0196149685172280     
   29.609999999999999        1.0330860803536261     
   29.620000000000001        1.0479275464241451     
   29.629999999999999        1.0630436767704445     
   29.640000000000001        1.0773008378512876     
   29.650000000000002        1.0896268801134599     
   29.660000000000000        1.0991047993295469     
   29.670000000000002        1.1050523165911292     
   29.680000000000000        1.1070803395310382     
   29.690000000000001        1.1051251687202683     
   29.699999999999999        1.0994516676514074     
   29.710000000000001        1.0906272116508711     
   29.719999999999999        1.0794688386153668     
   29.730000000000000        1.0669684102491821     
   29.740000000000002        1.0542025442536387     
   29.750000000000000        1.0422354224614487     
   29.760000000000002        1.0320231983835182     
   29.770000000000000        1.0243285660954990     
   29.780000000000001        1.0196531264944364     
   29.789999999999999        1.0181935804652098     
   29.800000000000001        1.0198256357375726     
   29.810000000000002        1.0241170271216189     
   29.820000000000000        1.0303684407796938     
   29.830000000000002        1.0376786352206693     
   29.840000000000000        1.0450278876100312     
   29.850000000000001        1.0513722565887400     
   29.859999999999999        1.0557401877270129     
   29.870000000000001        1.0573227805626342     
   29.879999999999999        1.0555496047867092     
   29.890000000000001        1.0501432462581672     
   29.900000000000002        1.0411476653189542     
   29.910000000000000        1.0289277903371956     
   29.920000000000002        1.0141403395348463     
   29.930000000000000       0.99767843464171257     
   29.940000000000001       0.98059491154379552     
   29.949999999999999       0.96401113717863507     
   29.960000000000001       0.94901943888279960     
   29.969999999999999       0.93658782680072084     
   29.980000000000000       0.92747549081641734     
   29.990000000000002       0.92216659867974338     
   30.000000000000000       0.92082829675293509     
   30.010000000000002       0.92329666394245447     
   30.020000000000000       0.92909188447476221     
   30.030000000000001       0.93746130744632417     
   30.039999999999999       0.94744658170765406     
   30.050000000000001       0.95796891418929897     
   30.060000000000002       0.96792488857266623     
   30.070000000000000       0.97628434243758355     
   30.080000000000002       0.98218161800995696     
   30.090000000000000       0.98499209048997760     
   30.100000000000001       0.98438718613391052     
   30.109999999999999       0.98036301333996034     
   30.120000000000001       0.97324007396236090     
   30.129999999999999       0.96363409055269256     
   30.140000000000001       0.95240054994997436     
   30.150000000000002       0.94055789677775237     
   30.160000000000000       0.92919620479845033     
   30.170000000000002       0.91937944161962115     
   30.180000000000000       0.91205000880853460     
   30.190000000000001       0.90794403499570331     
   30.199999999999999       0.90752494246064486     
   30.210000000000001       0.91094118323516859     
   30.219999999999999       0.91801189337825828     
   30.230000000000000       0.92824173457042902     
   30.240000000000002       0.94086360073618214     
   30.250000000000000       0.95490539405736674     
   30.260000000000002       0.96927493893186101     
   30.270000000000000       0.98285549356506674     
   30.280000000000001       0.99460337953264810     
   30.289999999999999        1.0036390629545140     
   30.300000000000001        1.0093236032289281     
   30.310000000000002        1.0113136847548745     
   30.320000000000000        1.0095903483383564     
   30.330000000000002        1.0044588733606381     
   30.340000000000000       0.99651982230875047     
   30.350000000000001       0.98661381901116629     
   30.359999999999999       0.97574496413236322     
   30.370000000000001       0.96498968965351228     
   30.379999999999999       0.95539915021407273     
   30.390000000000001       0.94790382866973100     
   30.400000000000002       0.94322884485928604     
   30.410000000000000       0.94182751710152346     
   30.420000000000002       0.94383911851629154     
   30.430000000000000       0.94907463697260630     
   30.440000000000001       0.95703187680064561     
   30.449999999999999       0.96693865047801542     
   30.460000000000001       0.97782032779986794     
   30.469999999999999       0.98858585721424019     
   30.480000000000000       0.99812473856955164     
   30.490000000000002        1.0054064521922332     
   30.500000000000000        1.0095736212783071     
   30.510000000000002        1.0100207224765514     
   30.520000000000000        1.0064514152423767     
   30.530000000000001       0.99890942293289076     
   30.539999999999999       0.98778020339258987     
   30.550000000000001       0.97376319105574083     
   30.560000000000002       0.95781695284437873     
   30.570000000000000       0.94108195195742805     
   30.580000000000002       0.92478755149279379     
   30.590000000000000       0.91015124510784506     
   30.600000000000001       0.89827875766119514     
   30.609999999999999       0.89007355984809622     
   30.620000000000001       0.88616349856151655     
   30.629999999999999       0.88685073563317163     
   30.640000000000001       0.89208914654435190     
   30.650000000000002       0.90149093861957985     
   30.660000000000000       0.91436171614256601     
   30.670000000000002       0.92976077010105573     
   30.680000000000000       0.94658121689526065     
   30.690000000000001       0.96364294020367525     
   30.699999999999999       0.97979024666012338     
   30.710000000000001       0.99398581648504836     
   30.719999999999999        1.0053929387847638     
   30.730000000000000        1.0134391267560761     
   30.740000000000002        1.0178559081818364     
   30.750000000000000        1.0186917272198970     
   30.760000000000002        1.0162972825094456     
   30.770000000000000        1.0112850512911378     
   30.780000000000001        1.0044669950732803     
   30.789999999999999       0.99677631218214080     
   30.800000000000001       0.98918043380844323     
   30.810000000000002       0.98259313930759762     
   30.820000000000000       0.97779363866508096     
   30.830000000000002       0.97535974358824640     
   30.840000000000000       0.97562089417032083     
   30.850000000000001       0.97863495153790225     
   30.859999999999999       0.98419047832940765     
   30.870000000000001       0.99183390679313677     
   30.879999999999999        1.0009187479236528     
   30.890000000000001        1.0106720254452453     
   30.900000000000002        1.0202716006526655     
   30.910000000000000        1.0289271215792373     
   30.920000000000002        1.0359570628446491     
   30.930000000000000        1.0408547407321473     
   30.940000000000001        1.0433372497286530     
   30.949999999999999        1.0433728723853506     
   30.960000000000001        1.0411845158602637     
   30.970000000000002        1.0372289428117056     
   30.980000000000000        1.0321537899273132     
   30.990000000000002        1.0267364025716226     
   31.000000000000000        1.0218101750088109     
   31.010000000000002        1.0181852230039972     
   31.020000000000000        1.0165707276714095     
   31.030000000000001        1.0175061313355771     
   31.039999999999999        1.0213075536807985     
   31.050000000000001        1.0280344044632437     
   31.060000000000002        1.0374793246551866     
   31.070000000000000        1.0491824588648979     
   31.080000000000002        1.0624688415008612     
   31.090000000000000        1.0765055687406515     
   31.100000000000001        1.0903736191291813     
   31.109999999999999        1.1031478414609173     
   31.120000000000001        1.1139778713333204     
   31.129999999999999        1.1221626362351516     
   31.140000000000001        1.1272116729325563     
   31.150000000000002        1.1288876598952542     
   31.160000000000000        1.1272262557479802     
   31.170000000000002        1.1225313804582708     
   31.180000000000000        1.1153462950811375     
   31.190000000000001        1.1064030284877391     
   31.199999999999999        1.0965546678868412     
   31.210000000000001        1.0866965963050161     
   31.220000000000002        1.0776837826082861     
   31.230000000000000        1.0702516148651313     
   31.240000000000002        1.0649474796519884     
   31.250000000000000        1.0620793524258654     
   31.260000000000002        1.0616861597199216     
   31.270000000000000        1.0635327359785063     
   31.280000000000001        1.0671299987288174     
   31.289999999999999        1.0717787015776956     
   31.300000000000001        1.0766329975276285     
   31.310000000000002        1.0807782457799016     
   31.320000000000000        1.0833161851422859     
   31.330000000000002        1.0834498946863540     
   31.340000000000000        1.0805609318236475     
   31.350000000000001        1.0742716842168660     
   31.359999999999999        1.0644872394670590     
   31.370000000000001        1.0514128545707992     
   31.379999999999999        1.0355452394583766     
   31.390000000000001        1.0176381675716404     
   31.400000000000002       0.99864518845975059     
   31.410000000000000       0.97964424279256546     
   31.420000000000002       0.96175058974455152     
   31.430000000000000       0.94602550771931626     
   31.440000000000001       0.93338862844276183     
   31.449999999999999       0.92454147564448241     
   31.460000000000001       0.91990882765119864     
   31.470000000000002       0.91960299150131442     
   31.480000000000000       0.92341409901283855     
   31.490000000000002       0.93082728615828203     
   31.500000000000000       0.94106529350210721     
   31.510000000000002       0.95315283110556548     
   31.520000000000000       0.96599717833987297     
   31.530000000000001       0.97847810104977595     
   31.539999999999999       0.98953938609482439     
   31.550000000000001       0.99827418356289477     
   31.560000000000002        1.0039969176588011     
   31.570000000000000        1.0062957262958441     
   31.580000000000002        1.0050611094870279     
   31.590000000000000        1.0004885549518323     
   31.600000000000001       0.99305518121463976     
   31.609999999999999       0.98347269366723078     
   31.620000000000001       0.97262098961874843     
   31.629999999999999       0.96146839601312195     
   31.640000000000001       0.95098563540066083     
   31.650000000000002       0.94206109697858387     
   31.660000000000000       0.93542480125947647     
   31.670000000000002       0.93158760973852461     
   31.680000000000000       0.93080082265496245     
   31.690000000000001       0.93303945659238430     
   31.699999999999999       0.93801036585473296     
   31.710000000000001       0.94518415757834517     
   31.720000000000002       0.95384774735119526     
   31.730000000000000       0.96317259581846504     
   31.740000000000002       0.97229231612188116     
   31.750000000000000       0.98038256446239858     
   31.760000000000002       0.98673598738486068     
   31.770000000000000       0.99082550808781922     
   31.780000000000001       0.99235034090854224     
   31.789999999999999       0.99126072571490942     
   31.800000000000001       0.98775932604378192     
   31.810000000000002       0.98227935967447089     
   31.820000000000000       0.97544163646243609     
   31.830000000000002       0.96799457672389133     
   31.840000000000000       0.96074280467856554     
   31.850000000000001       0.95447092032154668     
   31.859999999999999       0.94986946096118496     
   31.870000000000001       0.94746983610277158     
   31.879999999999999       0.94759417910866683     
   31.890000000000001       0.95032468378306612     
   31.900000000000002       0.95549520919753128     
   31.910000000000000       0.96270590361794672     
   31.920000000000002       0.97135950207637312     
   31.930000000000000       0.98071598102436963     
   31.940000000000001       0.98996058501922657     
   31.949999999999999       0.99827902440511251     
   31.960000000000001        1.0049329884040912     
   31.970000000000002        1.0093290832560988     
   31.980000000000000        1.0110748926091451     
   31.990000000000002        1.0100170139278331     
   32.000000000000000        1.0062575458882439     
   32.009999999999998        1.0001474415828058     
   32.020000000000003       0.99225722641793290     
   32.030000000000001       0.98332762059921808     
   32.039999999999999       0.97420442079764469     
   32.049999999999997       0.96576342111476898     
   32.060000000000002       0.95883206192050208     
   32.070000000000000       0.95411480501876478     
   32.079999999999998       0.95212891704289804     
   32.090000000000003       0.95315642822781477     
   32.100000000000001       0.95721660250682417     
   32.109999999999999       0.96406143516368881     
   32.119999999999997       0.97319464865633598     
   32.130000000000003       0.98391256846525932     
   32.140000000000001       0.99536331543099732     
   32.149999999999999        1.0066191226592636     
   32.160000000000004        1.0167554189104651     
   32.170000000000002        1.0249297203206007     
   32.180000000000000        1.0304533915799836     
   32.189999999999998        1.0328499742648221     
   32.200000000000003        1.0318949767098531     
   32.210000000000001        1.0276336695253661     
   32.219999999999999        1.0203753861326801     
   32.230000000000004        1.0106649139285362     
   32.240000000000002       0.99923359273924639     
   32.250000000000000       0.98693453204474579     
   32.259999999999998       0.97466775723259846     
   32.270000000000003       0.96330197357571112     
   32.280000000000001       0.95359991696074065     
   32.289999999999999       0.94615391834256701     
   32.299999999999997       0.94133737575966936     
   32.310000000000002       0.93927638755618770     
   32.320000000000000       0.93984398246570988     
   32.329999999999998       0.94267734928697056     
   32.340000000000003       0.94721640295949117     
   32.350000000000001       0.95276010967029667     
   32.359999999999999       0.95853540225065470     
   32.369999999999997       0.96377239066813103     
   32.380000000000003       0.96777901139333378     
   32.390000000000001       0.97000831375514907     
   32.399999999999999       0.97011224607562319     
   32.410000000000004       0.96797701981635442     
   32.420000000000002       0.96373678747200009     
   32.430000000000000       0.95776432132404077     
   32.439999999999998       0.95063945102801961     
   32.450000000000003       0.94309802329447900     
   32.460000000000001       0.93596590742846941     
   32.469999999999999       0.93008392882445812     
   32.480000000000004       0.92623044712156910     
   32.490000000000002       0.92504853171999735     
   32.500000000000000       0.92698430317360125     
   32.509999999999998       0.93224203826793639     
   32.520000000000003       0.94076016524607187     
   32.530000000000001       0.95221043410118278     
   32.539999999999999       0.96602049850545657     
   32.549999999999997       0.98141807258752278     
   32.560000000000002       0.99749291144124042     
   32.570000000000000        1.0132712788661344     
   32.579999999999998        1.0277964501168080     
   32.590000000000003        1.0402082503978980     
   32.600000000000001        1.0498147000549902     
   32.609999999999999        1.0561495187181620     
   32.619999999999997        1.0590104727533671     
   32.630000000000003        1.0584752242240145     
   32.640000000000001        1.0548933070910236     
   32.649999999999999        1.0488549436622183     
   32.660000000000004        1.0411394370194054     
   32.670000000000002        1.0326476549244912     
   32.680000000000000        1.0243245009105177     
   32.689999999999998        1.0170781278657894     
   32.700000000000003        1.0117029136417437     
   32.710000000000001        1.0088128650821158     
   32.719999999999999        1.0087911790426356     
   32.730000000000004        1.0117602507428214     
   32.740000000000002        1.0175746095041447     
   32.750000000000000        1.0258372404941720     
   32.759999999999998        1.0359376976491550     
   32.770000000000003        1.0471085089240315     
   32.780000000000001        1.0584947880583921     
   32.789999999999999        1.0692308361644181     
   32.799999999999997        1.0785169397782566     
   32.810000000000002        1.0856895982527919     
   32.820000000000000        1.0902790375570486     
   32.829999999999998        1.0920490317193192     
   32.840000000000003        1.0910156516401868     
   32.850000000000001        1.0874434499906507     
   32.859999999999999        1.0818196013398309     
   32.869999999999997        1.0748084693552140     
   32.880000000000003        1.0671907945690349     
   32.890000000000001        1.0597930347616449     
   32.899999999999999        1.0534132281662685     
   32.910000000000004        1.0487500152046101     
   32.920000000000002        1.0463411264306113     
   32.930000000000000        1.0465167549364727     
   32.939999999999998        1.0493718627985897     
   32.950000000000003        1.0547597478357138     
   32.960000000000001        1.0623072748565203     
   32.969999999999999        1.0714502277136080     
   32.980000000000004        1.0814854395456537     
   32.990000000000002        1.0916348692960409     
   33.000000000000000        1.1011157453594895     
   33.009999999999998        1.1092103843586756     
   33.020000000000003        1.1153293586910569     
   33.030000000000001        1.1190623226535628     
   33.039999999999999        1.1202119544862059     
   33.049999999999997        1.1188080256358002     
   33.060000000000002        1.1151004277267591     
   33.070000000000000        1.1095319074287064     
   33.079999999999998        1.1026931062324516     
   33.090000000000003        1.0952641095841302     
   33.100000000000001        1.0879479332063280     
   33.109999999999999        1.0814021038578085     
   33.119999999999997        1.0761746619505899     
   33.130000000000003        1.0726505094554879     
   33.140000000000001        1.0710130851687483     
   33.149999999999999        1.0712249557926752     
   33.160000000000004        1.0730291911600045     
   33.170000000000002        1.0759715003896086     
   33.180000000000000        1.0794412132779763     
   33.189999999999998        1.0827274683731805     
   33.200000000000003        1.0850855713012206     
   33.210000000000001        1.0858075402284029     
   33.219999999999999        1.0842904456103750     
   33.230000000000004        1.0800963162169412     
   33.240000000000002        1.0729981089478879     
   33.250000000000000        1.0630074620133976     
   33.259999999999998        1.0503815609580660     
   33.270000000000003        1.0356083012665771     
   33.280000000000001        1.0193708644284367     
   33.289999999999999        1.0024946636988001     
   33.299999999999997       0.98588119696282661     
   33.310000000000002       0.97043452561841215     
   33.320000000000000       0.95698677434580048     
   33.329999999999998       0.94622915617990877     
   33.340000000000003       0.93865456006455206     
   33.350000000000001       0.93451673507379807     
   33.359999999999999       0.93380965550394479     
   33.369999999999997       0.93626888266405195     
   33.380000000000003       0.94139480937186359     
   33.390000000000001       0.94849575320363932     
   33.399999999999999       0.95674712484959468     
   33.410000000000004       0.96526149279713469     
   33.420000000000002       0.97316341947931451     
   33.430000000000000       0.97966254055767954     
   33.439999999999998       0.98411853340774524     
   33.450000000000003       0.98609235696246178     
   33.460000000000001       0.98537937671588938     
   33.469999999999999       0.98202160574510844     
   33.480000000000004       0.97629815075812332     
   33.490000000000002       0.96869488581897811     
   33.500000000000000       0.95985621343404959     
   33.509999999999998       0.95052334983741138     
   33.520000000000003       0.94146474869612096     
   33.530000000000001       0.93340495099986354     
   33.539999999999999       0.92695825959132139     
   33.549999999999997       0.92257317590059351     
   33.560000000000002       0.92049254622440313     
   33.570000000000000       0.92073293477454143     
   33.579999999999998       0.92308499928184840     
   33.590000000000003       0.92713474838866683     
   33.600000000000001       0.93230367825688754     
   33.609999999999999       0.93790408711342887     
   33.619999999999997       0.94320450265591860     
   33.630000000000003       0.94749925007522195     
   33.640000000000001       0.95017581871705792     
   33.649999999999999       0.95077388578847200     
   33.660000000000004       0.94903060770793535     
   33.670000000000002       0.94490802606099811     
   33.680000000000000       0.93860004475831993     
   33.689999999999998       0.93051827366850115     
   33.700000000000003       0.92125793704593528     
   33.710000000000001       0.91154684210355574     
   33.719999999999999       0.90218193319413165     
   33.730000000000004       0.89395908322459350     
   33.740000000000002       0.88760239518394912     
   33.750000000000000       0.88369934715973519     
   33.759999999999998       0.88264760816520260     
   33.770000000000003       0.88461832429866938     
   33.780000000000001       0.88953921659175395     
   33.789999999999999       0.89709907318912419     
   33.799999999999997       0.90677331590797972     
   33.810000000000002       0.91786844430429304     
   33.820000000000000       0.92958147644787736     
   33.829999999999998       0.94106916486214653     
   33.840000000000003       0.95152088817188296     
   33.850000000000001       0.96022878239935694     
   33.859999999999999       0.96664891085292892     
   33.869999999999997       0.97044805759539243     
   33.880000000000003       0.97153199695601034     
   33.890000000000001       0.97005272801556242     
   33.899999999999999       0.96639402318017387     
   33.910000000000004       0.96113655869616266     
   33.920000000000002       0.95500570187775147     
   33.930000000000000       0.94880656449972023     
   33.939999999999998       0.94335205804470745     
   33.950000000000003       0.93939030440031801     
   33.960000000000001       0.93753781046628737     
   33.969999999999999       0.93822430227975151     
   33.980000000000004       0.94165407943933632     
   33.990000000000002       0.94778728586892491     
   34.000000000000000       0.95634272852040170     
   34.009999999999998       0.96682196817247723     
   34.020000000000003       0.97855252537074433     
   34.030000000000001       0.99074635660689092     
   34.039999999999999        1.0025684106177313     
   34.049999999999997        1.0132091911937688     
   34.060000000000002        1.0219549090125417     
   34.070000000000000        1.0282490306497727     
   34.079999999999998        1.0317398073587776     
   34.090000000000003        1.0323096200157893     
   34.100000000000001        1.0300835978678735     
   34.109999999999999        1.0254168129401351     
   34.119999999999997        1.0188612550588376     
   34.130000000000003        1.0111155852817795     
   34.140000000000001        1.0029621889439484     
   34.149999999999999       0.99519716849495576     
   34.160000000000004       0.98855953190104229     
   34.170000000000002       0.98366589053104092     
   34.180000000000000       0.98095647668897989     
   34.189999999999998       0.98065727078754783     
   34.200000000000003       0.98276158293768312     
   34.210000000000001       0.98703269250554670     
   34.219999999999999       0.99302726718700474     
   34.230000000000004        1.0001374279564959     
   34.240000000000002        1.0076476628906159     
   34.250000000000000        1.0148014691620506     
   34.259999999999998        1.0208717359203088     
   34.270000000000003        1.0252285480538865     
   34.280000000000001        1.0273983211682325     
   34.289999999999999        1.0271089506537303     
   34.300000000000004        1.0243169034283022     
   34.310000000000002        1.0192137888067230     
   34.320000000000000        1.0122117718852071     
   34.329999999999998        1.0039090764003702     
   34.340000000000003       0.99503859691001439     
   34.350000000000001       0.98640414499172824     
   34.359999999999999       0.97880995754213107     
   34.369999999999997       0.97298969950061509     
   34.380000000000003       0.96954124510951745     
   34.390000000000001       0.96887301689634242     
   34.399999999999999       0.97116664503259886     
   34.410000000000004       0.97635927199833183     
   34.420000000000002       0.98414709619767582     
   34.430000000000000       0.99400987682060260     
   34.439999999999998        1.0052542765308057     
   34.450000000000003        1.0170722616799894     
   34.460000000000001        1.0286094579506362     
   34.469999999999999        1.0390374889598200     
   34.480000000000004        1.0476239826207996     
   34.490000000000002        1.0537941443255818     
   34.500000000000000        1.0571785473142885     
   34.509999999999998        1.0576430114930302     
   34.520000000000003        1.0552980236133696     
   34.530000000000001        1.0504869536254289     
   34.539999999999999        1.0437541845127873     
   34.550000000000004        1.0357960314006702     
   34.560000000000002        1.0273988252261232     
   34.570000000000000        1.0193696451407528     
   34.579999999999998        1.0124658053949485     
   34.590000000000003        1.0073292834518901     
   34.600000000000001        1.0044318112366266     
   34.609999999999999        1.0040353838080238     
   34.619999999999997        1.0061715567898621     
   34.630000000000003        1.0106412295291163     
   34.640000000000001        1.0170347944517613     
   34.649999999999999        1.0247707357963323     
   34.660000000000004        1.0331491418490091     
   34.670000000000002        1.0414152965970196     
   34.680000000000000        1.0488276529601193     
   34.689999999999998        1.0547241350579004     
   34.700000000000003        1.0585809004479472     
   34.710000000000001        1.0600583961483612     
   34.719999999999999        1.0590306997108028     
   34.730000000000004        1.0555956436944418     
   34.740000000000002        1.0500649430355247     
   34.750000000000000        1.0429353259967467     
   34.759999999999998        1.0348433519261997     
   34.770000000000003        1.0265080337502102     
   34.780000000000001        1.0186664434879844     
   34.789999999999999        1.0120080725371334     
   34.800000000000004        1.0071137944909196     
   34.810000000000002        1.0044048326294635     
   34.820000000000000        1.0041062093471340     
   34.829999999999998        1.0062278355945200     
   34.840000000000003        1.0105648047116202     
   34.850000000000001        1.0167167305931637     
   34.859999999999999        1.0241242697878783     
   34.869999999999997        1.0321194428903939     
   34.880000000000003        1.0399851580191959     
   34.890000000000001        1.0470185453771887     
   34.899999999999999        1.0525924059948983     
   34.910000000000004        1.0562092848664764     
   34.920000000000002        1.0575433778158845     
   34.930000000000000        1.0564666075181961     
   34.939999999999998        1.0530566540296544     
   34.950000000000003        1.0475863671339274     
   34.960000000000001        1.0404956732162365     
   34.969999999999999        1.0323486662832559     
   34.980000000000004        1.0237798994926972     
   34.990000000000002        1.0154348514646578     
   35.000000000000000        1.0079100456179335     
   35.009999999999998        1.0016983068511813     
   35.020000000000003       0.99714414908842164     
   35.030000000000001       0.99441334532993786     
   35.039999999999999       0.99347942522396959     
   35.050000000000004       0.99412829282637727     
   35.060000000000002       0.99598050004827088     
   35.070000000000000       0.99852909938665257     
   35.079999999999998        1.0011895785916183     
   35.090000000000003        1.0033572781719557     
   35.100000000000001        1.0044670092993511     
   35.109999999999999        1.0040493860667934     
   35.119999999999997        1.0017786801515787     
   35.130000000000003       0.99750777076353503     
   35.140000000000001       0.99128692891672765     
   35.149999999999999       0.98336463699297538     
   35.160000000000004       0.97417027011733981     
   35.170000000000002       0.96428010820218635     
   35.180000000000000       0.95436965838106913     
   35.189999999999998       0.94515651058657468     
   35.200000000000003       0.93733881207853820     
   35.210000000000001       0.93153485191769092     
   35.219999999999999       0.92822915710356746     
   35.230000000000004       0.92772992631323214     
   35.240000000000002       0.93014161667315165     
   35.250000000000000       0.93535514471416270     
   35.259999999999998       0.94305658650303270     
   35.270000000000003       0.95275360580937674     
   35.280000000000001       0.96381725215455005     
   35.289999999999999       0.97553539560165192     
   35.300000000000004       0.98717302600684176     
   35.310000000000002       0.99803403477186525     
   35.320000000000000        1.0075189718745015     
   35.329999999999998        1.0151736414567405     
   35.340000000000003        1.0207242322294463     
   35.350000000000001        1.0240958994445883     
   35.359999999999999        1.0254132132922740     
   35.369999999999997        1.0249825293290074     
   35.380000000000003        1.0232579720240784     
   35.390000000000001        1.0207942051763086     
   35.399999999999999        1.0181903588908310     
   35.410000000000004        1.0160302838154447     
   35.420000000000002        1.0148246366731699     
   35.430000000000000        1.0149601361065386     
   35.439999999999998        1.0166606786422581     
   35.450000000000003        1.0199639290136226     
   35.460000000000001        1.0247155934724348     
   35.469999999999999        1.0305819753198744     
   35.480000000000004        1.0370797435242067     
   35.490000000000002        1.0436202684317442     
   35.500000000000000        1.0495645357769265     
   35.509999999999998        1.0542836633013017     
   35.520000000000003        1.0572195034406811     
   35.530000000000001        1.0579397710072966     
   35.539999999999999        1.0561825923910388     
   35.550000000000004        1.0518862932585107     
   35.560000000000002        1.0452015440834417     
   35.570000000000000        1.0364845516571966     
   35.579999999999998        1.0262716802780956     
   35.590000000000003        1.0152375571067445     
   35.600000000000001        1.0041402124231225     
   35.609999999999999       0.99375799259815045     
   35.619999999999997       0.98482375407648493     
   35.630000000000003       0.97796213002548060     
   35.640000000000001       0.97363543027849042     
   35.649999999999999       0.97210300834533470     
   35.660000000000004       0.97339776940283718     
   35.670000000000002       0.97732200190913432     
   35.680000000000000       0.98346302419495335     
   35.689999999999998       0.99122739562319173     
   35.700000000000003       0.99989080409224962     
   35.710000000000001        1.0086593533450663     
   35.719999999999999        1.0167369584498933     
   35.730000000000004        1.0233930067743795     
   35.740000000000002        1.0280244045950409     
   35.750000000000000        1.0302066104708489     
   35.759999999999998        1.0297292139976690     
   35.770000000000003        1.0266129685633050     
   35.780000000000001        1.0211068103387611     
   35.789999999999999        1.0136651496729265     
   35.800000000000004        1.0049074503271798     
   35.810000000000002       0.99556366366938431     
   35.820000000000000       0.98641032178016397     
   35.829999999999998       0.97820290598119075     
   35.840000000000003       0.97161042374080175     
   35.850000000000001       0.96715791938479401     
   35.859999999999999       0.96518193115028672     
   35.869999999999997       0.96580275231042767     
   35.880000000000003       0.96891586000832697     
   35.890000000000001       0.97420317480073826     
   35.899999999999999       0.98116305775252921     
   35.910000000000004       0.98915629612524780     
   35.920000000000002       0.99746392018322494     
   35.930000000000000        1.0053516572315260     
   35.939999999999998        1.0121352564072195     
   35.950000000000003        1.0172408593478155     
   35.960000000000001        1.0202550522578859     
   35.969999999999999        1.0209601725014141     
   35.980000000000004        1.0193517735942055     
   35.990000000000002        1.0156367573127880     
   36.000000000000000        1.0102124171424782     
   36.009999999999998        1.0036283484478141     
   36.020000000000003       0.99653471476248179     
   36.030000000000001       0.98962157951995633     
   36.039999999999999       0.98355480948024199     
   36.050000000000004       0.97891435893440881     
   36.060000000000002       0.97614052547800356     
   36.070000000000000       0.97549304827366889     
   36.079999999999998       0.97702676261764121     
   36.090000000000003       0.98058603371322239     
   36.100000000000001       0.98581850114279190     
   36.109999999999999       0.99220692491675688     
   36.119999999999997       0.99911628996125712     
   36.130000000000003        1.0058519448906378     
   36.140000000000001        1.0117235468233814     
   36.149999999999999        1.0161090472203957     
   36.160000000000004        1.0185129329871863     
   36.170000000000002        1.0186134350793614     
   36.180000000000000        1.0162943899550427     
   36.189999999999998        1.0116588013059662     
   36.200000000000003        1.0050227795917821     
   36.210000000000001       0.99689028990314954     
   36.219999999999999       0.98791085827746794     
   36.230000000000004       0.97882391918338696     
   36.240000000000002       0.97039469526811606     
   36.250000000000000       0.96334727606092063     
   36.259999999999998       0.95830083494773388     
   36.270000000000003       0.95571466783916503     
   36.280000000000001       0.95584697403217345     
   36.289999999999999       0.95873109647422405     
   36.300000000000004       0.96417140095843912     
   36.310000000000002       0.97175923765476468     
   36.320000000000000       0.98090764767380345     
   36.329999999999998       0.99090181020999968     
   36.340000000000003        1.0009608205890985     
   36.350000000000001        1.0103053716507149     
   36.359999999999999        1.0182253716035881     
   36.369999999999997        1.0241415197640822     
   36.380000000000003        1.0276553796970049     
   36.390000000000001        1.0285834925027646     
   36.399999999999999        1.0269724735344330     
   36.410000000000004        1.0230937105160163     
   36.420000000000002        1.0174180821981573     
   36.430000000000000        1.0105728852107603     
   36.439999999999998        1.0032847361596113     
   36.450000000000003       0.99631346625700024     
   36.460000000000001       0.99038283576483943     
   36.469999999999999       0.98611419291641933     
   36.480000000000004       0.98396895962615627     
   36.490000000000002       0.98420506470262425     
   36.500000000000000       0.98685123083478554     
   36.509999999999998       0.99170146076302845     
   36.520000000000003       0.99833029788261929     
   36.530000000000001        1.0061276127538248     
   36.539999999999999        1.0143499501390729     
   36.550000000000004        1.0221840124559729     
   36.560000000000002        1.0288167834403692     
   36.570000000000000        1.0335062048425216     
   36.579999999999998        1.0356462612392989     
   36.590000000000003        1.0348208086836312     
   36.600000000000001        1.0308414596458244     
   36.609999999999999        1.0237662235895737     
   36.619999999999997        1.0138972775426336     
   36.630000000000003        1.0017580568595994     
   36.640000000000001       0.98805165344497792     
   36.649999999999999       0.97360412923297446     
   36.660000000000004       0.95929765465973227     
   36.670000000000002       0.94599925141644947     
   36.680000000000000       0.93449128039659801     
   36.689999999999998       0.92540963878361127     
   36.700000000000003       0.91919493152614151     
   36.710000000000001       0.91606072483935463     
   36.719999999999999       0.91598147601930835     
   36.730000000000004       0.91870099909933112     
   36.740000000000002       0.92376052327174418     
   36.750000000000000       0.93054368975223833     
   36.759999999999998       0.93833436359879907     
   36.770000000000003       0.94638203887118766     
   36.780000000000001       0.95396898421742149     
   36.789999999999999       0.96047316573007691     
   36.800000000000004       0.96542140264809251     
   36.810000000000002       0.96852812021798873     
   36.820000000000000       0.96971638042763453     
   36.829999999999998       0.96911947707646773     
   36.840000000000003       0.96706313302904623     
   36.850000000000001       0.96403007818864739     
   36.859999999999999       0.96061036170525826     
   36.869999999999997       0.95744202124536470     
   36.880000000000003       0.95514758333222383     
   36.890000000000001       0.95427222679203250     
   36.899999999999999       0.95522927523223178     
   36.910000000000004       0.95825801003472899     
   36.920000000000002       0.96339767361650119     
   36.930000000000000       0.97048006459141267     
   36.939999999999998       0.97914144360405364     
   36.950000000000003       0.98885272170407712     
   36.960000000000001       0.99896524848555779     
   36.969999999999999        1.0087681028198234     
   36.980000000000004        1.0175517413641630     
   36.990000000000002        1.0246722728986564     
   37.000000000000000        1.0296105526175858     
   37.009999999999998        1.0320207367189014     
   37.020000000000003        1.0317638645612499     
   37.030000000000001        1.0289233610092385     
   37.039999999999999        1.0238009575422307     
   37.050000000000004        1.0168932743776993     
   37.060000000000002        1.0088510320234085     
   37.070000000000000        1.0004244155283029     
   37.079999999999998       0.99239935957158343     
   37.090000000000003       0.98553034618223556     
   37.100000000000001       0.98047563541729721     
   37.109999999999999       0.97774065277710331     
   37.119999999999997       0.97763455211637962     
   37.130000000000003       0.98024382110360309     
   37.140000000000001       0.98542529935170675     
   37.149999999999999       0.99281926937641929     
   37.160000000000004        1.0018815087313564     
   37.170000000000002        1.0119315148386561     
   37.180000000000000        1.0222126807335521     
   37.189999999999998        1.0319591372926686     
   37.200000000000003        1.0404633799500642     
   37.210000000000001        1.0471387187876386     
   37.219999999999999        1.0515710377854899     
   37.230000000000004        1.0535552830099255     
   37.240000000000002        1.0531134386276384     
   37.250000000000000        1.0504923760581923     
   37.259999999999998        1.0461417320974273     
   37.270000000000003        1.0406737304599354     
   37.280000000000001        1.0348084529137107     
   37.289999999999999        1.0293093506969189     
   37.300000000000004        1.0249146509780085     
   37.310000000000002        1.0222706805460737     
   37.320000000000000        1.0218729672740698     
   37.329999999999998        1.0240203033533886     
   37.340000000000003        1.0287858223722171     
   37.350000000000001        1.0360076545782233     
   37.359999999999999        1.0453000119752407     
   37.369999999999997        1.0560837678156612     
   37.380000000000003        1.0676338905583829     
   37.390000000000001        1.0791396200683343     
   37.399999999999999        1.0897721627665276     
   37.410000000000004        1.0987540297356744     
   37.420000000000002        1.1054240041578067     
   37.430000000000000        1.1092921132777811     
   37.439999999999998        1.1100798604244768     
   37.450000000000003        1.1077422664323977     
   37.460000000000001        1.1024698628257283     
   37.469999999999999        1.0946705310428710     
   37.480000000000004        1.0849328387848933     
   37.490000000000002        1.0739741321762690     
   37.500000000000000        1.0625779602187322     
   37.509999999999998        1.0515263211823624     
   37.520000000000003        1.0415326501803797     
   37.530000000000001        1.0331813769895475     
   37.539999999999999        1.0268792827819828     
   37.550000000000004        1.0228228282469227     
   37.560000000000002        1.0209842079273919     
   37.570000000000000        1.0211172323040665     
   37.579999999999998        1.0227823963744433     
   37.590000000000003        1.0253888147188239     
   37.600000000000001        1.0282492356681578     
   37.609999999999999        1.0306432194031461     
   37.619999999999997        1.0318828744426221     
   37.630000000000003        1.0313753529467278     
   37.640000000000001        1.0286766225112736     
   37.649999999999999        1.0235318304785759     
   37.660000000000004        1.0158987837322875     
   37.670000000000002        1.0059525742193096     
   37.680000000000000       0.99407105371353066     
   37.689999999999998       0.98080255216466716     
   37.700000000000003       0.96681879297524931     
   37.710000000000001       0.95285724860498688     
   37.719999999999999       0.93965808824202479     
   37.730000000000004       0.92790131735533687     
   37.740000000000002       0.91814965925167324     
   37.750000000000000       0.91080218800532231     
   37.759999999999998       0.90606274046030588     
   37.770000000000003       0.90392580140895795     
   37.780000000000001       0.90418099032826116     
   37.789999999999999       0.90643562007622347     
   37.800000000000004       0.91015319519975457     
   37.810000000000002       0.91470431196202173     
   37.820000000000000       0.91942533777520696     
   37.829999999999998       0.92367957934895562     
   37.840000000000003       0.92691545414768017     
   37.850000000000001       0.92871647402919866     
   37.859999999999999       0.92883860505352756     
   37.869999999999997       0.92723171441639063     
   37.880000000000003       0.92404325072874827     
   37.890000000000001       0.91960389863650727     
   37.899999999999999       0.91439656055554974     
   37.910000000000004       0.90901150357948990     
   37.920000000000002       0.90409173665017095     
   37.930000000000000       0.90027354354188160     
   37.939999999999998       0.89812751574732475     
   37.950000000000003       0.89810537018464853     
   37.960000000000001       0.90049730660690241     
   37.969999999999999       0.90540370739438703     
   37.980000000000004       0.91272369416493448     
   37.990000000000002       0.92216154709009657     
   38.000000000000000       0.93325039894519946     
   38.009999999999998       0.94539107890649399     
   38.020000000000003       0.95790263760375804     
   38.030000000000001       0.97008005397099406     
   38.039999999999999       0.98125399685489179     
   38.050000000000004       0.99084734482643155     
   38.060000000000002       0.99842346993105369     
   38.070000000000000        1.0037220369193722     
   38.079999999999998        1.0066791911365043     
   38.090000000000003        1.0074304047725111     
   38.100000000000001        1.0062957974720461     
   38.109999999999999        1.0037493052817683     
   38.119999999999997        1.0003745028513558     
   38.130000000000003       0.99681106068068170     
   38.140000000000001       0.99369663798720742     
   38.149999999999999       0.99160940059839520     
   38.160000000000004       0.99101627879149101     
   38.170000000000002       0.99223155018550557     
   38.180000000000000       0.99538939615507649     
   38.189999999999998        1.0004328213804803     
   38.200000000000003        1.0071198581433687     
   38.210000000000001        1.0150464312024141     
   38.219999999999999        1.0236837734869000     
   38.230000000000004        1.0324269896385412     
   38.240000000000002        1.0406503783297176     
   38.250000000000000        1.0477645323396325     
   38.259999999999998        1.0532700892807991     
   38.270000000000003        1.0568033174924958     
   38.280000000000001        1.0581694619898532     
   38.289999999999999        1.0573608774079879     
   38.300000000000004        1.0545583394875038     
   38.310000000000002        1.0501154315531731     
   38.320000000000000        1.0445274132176350     
   38.329999999999998        1.0383873605767548     
   38.340000000000003        1.0323334976652603     
   38.350000000000001        1.0269924178341134     
   38.359999999999999        1.0229232524994807     
   38.369999999999997        1.0205677524943630     
   38.380000000000003        1.0202107133704441     
   38.390000000000001        1.0219542491052513     
   38.399999999999999        1.0257081822842229     
   38.410000000000004        1.0311973838083255     
   38.420000000000002        1.0379853897635929     
   38.430000000000000        1.0455121814319666     
   38.439999999999998        1.0531427646220746     
   38.450000000000003        1.0602222371971133     
   38.460000000000001        1.0661324722574750     
   38.469999999999999        1.0703454176641112     
   38.480000000000004        1.0724683303654441     
   38.490000000000002        1.0722769965850407     
   38.500000000000000        1.0697340697337614     
   38.509999999999998        1.0649909895061362     
   38.520000000000003        1.0583734085334644     
   38.530000000000001        1.0503515164012789     
   38.539999999999999        1.0414979843815844     
   38.550000000000004        1.0324373394773441     
   38.560000000000002        1.0237913174714530     
   38.570000000000000        1.0161250767947116     
   38.579999999999998        1.0098990500913245     
   38.590000000000003        1.0054306794016887     
   38.600000000000001        1.0028693729839560     
   38.609999999999999        1.0021868195536370     
   38.619999999999997        1.0031834077982822     
   38.630000000000003        1.0055100503352683     
   38.640000000000001        1.0087033317853120     
   38.649999999999999        1.0122307136906226     
   38.660000000000004        1.0155416403507069     
   38.670000000000002        1.0181198779751872     
   38.680000000000000        1.0195323295394261     
   38.689999999999998        1.0194699061200267     
   38.700000000000003        1.0177767705816081     
   38.710000000000001        1.0144653340754035     
   38.719999999999999        1.0097156832747829     
   38.730000000000004        1.0038595293216073     
   38.740000000000002       0.99735017068033482     
   38.750000000000000       0.99072122542026286     
   38.759999999999998       0.98453790044007550     
   38.770000000000003       0.97934523517837579     
   38.780000000000001       0.97561802567881928     
   38.789999999999999       0.97371697796859169     
   38.800000000000004       0.97385507229231705     
   38.810000000000002       0.97607719344546606     
   38.820000000000000       0.98025488110261561     
   38.829999999999998       0.98609668611683665     
   38.840000000000003       0.99317320763143524     
   38.850000000000001        1.0009545586490529     
   38.859999999999999        1.0088568839598382     
   38.869999999999997        1.0162937352091621     
   38.880000000000003        1.0227276671180019     
   38.890000000000001        1.0277173961613963     
   38.899999999999999        1.0309562604724041     
   38.910000000000004        1.0322985017209496     
   38.920000000000002        1.0317709860015425     
   38.930000000000000        1.0295692928772888     
   38.939999999999998        1.0260385117676483     
   38.950000000000003        1.0216404660834668     
   38.960000000000001        1.0169103136605280     
   38.969999999999999        1.0124064365424015     
   38.980000000000004        1.0086581470003071     
   38.990000000000002        1.0061159442269854     
   39.000000000000000        1.0051088381634956     
   39.009999999999998        1.0058126323046870     
   39.020000000000003        1.0082320814440091     
   39.030000000000001        1.0121986000625065     
   39.039999999999999        1.0173838031361948     
   39.050000000000004        1.0233277381257990     
   39.060000000000002        1.0294793422100976     
   39.070000000000000        1.0352455511946319     
   39.079999999999998        1.0400446955219647     
   39.090000000000003        1.0433594158297712     
   39.100000000000001        1.0447843524115119     
   39.109999999999999        1.0440643087210104     
   39.119999999999997        1.0411194198976144     
   39.130000000000003        1.0360549999483588     
   39.140000000000001        1.0291550945785515     
   39.149999999999999        1.0208602106653422     
   39.160000000000004        1.0117310997258551     
   39.170000000000002        1.0024017163204400     
   39.180000000000000       0.99352544233649653     
   39.189999999999998       0.98571927788776870     
   39.200000000000003       0.97951089440386208     
   39.210000000000001       0.97529320744301629     
   39.219999999999999       0.97329047630664067     
   39.230000000000004       0.97353893176365380     
   39.240000000000002       0.97588366075700839     
   39.250000000000000       0.97999205022982572     
   39.259999999999998       0.98538263728200537     
   39.270000000000003       0.99146685841038218     
   39.280000000000001       0.99760005640875071     
   39.289999999999999        1.0031372899276292     
   39.300000000000004        1.0074890696656211     
   39.310000000000002        1.0101721538715975     
   39.320000000000000        1.0108509734236175     
   39.329999999999998        1.0093660844018781     
   39.340000000000003        1.0057471904667348     
   39.350000000000001        1.0002096371774578     
   39.359999999999999       0.99313473533097540     
   39.369999999999997       0.98503569182006367     
   39.380000000000003       0.97651218884656987     
   39.390000000000001       0.96819764420587762     
   39.399999999999999       0.96070381947139993     
   39.410000000000004       0.95456766369976664     
   39.420000000000002       0.95020506884781619     
   39.430000000000000       0.94787558883460876     
   39.439999999999998       0.94766119300279161     
   39.450000000000003       0.94946087407938273     
   39.460000000000001       0.95300152177655595     
   39.469999999999999       0.95786403094476869     
   39.480000000000004       0.96352226547226594     
   39.490000000000002       0.96939136513223978     
   39.500000000000000       0.97488106238199490     
   39.509999999999998       0.97944924184340465     
   39.520000000000003       0.98265096461108736     
   39.530000000000001       0.98417859283517417     
   39.539999999999999       0.98388944980210602     
   39.550000000000004       0.98181856540385681     
   39.560000000000002       0.97817538706350637     
   39.570000000000000       0.97332476356088071     
   39.579999999999998       0.96775390706193187     
   39.590000000000003       0.96202828312159305     
   39.600000000000001       0.95674035944800706     
   39.609999999999999       0.95245577529043701     
   39.619999999999997       0.94966171911784314     
   39.630000000000003       0.94872210350014696     
   39.640000000000001       0.94984352115747939     
   39.649999999999999       0.95305500933412146     
   39.660000000000004       0.95820342638741351     
   39.670000000000002       0.96496486358475997     
   39.680000000000000       0.97287109913933645     
   39.689999999999998       0.98134877588002045     
   39.700000000000003       0.98976786574505971     
   39.710000000000001       0.99749517195025061     
   39.719999999999999        1.0039481843156579     
   39.730000000000004        1.0086445823489534     
   39.740000000000002        1.0112430749776993     
   39.750000000000000        1.0115720392004841     
   39.759999999999998        1.0096435028041537     
   39.770000000000003        1.0056513118775390     
   39.780000000000001       0.99995371677862055     
   39.789999999999999       0.99304197688295115     
   39.800000000000004       0.98549780397548470     
   39.810000000000002       0.97794342915407806     
   39.820000000000000       0.97098870414182026     
   39.829999999999998       0.96517988092527984     
   39.840000000000003       0.96095453469801884     
   39.850000000000001       0.95860652192861129     
   39.859999999999999       0.95826395068956116     
   39.869999999999997       0.95988196704841122     
   39.880000000000003       0.96325083489205876     
   39.890000000000001       0.96801842579615371     
   39.899999999999999       0.97372496181456747     
   39.910000000000004       0.97984678045560081     
   39.920000000000002       0.98584511243367612     
   39.930000000000000       0.99121544714499998     
   39.939999999999998       0.99553304360513706     
   39.950000000000003       0.99849052547739892     
   39.960000000000001       0.99992424184278439     
   39.969999999999999       0.99982711229019605     
   39.980000000000004       0.99834691140940501     
   39.990000000000002       0.99577027197202694     
   40.000000000000000       0.99249397859912503     
   40.009999999999998       0.98898626837113379     
   40.020000000000003       0.98574174909024093     
   40.030000000000001       0.98323410998558969     
   40.039999999999999       0.98187098367300607     
   40.050000000000004       0.98195510655247642     
   40.060000000000002       0.98365533758666035     
   40.070000000000000       0.98699018635854341     
   40.079999999999998       0.99182535314352460     
   40.090000000000003       0.99788550055839675     
   40.100000000000001        1.0047791743082026     
   40.109999999999999        1.0120345873859349     
   40.119999999999997        1.0191429865420345     
   40.130000000000003        1.0256056219420611     
   40.140000000000001        1.0309800038569841     
   40.149999999999999        1.0349211846745361     
   40.160000000000004        1.0372142459355536     
   40.170000000000002        1.0377949590986297     
   40.180000000000000        1.0367566546265219     
   40.189999999999998        1.0343425810967448     
   40.200000000000003        1.0309243522911240     
   40.210000000000001        1.0269683471707880     
   40.219999999999999        1.0229930311001831     
   40.230000000000004        1.0195210069327350     
   40.240000000000002        1.0170301053320876     
   40.250000000000000        1.0159079389768746     
   40.259999999999998        1.0164140635229006     
   40.270000000000003        1.0186532333291309     
   40.280000000000001        1.0225622693638421     
   40.289999999999999        1.0279118561130565     
   40.300000000000004        1.0343232601587515     
   40.310000000000002        1.0412986330900955     
   40.320000000000000        1.0482623440507255     
   40.329999999999998        1.0546097912337340     
   40.340000000000003        1.0597594562701080     
   40.350000000000001        1.0632036525397317     
   40.359999999999999        1.0645535068243248     
   40.369999999999997        1.0635741966975427     
   40.380000000000003        1.0602073018813010     
   40.390000000000001        1.0545782434009152     
   40.399999999999999        1.0469880817745689     
   40.410000000000004        1.0378903104639572     
   40.420000000000002        1.0278545930814760     
   40.430000000000000        1.0175205366068618     
   40.439999999999998        1.0075454671342143     
   40.450000000000003       0.99855070219878694     
   40.460000000000001       0.99107094785928118     
   40.469999999999999       0.98551117747712047     
   40.480000000000004       0.98211469634990134     
   40.490000000000002       0.98094511947946916     
   40.500000000000000       0.98188377480697742     
   40.509999999999998       0.98464269819155681     
   40.520000000000003       0.98879202768696772     
   40.530000000000001       0.99379935273263542     
   40.539999999999999       0.99907753862476201     
   40.550000000000004        1.0040368187292443     
   40.560000000000002        1.0081365897809278     
   40.570000000000000        1.0109323899233964     
   40.579999999999998        1.0121139800887093     
   40.590000000000003        1.0115312471228439     
   40.600000000000001        1.0092057305906619     
   40.609999999999999        1.0053268482382554     
   40.619999999999997        1.0002332449709501     
   40.630000000000003       0.99438099772631838     
   40.640000000000001       0.98830155864732527     
   40.649999999999999       0.98255321055447098     
   40.660000000000004       0.97767036406306840     
   40.670000000000002       0.97411519688192905     
   40.680000000000000       0.97223590905658053     
   40.689999999999998       0.97223526457701581     
   40.700000000000003       0.97415216449271713     
   40.710000000000001       0.97785783237690460     
   40.719999999999999       0.98306689347935527     
   40.730000000000004       0.98936230961405847     
   40.740000000000002       0.99623190955846330     
   40.750000000000000        1.0031132373112297     
   40.759999999999998        1.0094427172839326     
   40.770000000000003        1.0147047693511551     
   40.780000000000001        1.0184765287518072     
   40.789999999999999        1.0204642327110280     
   40.800000000000004        1.0205280898286997     
   40.810000000000002        1.0186934815823459     
   40.820000000000000        1.0151475650382480     
   40.829999999999998        1.0102216431601034     
   40.840000000000003        1.0043609285732256     
   40.850000000000001       0.99808443667521507     
   40.859999999999999       0.99193860665549904     
   40.869999999999997       0.98644878868433938     
   40.880000000000003       0.98207290561975447     
   40.890000000000001       0.97916138442211798     
   40.899999999999999       0.97792687653993260     
   40.910000000000004       0.97842640047832019     
   40.920000000000002       0.98055742360888798     
   40.930000000000000       0.98406815420883731     
   40.939999999999998       0.98858105009762332     
   40.950000000000003       0.99362737967115833     
   40.960000000000001       0.99868969841951105     
   40.969999999999999        1.0032484149596796     
   40.980000000000004        1.0068282754310054     
   40.990000000000002        1.0090406231533455     
   41.000000000000000        1.0096176877222380     
   41.009999999999998        1.0084358873108921     
   41.020000000000003        1.0055261234661712     
   41.030000000000001        1.0010702192535750     
   41.039999999999999       0.99538389397489935     
   41.050000000000004       0.98888786966103570     
   41.060000000000002       0.98206975894193804     
   41.070000000000000       0.97544019708025953     
   41.079999999999998       0.96948718115478949     
   41.090000000000003       0.96463272302598013     
   41.100000000000001       0.96119569824783246     
   41.109999999999999       0.95936420187317262     
   41.119999999999997       0.95917985642942083     
   41.130000000000003       0.96053543566125987     
   41.140000000000001       0.96318596745497187     
   41.149999999999999       0.96677226847837638     
   41.160000000000004       0.97085474991306242     
   41.170000000000002       0.97495441757508994     
   41.180000000000000       0.97859735214520327     
   41.189999999999998       0.98135865242093323     
   41.200000000000003       0.98290188261445399     
   41.210000000000001       0.98301047752104087     
   41.219999999999999       0.98160828892316210     
   41.230000000000004       0.97876743667645916     
   41.240000000000002       0.97470277010402306     
   41.250000000000000       0.96975344689427645     
   41.259999999999998       0.96435328989910352     
   41.270000000000003       0.95899258393459097     
   41.280000000000001       0.95417473559402155     
   41.289999999999999       0.95037167169651426     
   41.300000000000004       0.94798195659748052     
   41.310000000000002       0.94729535673460252     
   41.320000000000000       0.94846699597710316     
   41.329999999999998       0.95150338085389152     
   41.340000000000003       0.95626150873637927     
   41.350000000000001       0.96246110058521661     
   41.359999999999999       0.96970882816332826     
   41.369999999999997       0.97753233866578770     
   41.380000000000003       0.98542101283560191     
   41.390000000000001       0.99286980296560901     
   41.399999999999999       0.99942223681352416     
   41.410000000000004        1.0047087647803508     
   41.420000000000002        1.0084770615276628     
   41.430000000000000        1.0106116296000067     
   41.439999999999998        1.0111410245963319     
   41.450000000000003        1.0102321410098094     
   41.460000000000001        1.0081721639847978     
   41.469999999999999        1.0053398999528143     
   41.480000000000004        1.0021691488841786     
   41.490000000000002       0.99910748766613489     
   41.500000000000000       0.99657423482808927     
   41.509999999999998       0.99492142610548362     
   41.520000000000003       0.99440134357527910     
   41.530000000000001       0.99514353488231433     
   41.539999999999999       0.99714338870261698     
   41.550000000000004        1.0002632770582871     
   41.560000000000002        1.0042461299786807     
   41.570000000000000        1.0087401768059212     
   41.579999999999998        1.0133325733041494     
   41.590000000000003        1.0175888262179416     
   41.600000000000001        1.0210943997901556     
   41.609999999999999        1.0234946894185368     
   41.619999999999997        1.0245296939364692     
   41.630000000000003        1.0240601966026763     
   41.640000000000001        1.0220830324787531     
   41.649999999999999        1.0187340071183701     
   41.660000000000004        1.0142781492507988     
   41.670000000000002        1.0090881275160892     
   41.680000000000000        1.0036127347312196     
   41.689999999999998       0.99833824571286944     
   41.700000000000003       0.99374610481669934     
   41.710000000000001       0.99027073825412659     
   41.719999999999999       0.98826128312135708     
   41.730000000000004       0.98795067993076668     
   41.740000000000002       0.98943491909219017     
   41.750000000000000       0.99266432313217523     
   41.759999999999998       0.99744766710882660     
   41.770000000000003        1.0034687867649426     
   41.780000000000001        1.0103142012601638     
   41.789999999999999        1.0175092860038581     
   41.800000000000004        1.0245597606199741     
   41.810000000000002        1.0309947770637216     
   41.820000000000000        1.0364077469633870     
   41.829999999999998        1.0404912489294114     
   41.840000000000003        1.0430628881422901     
   41.850000000000001        1.0440797945532960     
   41.859999999999999        1.0436404695704562     
   41.869999999999997        1.0419738322453835     
   41.880000000000003        1.0394164720774788     
   41.890000000000001        1.0363801824433265     
   41.899999999999999        1.0333127300060407     
   41.910000000000004        1.0306554314524943     
   41.920000000000002        1.0288014034417905     
   41.930000000000000        1.0280582974401236     
   41.939999999999998        1.0286189321947179     
   41.950000000000003        1.0305425280188600     
   41.960000000000001        1.0337482918301704     
   41.969999999999999        1.0380219853666655     
   41.980000000000004        1.0430349313167266     
   41.990000000000002        1.0483737791572671     
   42.000000000000000        1.0535783665295231     
   42.009999999999998        1.0581842623571354     
   42.020000000000003        1.0617661330750854     
   42.030000000000001        1.0639779746141071     
   42.039999999999999        1.0645865105978749     
   42.050000000000004        1.0634946500413127     
   42.060000000000002        1.0607527740503995     
   42.070000000000000        1.0565567033846379     
   42.079999999999998        1.0512323912305599     
   42.090000000000003        1.0452085818695895     
   42.100000000000001        1.0389797690137721     
   42.109999999999999        1.0330626790837134     
   42.119999999999997        1.0279501138385818     
   42.130000000000003        1.0240662575634087     
   42.140000000000001        1.0217274604241320     
   42.149999999999999        1.0211120578815933     
   42.160000000000004        1.0222420143794753     
   42.170000000000002        1.0249781546697700     
   42.180000000000000        1.0290295576815840     
   42.189999999999998        1.0339764402620544     
   42.200000000000003        1.0393046616013681     
   42.210000000000001        1.0444489398337824     
   42.219999999999999        1.0488410828410184     
   42.230000000000004        1.0519590666219965     
   42.240000000000002        1.0533726896149500     
   42.250000000000000        1.0527818010020706     
   42.259999999999998        1.0500437232330786     
   42.270000000000003        1.0451874105573655     
   42.280000000000001        1.0384130265093245     
   42.289999999999999        1.0300768847248649     
   42.300000000000004        1.0206629689989000     
   42.310000000000002        1.0107434187515780     
   42.320000000000000        1.0009313323141340     
   42.329999999999998       0.99182991759258843     
   42.340000000000003       0.98398234784803429     
   42.350000000000001       0.97782663014148818     
   42.359999999999999       0.97365936915374907     
   42.369999999999997       0.97161154615203960     
   42.380000000000003       0.97163839801008856     
   42.390000000000001       0.97352426444621876     
   42.399999999999999       0.97690197902157050     
   42.410000000000004       0.98128512361147102     
   42.420000000000002       0.98611035648736400     
   42.430000000000000       0.99078615746758225     
   42.439999999999998       0.99474378517782980     
   42.450000000000003       0.99748605878890362     
   42.460000000000001       0.99862977513350315     
   42.469999999999999       0.99793813395888720     
   42.480000000000004       0.99534041962403785     
   42.490000000000002       0.99093729982057033     
   42.500000000000000       0.98499135335209997     
   42.509999999999998       0.97790372014015547     
   42.520000000000003       0.97017896557801497     
   42.530000000000001       0.96238126373993560     
   42.539999999999999       0.95508574198653828     
   42.550000000000004       0.94882922967605210     
   42.560000000000002       0.94406468225360518     
   42.570000000000000       0.94112320787858583     
   42.579999999999998       0.94018693854524904     
   42.590000000000003       0.94127502273514263     
   42.600000000000001       0.94424385769768870     
   42.609999999999999       0.94880142887564001     
   42.619999999999997       0.95453439180659849     
   42.630000000000003       0.96094542602005462     
   42.640000000000001       0.96749750744448415     
   42.649999999999999       0.97366116208775366     
   42.660000000000004       0.97896052906107123     
   42.670000000000002       0.98301419427233050     
   42.680000000000000       0.98556724372186366     
   42.689999999999998       0.98651178258517458     
   42.700000000000003       0.98589420135388262     
   42.710000000000001       0.98390865080909695     
   42.719999999999999       0.98087740869648465     
   42.730000000000004       0.97721997475074718     
   42.740000000000002       0.97341371571466251     
   42.750000000000000       0.96994961212684605     
   42.759999999999998       0.96728707074923137     
   42.770000000000003       0.96581182579496305     
   42.780000000000001       0.96580065518171454     
   42.789999999999999       0.96739601296342537     
   42.800000000000004       0.97059278286334416     
   42.810000000000002       0.97523827114021611     
   42.820000000000000       0.98104537703191186     
   42.829999999999998       0.98761771069791915     
   42.840000000000003       0.99448437534447720     
   42.850000000000001        1.0011412847944168     
   42.859999999999999        1.0070953240262825     
   42.869999999999997        1.0119074267017820     
   42.880000000000003        1.0152307594608061     
   42.890000000000001        1.0168406557614431     
   42.899999999999999        1.0166536903927292     
   42.910000000000004        1.0147342616078350     
   42.920000000000002        1.0112881633716129     
   42.930000000000000        1.0066437857775234     
   42.939999999999998        1.0012226744856167     
   42.950000000000003       0.99550211337053929     
   42.960000000000001       0.98997308639309967     
   42.969999999999999       0.98509736483767030     
   42.980000000000004       0.98126752142224094     
   42.990000000000002       0.97877339024636234     
   43.000000000000000       0.97777789802485338     
   43.009999999999998       0.97830434201060534     
   43.020000000000003       0.98023616044547579     
   43.030000000000001       0.98332912488320157     
   43.039999999999999       0.98723478015716970     
   43.050000000000004       0.99153296531328450     
   43.060000000000002       0.99577045527518648     
   43.070000000000000       0.99950223795942605     
   43.079999999999998        1.0023317303090182     
   43.090000000000003        1.0039463563387923     
   43.100000000000001        1.0041453482411880     
   43.109999999999999        1.0028573469920079     
   43.119999999999997        1.0001463062612859     
   43.130000000000003       0.99620525871395005     
   43.140000000000001       0.99133859191993057     
   43.149999999999999       0.98593450457629284     
   43.160000000000004       0.98043018135309745     
   43.170000000000002       0.97527285960543353     
   43.180000000000000       0.97088030786639956     
   43.189999999999998       0.96760426497296914     
   43.200000000000003       0.96570009902691045     
   43.210000000000001       0.96530536487338459     
   43.219999999999999       0.96642912106384049     
   43.230000000000004       0.96895288705920035     
   43.240000000000002       0.97264306765264275     
   43.250000000000000       0.97717363937082358     
   43.259999999999998       0.98215697568128812     
   43.270000000000003       0.98717996623158133     
   43.280000000000001       0.99184212407560191     
   43.289999999999999       0.99579221420362929     
   43.300000000000004       0.99876008973901220     
   43.310000000000002        1.0005808736517332     
   43.320000000000000        1.0012093316889978     
   43.329999999999998        1.0007231814286246     
   43.340000000000003       0.99931509091982518     
   43.350000000000001       0.99727414673361037     
   43.359999999999999       0.99495852259721529     
   43.369999999999997       0.99276187043432162     
   43.380000000000003       0.99107651469910651     
   43.390000000000001       0.99025680867058274     
   43.399999999999999       0.99058598374078677     
   43.410000000000004       0.99224949325940848     
   43.420000000000002       0.99531725205020349     
   43.430000000000000       0.99973635656640092     
   43.439999999999998        1.0053349134652028     
   43.450000000000003        1.0118365933576716     
   43.460000000000001        1.0188845534995865     
   43.469999999999999        1.0260725264173229     
   43.480000000000004        1.0329802274543745     
   43.490000000000002        1.0392098509663303     
   43.500000000000000        1.0444203366082083     
   43.509999999999998        1.0483563012299608     
   43.520000000000003        1.0508690282707527     
   43.530000000000001        1.0519276395230028     
   43.539999999999999        1.0516194766507043     
   43.550000000000004        1.0501397094396447     
   43.560000000000002        1.0477711741784386     
   43.570000000000000        1.0448563389045478     
   43.579999999999998        1.0417640111033193     
   43.590000000000003        1.0388538823207136     
   43.600000000000001        1.0364421993818729     
   43.609999999999999        1.0347717456398857     
   43.619999999999997        1.0339889174891370     
   43.630000000000003        1.0341300274189820     
   43.640000000000001        1.0351181146204536     
   43.649999999999999        1.0367705750012766     
   43.660000000000004        1.0388169227437236     
   43.670000000000002        1.0409250565257491     
   43.680000000000000        1.0427336111334811     
   43.689999999999998        1.0438874021854572     
   43.700000000000003        1.0440726710508379     
   43.710000000000001        1.0430488371299751     
   43.719999999999999        1.0406737665758565     
   43.730000000000004        1.0369201439464584     
   43.740000000000002        1.0318813347507907     
   43.750000000000000        1.0257660804230253     
   43.759999999999998        1.0188823868893861     
   43.770000000000003        1.0116119612089391     
   43.780000000000001        1.0043774273996506     
   43.789999999999999       0.99760523230793929     
   43.800000000000004       0.99168757250172501     
   43.810000000000002       0.98694679411560471     
   43.820000000000000       0.98360552664374146     
   43.829999999999998       0.98176532425058083     
   43.840000000000003       0.98139584646599376     
   43.850000000000001       0.98233567948554046     
   43.859999999999999       0.98430486239275949     
   43.869999999999997       0.98692813211623720     
   43.880000000000003       0.98976693117841374     
   43.890000000000001       0.99235742085743395     
   43.899999999999999       0.99425118216960950     
   43.910000000000004       0.99505501972496624     
   43.920000000000002       0.99446633465418566     
   43.930000000000000       0.99230089971015556     
   43.939999999999998       0.98851052129434069     
   43.950000000000003       0.98318895293025199     
   43.960000000000001       0.97656545533759465     
   43.969999999999999       0.96898648865793247     
   43.980000000000004       0.96088707571462295     
   43.990000000000002       0.95275429749926432     
   44.000000000000000       0.94508609068418348     
   44.009999999999998       0.93834894787178946     
   44.020000000000003       0.93293823497467976     
   44.030000000000001       0.92914462511541718     
   44.039999999999999       0.92712962246519215     
   44.050000000000004       0.92691235795038152     
   44.060000000000002       0.92836885093389010     
   44.070000000000000       0.93124383371424335     
   44.079999999999998       0.93517412586198700     
   44.090000000000003       0.93972152136581499     
   44.100000000000001       0.94441230431135070     
   44.109999999999999       0.94877991399386996     
   44.119999999999997       0.95240699143581242     
   44.130000000000003       0.95496308274493646     
   44.140000000000001       0.95623464772527345     
   44.149999999999999       0.95614469255775114     
   44.160000000000004       0.95476025468869841     
   44.170000000000002       0.95228703649329560     
   44.180000000000000       0.94905161773330948     
   44.189999999999998       0.94547277525550344     
   44.200000000000003       0.94202440461586112     
   44.210000000000001       0.93919328669448321     
   44.219999999999999       0.93743540632681321     
   44.230000000000004       0.93713466797413303     
   44.240000000000002       0.93856765270547859     
   44.250000000000000       0.94187753838446098     
   44.259999999999998       0.94705950652692272     
   44.270000000000003       0.95395895483844484     
   44.280000000000001       0.96228271227217954     
   44.289999999999999       0.97162231236439922     
   44.300000000000004       0.98148732119791171     
   44.310000000000002       0.99134583205261173     
   44.320000000000000        1.0006686077040210     
   44.329999999999998        1.0089730291841750     
   44.340000000000003        1.0158630251532825     
   44.350000000000001        1.0210615075894751     
   44.359999999999999        1.0244324963722293     
   44.369999999999997        1.0259910196358193     
   44.380000000000003        1.0258999488034128     
   44.390000000000001        1.0244540724829596     
   44.399999999999999        1.0220528309842907     
   44.410000000000004        1.0191641246486394     
   44.420000000000002        1.0162823872238751     
   44.430000000000000        1.0138846117808666     
   44.439999999999998        1.0123881877425978     
   44.450000000000003        1.0121142387788420     
   44.460000000000001        1.0132596579807995     
   44.469999999999999        1.0158802628554771     
   44.480000000000004        1.0198865070188992     
   44.490000000000002        1.0250520753773305     
   44.500000000000000        1.0310345533149612     
   44.509999999999998        1.0374062983702832     
   44.520000000000003        1.0436927487782452     
   44.530000000000001        1.0494147557719542     
   44.539999999999999        1.0541311824078881     
   44.550000000000004        1.0574780006829259     
   44.560000000000002        1.0592004410753753     
   44.570000000000000        1.0591753750631090     
   44.579999999999998        1.0574219854537019     
   44.590000000000003        1.0540998234490189     
   44.600000000000001        1.0494944722936532     
   44.609999999999999        1.0439921355260369     
   44.619999999999997        1.0380454458797372     
   44.630000000000003        1.0321335622511760     
   44.640000000000001        1.0267201188537443     
   44.649999999999999        1.0222127692673080     
   44.660000000000004        1.0189279134497133     
   44.670000000000002        1.0170637224626684     
   44.680000000000000        1.0166838265377522     
   44.689999999999998        1.0177130744856127     
   44.700000000000003        1.0199456920783150     
   44.710000000000001        1.0230650604182345     
   44.719999999999999        1.0266733011177351     
   44.730000000000004        1.0303279853838361     
   44.740000000000002        1.0335826560505241     
   44.750000000000000        1.0360275207606904     
   44.759999999999998        1.0373266698093546     
   44.770000000000003        1.0372484934103474     
   44.780000000000001        1.0356865910478252     
   44.789999999999999        1.0326693243857747     
   44.800000000000004        1.0283571877631130     
   44.810000000000002        1.0230282649042337     
   44.820000000000000        1.0170531091027530     
   44.829999999999998        1.0108613311994803     
   44.840000000000003        1.0049029205506177     
   44.850000000000001       0.99960779276743583     
   44.859999999999999       0.99534721259233228     
   44.869999999999997       0.99240056729805692     
   44.880000000000003       0.99093048117692017     
   44.890000000000001       0.99096850867534136     
   44.899999999999999       0.99241269014212463     
   44.910000000000004       0.99503718555730203     
   44.920000000000002       0.99851311383440700     
   44.930000000000000        1.0024387158946289     
   44.939999999999998        1.0063761192371412     
   44.950000000000003        1.0098913856091645     
   44.960000000000001        1.0125942251866455     
   44.969999999999999        1.0141737873226047     
   44.980000000000004        1.0144272872540141     
   44.990000000000002        1.0132788691161814     
   45.000000000000000        1.0107869810050467     
   45.009999999999998        1.0071395694134326     
   45.020000000000003        1.0026374958458188     
   45.030000000000001       0.99766763966070438     
   45.039999999999999       0.99266808301369713     
   45.050000000000004       0.98808849244987285     
   45.060000000000002       0.98434925242297466     
   45.070000000000000       0.98180302880611037     
   45.079999999999998       0.98070223362220577     
   45.090000000000003       0.98117534359094383     
   45.100000000000001       0.98321424035972893     
   45.109999999999999       0.98667375904271870     
   45.119999999999997       0.99128354121725959     
   45.130000000000003       0.99667118604088978     
   45.140000000000001        1.0023946771641856     
   45.149999999999999        1.0079812246326250     
   45.160000000000004        1.0129690753825753     
   45.170000000000002        1.0169485662392086     
   45.180000000000000        1.0195987453911446     
   45.189999999999998        1.0207162684896960     
   45.200000000000003        1.0202339509238325     
   45.210000000000001        1.0182272691851098     
   45.219999999999999        1.0149081711352519     
   45.230000000000004        1.0106066829446274     
   45.240000000000002        1.0057418893187335     
   45.250000000000000        1.0007848164109421     
   45.259999999999998       0.99621647841028815     
   45.270000000000003       0.99248479346900709     
   45.280000000000001       0.98996419197959495     
   45.289999999999999       0.98892151873569700     
   45.300000000000004       0.98949128874993642     
   45.310000000000002       0.99166254143391308     
   45.320000000000000       0.99527852079313661     
   45.329999999999998        1.0000492796545717     
   45.340000000000003        1.0055761633312101     
   45.350000000000001        1.0113860735495299     
   45.359999999999999        1.0169725404073662     
   45.369999999999997        1.0218400162728176     
   45.380000000000003        1.0255475058525292     
   45.390000000000001        1.0277476885132597     
   45.399999999999999        1.0282180696307219     
   45.410000000000004        1.0268813846544034     
   45.420000000000002        1.0238134130526744     
   45.430000000000000        1.0192374578144328     
   45.439999999999998        1.0135059135105771     
   45.450000000000003        1.0070704795991279     
   45.460000000000001        1.0004435759945001     
   45.469999999999999       0.99415429678323208     
   45.480000000000004       0.98870272653362112     
   45.490000000000002       0.98451659850538376     
   45.500000000000000       0.98191408104030153     
   45.509999999999998       0.98107595385054092     
   45.520000000000003       0.98202962525471560     
   45.530000000000001       0.98464641521591745     
   45.539999999999999       0.98865237682467433     
   45.550000000000004       0.99365175125037197     
   45.560000000000002       0.99916105103974062     
   45.570000000000000        1.0046508400946681     
   45.579999999999998        1.0095916066595043     
   45.590000000000003        1.0134997668658068     
   45.600000000000001        1.0159798220862286     
   45.609999999999999        1.0167590246849216     
   45.619999999999997        1.0157115546541826     
   45.630000000000003        1.0128701174099595     
   45.640000000000001        1.0084239613506509     
   45.649999999999999        1.0027034876838263     
   45.660000000000004       0.99615278218119974     
   45.670000000000002       0.98929243827219548     
   45.680000000000000       0.98267587301597736     
   45.689999999999998       0.97684289011445447     
   45.700000000000003       0.97227446992815525     
   45.710000000000001       0.96935264677508060     
   45.719999999999999       0.96832888018054575     
   45.730000000000004       0.96930357986879911     
   45.740000000000002       0.97221847027813646     
   45.750000000000000       0.97686236496606937     
   45.759999999999998       0.98288976219464419     
   45.770000000000003       0.98985057141013055     
   45.780000000000001       0.99722833195542182     
   45.789999999999999        1.0044835720497687     
   45.800000000000004        1.0110985387622387     
   45.810000000000002        1.0166194431148061     
   45.820000000000000        1.0206926141616608     
   45.829999999999998        1.0230915180029554     
   45.840000000000003        1.0237324210326904     
   45.850000000000001        1.0226774875117777     
   45.859999999999999        1.0201252099655722     
   45.869999999999997        1.0163891790584143     
   45.880000000000003        1.0118672102200217     
   45.890000000000001        1.0070036692797126     
   45.899999999999999        1.0022484074657667     
   45.910000000000004       0.99801597918301244     
   45.920000000000002       0.99464875300712030     
   45.930000000000000       0.99238714524373928     
   45.939999999999998       0.99134954213977655     
   45.950000000000003       0.99152359205443574     
   45.960000000000001       0.99276952245414329     
   45.969999999999999       0.99483506037888980     
   45.980000000000004       0.99738050475873075     
   45.990000000000002        1.0000116056948325     
   46.000000000000000        1.0023172279012171     
   46.009999999999998        1.0039083716887616     
   46.020000000000003        1.0044550292193086     
   46.030000000000001        1.0037175727421110     
   46.039999999999999        1.0015698836099030     
   46.050000000000004       0.99801218857573004     
   46.060000000000002       0.99317250412297975     
   46.070000000000000       0.98729661598161855     
   46.079999999999998       0.98072754739675172     
   46.090000000000003       0.97387640451725865     
   46.100000000000001       0.96718724750453000     
   46.109999999999999       0.96109915469672136     
   46.119999999999997       0.95600887938623991     
   46.130000000000003       0.95223742528945599     
   46.140000000000001       0.95000349584256816     
   46.149999999999999       0.94940613883618963     
   46.160000000000004       0.95041806972363796     
   46.170000000000002       0.95289019035887168     
   46.180000000000000       0.95656681223681539     
   46.189999999999998       0.96111013510928267     
   46.200000000000003       0.96613170889055588     
   46.210000000000001       0.97122799231724632     
   46.219999999999999       0.97601677015392463     
   46.230000000000004       0.98017113231858410     
   46.240000000000002       0.98344795717489764     
   46.250000000000000       0.98570835474357699     
   46.259999999999998       0.98692826646607212     
   46.270000000000003       0.98719831889678233     
   46.280000000000001       0.98671300763778291     
   46.289999999999999       0.98575025651617365     
   46.300000000000004       0.98464326817025960     
   46.310000000000002       0.98374727759080949     
   46.320000000000000       0.98340427750466053     
   46.329999999999998       0.98390896308988773     
   46.340000000000003       0.98547902784443919     
   46.350000000000001       0.98823254346705736     
   46.359999999999999       0.99217451078701269     
   46.369999999999997       0.99719383469570066     
   46.380000000000003        1.0030710291181806     
   46.390000000000001        1.0094959838125637     
   46.399999999999999        1.0160942110392006     
   46.410000000000004        1.0224592192205437     
   46.420000000000002        1.0281881020054309     
   46.430000000000000        1.0329171349336301     
   46.439999999999998        1.0363541648008088     
   46.450000000000003        1.0383048595002509     
   46.460000000000001        1.0386904331749676     
   46.469999999999999        1.0375552238227281     
   46.480000000000004        1.0350634096094617     
   46.490000000000002        1.0314851244402663     
   46.500000000000000        1.0271731853412711     
   46.509999999999998        1.0225324884391991     
   46.520000000000003        1.0179847909616309     
   46.530000000000001        1.0139320143333468     
   46.539999999999999        1.0107213404906052     
   46.550000000000004        1.0086152174769614     
   46.560000000000002        1.0077689549743558     
   46.570000000000000        1.0082179144300127     
   46.579999999999998        1.0098754421826432     
   46.590000000000003        1.0125417339504490     
   46.600000000000001        1.0159228410271139     
   46.609999999999999        1.0196581199862167     
   46.619999999999997        1.0233536699397723     
   46.630000000000003        1.0266187622860050     
   46.640000000000001        1.0291019958143623     
   46.649999999999999        1.0305239295805300     
   46.660000000000004        1.0307032556671256     
   46.670000000000002        1.0295741464768122     
   46.680000000000000        1.0271931957513425     
   46.689999999999998        1.0237352993338709     
   46.700000000000003        1.0194788083154240     
   46.710000000000001        1.0147812457735881     
   46.719999999999999        1.0100477234105028     
   46.730000000000004        1.0056948506620580     
   46.740000000000002        1.0021133376795486     
   46.750000000000000       0.99963261836176365     
   46.759999999999998       0.99849064896193174     
   46.770000000000003       0.99881158659637814     
   46.780000000000001        1.0005933600630306     
   46.789999999999999        1.0037062739624916     
   46.800000000000004        1.0079028133867300     
   46.810000000000002        1.0128378266863853     
   46.820000000000000        1.0180973457725617     
   46.829999999999998        1.0232335384239239     
   46.840000000000003        1.0278027429562433     
   46.850000000000001        1.0314032605814623     
   46.859999999999999        1.0337095991945826     
   46.869999999999997        1.0345001725324769     
   46.880000000000003        1.0336760331540265     
   46.890000000000001        1.0312690056125571     
   46.899999999999999        1.0274385177817551     
   46.910000000000004        1.0224574211391040     
   46.920000000000002        1.0166880571436017     
   46.930000000000000        1.0105506813297611     
   46.939999999999998        1.0044870240363528     
   46.950000000000003       0.99892218810094080     
   46.960000000000001       0.99422822251838128     
   46.969999999999999       0.99069255519084898     
   46.980000000000004       0.98849403176550155     
   46.990000000000002       0.98768863021427078     
   47.000000000000000       0.98820606258320487     
   47.009999999999998       0.98985751243273767     
   47.020000000000003       0.99235377423763582     
   47.030000000000001       0.99533214627252475     
   47.039999999999999       0.99838966198283996     
   47.050000000000004        1.0011196939290588     
   47.060000000000002        1.0031486772630236     
   47.070000000000000        1.0041697010363697     
   47.079999999999998        1.0039700045472664     
   47.090000000000003        1.0024499660256674     
   47.100000000000001       0.99963193280278428     
   47.109999999999999       0.99565814763317217     
   47.119999999999997       0.99077799442670222     
   47.130000000000003       0.98532573231805920     
   47.140000000000001       0.97969072603443341     
   47.149999999999999       0.97428283890431766     
   47.160000000000004       0.96949607477784883     
   47.170000000000002       0.96567370012584319     
   47.180000000000000       0.96307793566039057     
   47.189999999999998       0.96186689146776838     
   47.200000000000003       0.96208076857954572     
   47.210000000000001       0.96363852164323394     
   47.219999999999999       0.96634524594191951     
   47.230000000000004       0.96990960043914476     
   47.240000000000002       0.97396969129122724     
   47.250000000000000       0.97812509590424168     
   47.259999999999998       0.98197217169722495     
   47.270000000000003       0.98513951312498582     
   47.280000000000001       0.98732041923630631     
   47.289999999999999       0.98829951122346282     
   47.300000000000004       0.98797116944145547     
   47.310000000000002       0.98634819424533959     
   47.320000000000000       0.98355996866500883     
   47.329999999999998       0.97984033525893732     
   47.340000000000003       0.97550631118118636     
   47.350000000000001       0.97092957359771026     
   47.359999999999999       0.96650328062369351     
   47.369999999999997       0.96260719530147565     
   47.380000000000003       0.95957421688709166     
   47.390000000000001       0.95766128374474557     
   47.399999999999999       0.95702720900761629     
   47.410000000000004       0.95771938079881835     
   47.420000000000002       0.95967046018096547     
   47.430000000000000       0.96270531395539183     
   47.439999999999998       0.96655750622122183     
   47.450000000000003       0.97089382372473132     
   47.460000000000001       0.97534460093372422     
   47.469999999999999       0.97953710417003381     
   47.480000000000004       0.98312897442527292     
   47.490000000000002       0.98583873787910836     
   47.500000000000000       0.98747066972169795     
   47.509999999999998       0.98793181488794246     
   47.520000000000003       0.98723968149643782     
   47.530000000000001       0.98551996471865255     
   47.539999999999999       0.98299455468389274     
   47.550000000000004       0.97996095149515938     
   47.560000000000002       0.97676497577174703     
   47.570000000000000       0.97376925621823762     
   47.579999999999998       0.97132034405907230     
   47.590000000000003       0.96971741558920732     
   47.600000000000001       0.96918536950061362     
   47.609999999999999       0.96985471983260674     
   47.619999999999997       0.97175006560583532     
   47.630000000000003       0.97478814073555398     
   47.640000000000001       0.97878558294020446     
   47.649999999999999       0.98347568595402324     
   47.660000000000004       0.98853259392386872     
   47.670000000000002       0.99360073251884062     
   47.680000000000000       0.99832680723784084     
   47.689999999999998        1.0023914767616531     
   47.700000000000003        1.0055378472838159     
   47.710000000000001        1.0075942284302559     
   47.719999999999999        1.0084891154849545     
   47.730000000000004        1.0082570684808896     
   47.740000000000002        1.0070349823949314     
   47.750000000000000        1.0050491098679453     
   47.759999999999998        1.0025940304863157     
   47.770000000000003        1.0000054839125598     
   47.780000000000001       0.99762953323438819     
   47.789999999999999       0.99579085078657914     
   47.800000000000004       0.99476299252155442     
   47.810000000000002       0.99474334260222785     
   47.820000000000000       0.99583498432648099     
   47.829999999999998       0.99803712547412260     
   47.840000000000003        1.0012449325380499     
   47.850000000000001        1.0052587788978917     
   47.859999999999999        1.0098020633583344     
   47.870000000000005        1.0145459839622359     
   47.880000000000003        1.0191390269138467     
   47.890000000000001        1.0232385078592487     
   47.899999999999999        1.0265413204446558     
   47.910000000000004        1.0288111211291708     
   47.920000000000002        1.0298995027194546     
   47.930000000000000        1.0297592526538635     
   47.939999999999998        1.0284485065682853     
   47.950000000000003        1.0261254286849928     
   47.960000000000001        1.0230339041216614     
   47.969999999999999        1.0194815375045396     
   47.980000000000004        1.0158119445153788     
   47.990000000000002        1.0123738360142380     
   48.000000000000000        1.0094896821245964     
   48.009999999999998        1.0074267803900432     
   48.020000000000003        1.0063733346410024     
   48.030000000000001        1.0064216992196666     
   48.039999999999999        1.0075602974467812     
   48.050000000000004        1.0096749418111808     
   48.060000000000002        1.0125594366231569     
   48.070000000000000        1.0159345079389821     
   48.079999999999998        1.0194733555784279     
   48.090000000000003        1.0228315254176852     
   48.100000000000001        1.0256784104488406     
   48.109999999999999        1.0277275413489642     
   48.120000000000005        1.0287629347624285     
   48.130000000000003        1.0286591205016746     
   48.140000000000001        1.0273930357105303     
   48.149999999999999        1.0250467038072089     
   48.160000000000004        1.0218004432097449     
   48.170000000000002        1.0179172011882269     
   48.180000000000000        1.0137194053653804     
   48.189999999999998        1.0095603978501615     
   48.200000000000003        1.0057930044037866     
   48.210000000000001        1.0027380496672444     
   48.219999999999999        1.0006556361308490     
   48.230000000000004       0.99972175861065460     
   48.240000000000002        1.0000123495803783     
   48.250000000000000        1.0014961865406737     
   48.259999999999998        1.0040373002560830     
   48.270000000000003        1.0074066732268305     
   48.280000000000001        1.0113021873488857     
   48.289999999999999        1.0153750428020849     
   48.300000000000004        1.0192602928245451     
   48.310000000000002        1.0226087728983839     
   48.320000000000000        1.0251175807231636     
   48.329999999999998        1.0265563960431578     
   48.340000000000003        1.0267873048838159     
   48.350000000000001        1.0257763772429951     
   48.359999999999999        1.0235959882011003     
   48.370000000000005        1.0204177031785064     
   48.380000000000003        1.0164963940373812     
   48.390000000000001        1.0121470379140889     
   48.399999999999999        1.0077163045676458     
   48.410000000000004        1.0035515019395322     
   48.420000000000002       0.99996968191877511     
   48.430000000000000       0.99722968819682556     
   48.439999999999998       0.99550965747160325     
   48.450000000000003       0.99489198854132421     
   48.460000000000001       0.99535711577424524     
   48.469999999999999       0.99678662513371019     
   48.480000000000004       0.99897540429785103     
   48.490000000000002        1.0016516997408655     
   48.500000000000000        1.0045032367599473     
   48.509999999999998        1.0072070080462221     
   48.520000000000003        1.0094600022745337     
   48.530000000000001        1.0110080566676130     
   48.539999999999999        1.0116701847394367     
   48.550000000000004        1.0113561376825120     
   48.560000000000002        1.0100755687364589     
   48.570000000000000        1.0079379295986910     
   48.579999999999998        1.0051430682444431     
   48.590000000000003        1.0019633427961214     
   48.600000000000001       0.99871884011451251     
   48.609999999999999       0.99574792063076434     
   48.620000000000005       0.99337574521773153     
   48.630000000000003       0.99188363595877982     
   48.640000000000001       0.99148206218688772     
   48.649999999999999       0.99228973082320393     
   48.660000000000004       0.99432072316497033     
   48.670000000000002       0.99748090640635867     
   48.680000000000000        1.0015740208853579     
   48.689999999999998        1.0063169772265275     
   48.700000000000003        1.0113630688352362     
   48.710000000000001        1.0163310890153932     
   48.719999999999999        1.0208378028726148     
   48.730000000000004        1.0245309109801364     
   48.740000000000002        1.0271195832862294     
   48.750000000000000        1.0283998439754596     
   48.759999999999998        1.0282725337032861     
   48.770000000000003        1.0267522257344730     
   48.780000000000001        1.0239662695941445     
   48.789999999999999        1.0201440091750502     
   48.800000000000004        1.0155970941424775     
   48.810000000000002        1.0106925961858784     
   48.820000000000000        1.0058212843168246     
   48.829999999999998        1.0013638483612488     
   48.840000000000003       0.99765804779696809     
   48.850000000000001       0.99496968682982978     
   48.859999999999999       0.99346998229806660     
   48.870000000000005       0.99322132786400175     
   48.880000000000003       0.99417271566662524     
   48.890000000000001       0.99616522089831394     
   48.899999999999999       0.99894706158463997     
   48.910000000000004        1.0021968946193172     
   48.920000000000002        1.0055532756642813     
   48.930000000000000        1.0086476603368901     
   48.939999999999998        1.0111380064313118     
   48.950000000000003        1.0127399803917108     
   48.960000000000001        1.0132529813029580     
   48.969999999999999        1.0125786539937978     
   48.980000000000004        1.0107302290343130     
   48.990000000000002        1.0078318424730912     
   49.000000000000000        1.0041078797760850     
   49.009999999999998       0.99986327736827030     
   49.020000000000003       0.99545652233446313     
   49.030000000000001       0.99126774427172115     
   49.039999999999999       0.98766473465110860     
   49.050000000000004       0.98496991877923390     
   49.060000000000002       0.98343122632345870     
   49.070000000000000       0.98319946504933575     
   49.079999999999998       0.98431422891006393     
   49.090000000000003       0.98669961661244387     
   49.100000000000001       0.99017016714749073     
   49.109999999999999       0.99444651167557663     
   49.120000000000005       0.99917937717005534     
   49.130000000000003        1.0039798331874674     
   49.140000000000001        1.0084531152998892     
   49.149999999999999        1.0122330368776116     
   49.160000000000004        1.0150139439046393     
   49.170000000000002        1.0165773807023093     
   49.180000000000000        1.0168110991862511     
   49.189999999999998        1.0157187195819108     
   49.200000000000003        1.0134191766360270     
   49.210000000000001        1.0101359891036026     
   49.219999999999999        1.0061772915353424     
   49.230000000000004        1.0019083861751028     
   49.240000000000002       0.99771923641181981     
   49.250000000000000       0.99398977275422484     
   49.259999999999998       0.99105607772526971     
   49.270000000000003       0.98918043996017824     
   49.280000000000001       0.98852792678286527     
   49.289999999999999       0.98915154878848588     
   49.300000000000004       0.99098733047847176     
   49.310000000000002       0.99385972509129983     
   49.320000000000000       0.99749689710739076     
   49.329999999999998        1.0015545235805103     
   49.340000000000003        1.0056460128026621     
   49.350000000000001        1.0093764725583869     
   49.359999999999999        1.0123774305250037     
   49.370000000000005        1.0143392453713485     
   49.380000000000003        1.0150383543487802     
   49.390000000000001        1.0143569631092395     
   49.399999999999999        1.0122934551495921     
   49.410000000000004        1.0089626218959757     
   49.420000000000002        1.0045857167661774     
   49.430000000000000       0.99947123737564647     
   49.439999999999998       0.99398815936160423     
   49.450000000000003       0.98853401034690536     
   49.460000000000001       0.98350062438171326     
   49.469999999999999       0.97924061580512789     
   49.480000000000004       0.97603753944401361     
   49.490000000000002       0.97408236808412374     
   49.500000000000000       0.97345834838244638     
   49.509999999999998       0.97413554381396117     
   49.520000000000003       0.97597550509356168     
   49.530000000000001       0.97874560229158170     
   49.539999999999999       0.98214168942907287     
   49.550000000000004       0.98581702872788379     
   49.560000000000002       0.98941484421273473     
   49.570000000000000       0.99260155273444506     
   49.579999999999998       0.99509766335635119     
   49.590000000000003       0.99670354849565324     
   49.600000000000001       0.99731775323975880     
   49.609999999999999       0.99694618151744752     
   49.620000000000005       0.99570131925536887     
   49.630000000000003       0.99379155192308344     
   49.640000000000001       0.99150152679165404     
   49.649999999999999       0.98916531897669913     
   49.660000000000004       0.98713481253909330     
   49.670000000000002       0.98574614512822356     
   49.680000000000000       0.98528724755454600     
   49.689999999999998       0.98596942160264556     
   49.700000000000003       0.98790554782317352     
   49.710000000000001       0.99109693095450846     
   49.719999999999999       0.99543002575707473     
   49.730000000000004        1.0006834083038303     
   49.740000000000002        1.0065444451911278     
   49.750000000000000        1.0126342469490206     
   49.759999999999998        1.0185387493294640     
   49.770000000000003        1.0238432134314175     
   49.780000000000001        1.0281671222484827     
   49.789999999999999        1.0311964054567735     
   49.800000000000004        1.0327101505779421     
   49.810000000000002        1.0325994373770599     
   49.820000000000000        1.0308766213543117     
   49.829999999999998        1.0276742306183255     
   49.840000000000003        1.0232335541163153     
   49.850000000000001        1.0178839072283028     
   49.859999999999999        1.0120143826296970     
   49.870000000000005        1.0060405571967832     
   49.880000000000003        1.0003690707375263     
   49.890000000000001       0.99536317992834900     
   49.899999999999999       0.99131230428787276     
   49.910000000000004       0.98840822787798677     
   49.920000000000002       0.98673003188786401     
   49.930000000000000       0.98623906139422091     
   49.939999999999998       0.98678434272809157     
   49.950000000000003       0.98811794453625190     
   49.960000000000001       0.98991889755966866     
   49.969999999999999       0.99182353309670246     
   49.980000000000004       0.99345953489405092     
   49.990000000000002       0.99448067379187288     
   50.000000000000000       0.99459913754867835     
