        2476
0.000000                                                                        
  0.50000000000000000      -0.66953900000000000     
  0.52000000000000002      -0.65524400000000005     
  0.54000000000000004      -0.65691400000000000     
  0.56000000000000005      -0.63993699999999998     
  0.57999999999999996      -0.65302300000000013     
  0.59999999999999998      -0.65751700000000002     
  0.62000000000000000      -0.69022200000000000     
  0.64000000000000001      -0.69513300000000000     
  0.66000000000000003      -0.70077000000000000     
  0.67999999999999994      -0.69241199999999992     
  0.69999999999999996      -0.69596499999999994     
  0.71999999999999997      -0.69520099999999996     
  0.73999999999999999      -0.69106599999999996     
  0.76000000000000001      -0.69098899999999996     
  0.78000000000000003      -0.68609500000000001     
  0.80000000000000004      -0.69184800000000002     
  0.82000000000000006      -0.69622600000000001     
  0.84000000000000008      -0.69337400000000005     
  0.85999999999999999      -0.68544799999999995     
  0.88000000000000000      -0.67887200000000003     
  0.90000000000000002      -0.67812200000000000     
  0.91999999999999993      -0.68544600000000011     
  0.93999999999999995      -0.67572800000000000     
  0.95999999999999996      -0.67697099999999999     
  0.97999999999999998      -0.67385200000000001     
   1.0000000000000000      -0.68501900000000004     
   1.0200000000000000      -0.67733800000000000     
   1.0400000000000000      -0.66898199999999997     
   1.0600000000000001      -0.66711799999999999     
   1.0800000000000001      -0.67473099999999997     
   1.1000000000000001      -0.67264299999999999     
   1.1200000000000001      -0.66692700000000005     
   1.1400000000000001      -0.66393799999999992     
   1.1600000000000001      -0.65187399999999984     
   1.1800000000000002      -0.64502099999999996     
   1.2000000000000002      -0.60850899999999997     
   1.2200000000000000      -0.55076899999999929     
   1.2400000000000000      -0.53479900000000002     
   1.2600000000000000      -0.58316500000000004     
   1.2800000000000000      -0.62517900000000004     
   1.3000000000000000      -0.64223200000000003     
   1.3200000000000001      -0.64352500000000001     
   1.3399999999999999      -0.64349500000000004     
   1.3599999999999999      -0.64545299999999994     
   1.3799999999999999      -0.64561100000000005     
   1.3999999999999999      -0.64494899999999999     
   1.4199999999999999      -0.64495300000000000     
   1.4399999999999999      -0.64268800000000004     
   1.4600000000000000      -0.64668800000000004     
   1.4800000000000000      -0.64602199999999999     
   1.5000000000000000      -0.63985899999999996     
   1.5200000000000000      -0.64281900000000003     
   1.5400000000000000      -0.64152200000000004     
   1.5600000000000001      -0.63766800000000001     
   1.5800000000000001      -0.63829100000000005     
   1.6000000000000001      -0.63588999999999996     
   1.6200000000000001      -0.61678699999999953     
   1.6400000000000001      -0.58074699999999857     
   1.6599999999999999      -0.43186300000000027     
   1.6799999999999999       -9.5675999999999997E-002
   1.7000000000000000       0.17256500000000000     
   1.7200000000000000        5.5821000000000003E-002
   1.7400000000000000      -0.24368899999999999     
   1.7600000000000000      -0.47040500000000002     
   1.7800000000000000      -0.57883300000000004     
   1.8000000000000000      -0.61017299999999997     
   1.8200000000000001      -0.61941100000000004     
   1.8400000000000001      -0.62299599999999999     
   1.8600000000000001      -0.61968999999999996     
   1.8800000000000001      -0.60951999999999995     
   1.9000000000000001      -0.58559899999999976     
   1.9199999999999999      -0.48694699999999891     
   1.9399999999999999      -0.15240500000000001     
   1.9600000000000000       0.60078699999999996     
   1.9800000000000000        1.5537960000000000     
   2.0000000000000000        1.5401890000000000     
   2.0200000000000000       0.37932500000000002     
   2.0400000000000000      -0.29190600000000000     
   2.0600000000000001      -0.50263800000000003     
   2.0800000000000001      -0.54723500000000003     
   2.1000000000000001      -0.54061300000000001     
   2.1200000000000001      -0.51426099999999997     
   2.1400000000000001      -0.49813000000000002     
   2.1600000000000001      -0.46887299999999998     
   2.1799999999999997      -0.34352400000000000     
   2.2000000000000002       -9.7489000000005474E-002
   2.2199999999999998        6.0469000000000002E-002
   2.2400000000000002      -0.24079699999999893     
   2.2599999999999998      -0.50419999999999987     
   2.2800000000000002      -0.59983700000000040     
   2.2999999999999998      -0.61899800000000005     
   2.3200000000000003      -0.62298399999999998     
   2.3399999999999999      -0.62361699999999998     
   2.3600000000000003      -0.59549799999999853     
   2.3799999999999999      -0.52837500000000004     
   2.4000000000000004      -0.43365700000000001     
   2.4199999999999999      -0.41710699999999967     
   2.4399999999999999      -0.47612399999999999     
   2.4600000000000000      -0.47824899999999998     
   2.4800000000000000      -0.39843299999999998     
   2.5000000000000000      -0.23677200000000001     
   2.5200000000000000      -0.12193500000000000     
   2.5400000000000000      -0.33082299999999998     
   2.5600000000000001      -0.52562500000000001     
   2.5800000000000001      -0.59216500000000005     
   2.6000000000000001      -0.61064200000000002     
   2.6200000000000001      -0.60866699999999996     
   2.6400000000000001      -0.59112900000000002     
   2.6600000000000001      -0.51304700000000003     
   2.6800000000000002      -0.37183699999999997     
   2.7000000000000002      -0.25109900000000002     
   2.7200000000000002       -4.6864000000000003E-002
   2.7400000000000002       0.46069800000000521     
   2.7600000000000002       0.70447499999998853     
   2.7800000000000002       0.16746699999999409     
   2.8000000000000003      -0.10943099999999695     
   2.8199999999999998        3.4102999999999634E-002
   2.8399999999999999       0.44602799999999965     
   2.8599999999999999       0.82034999999999991     
   2.8799999999999999        1.0588900000000001     
   2.8999999999999999       0.50906600000000002     
   2.9199999999999999      -0.15860299999999999     
   2.9399999999999999      -0.42970500000000000     
   2.9600000000000000      -0.52137299999999998     
   2.9800000000000000      -0.53910999999999998     
   3.0000000000000000      -0.52338899999999999     
   3.0200000000000000      -0.48551000000000000     
   3.0400000000000000      -0.38334800000000002     
   3.0600000000000001      -0.21738900000000000     
   3.0800000000000001       0.24656300000000000     
   3.1000000000000001        1.1858139999999999     
   3.1200000000000001        1.4231540000000000     
   3.1400000000000001       0.65998400000000002     
   3.1600000000000001       0.14657999999999999     
   3.1800000000000002      -0.22460300000000000     
   3.2000000000000002      -0.45043299999999997     
   3.2200000000000002      -0.52813399999999999     
   3.2400000000000002      -0.55467299999999997     
   3.2600000000000002      -0.56766300000000003     
   3.2800000000000002      -0.56218999999999975     
   3.3000000000000003      -0.52397099999999919     
   3.3199999999999998      -0.45289099999999838     
   3.3399999999999999      -0.25318800000000002     
   3.3599999999999999       0.19831399999999999     
   3.3799999999999999        1.0026640000000000     
   3.3999999999999999        1.8060890000000001     
   3.4199999999999999        1.9204470000000000     
   3.4399999999999999        2.5016189999999998     
   3.4600000000000000        3.6908880000000002     
   3.4800000000000000        3.7201590000000002     
   3.5000000000000000        2.7017449999999998     
   3.5200000000000000        1.4867589999999999     
   3.5400000000000000       0.67060500000000001     
   3.5600000000000001       -2.5350999999999999E-002
   3.5800000000000001      -0.35793300000000000     
   3.6000000000000001      -0.47751300000000002     
   3.6200000000000001      -0.50833799999999996     
   3.6400000000000001      -0.47438300000000000     
   3.6600000000000001      -0.35075600000000001     
   3.6800000000000002       -5.8388000000000002E-002
   3.7000000000000002       0.51033899999999999     
   3.7200000000000002       0.74628700000000003     
   3.7400000000000002       0.30195300000000003     
   3.7600000000000002       0.25358199999999997     
   3.7800000000000002       0.78914300000001192     
   3.8000000000000003        1.3395650000000121     
   3.8200000000000003        1.0401199999999933     
   3.8399999999999999       0.42131699999998629     
   3.8599999999999999       -5.5216000000000001E-002
   3.8799999999999999      -0.12335000000000000     
   3.8999999999999999        7.1995000000000003E-002
   3.9199999999999999       -3.6907000000000002E-002
   3.9399999999999999      -0.27206500000000000     
   3.9600000000000000      -0.35288000000000003     
   3.9800000000000000      -0.42007600000000000     
   4.0000000000000000      -0.39453899999999581     
   4.0199999999999996      -0.19998400000000000     
   4.0400000000000000       0.34149200000002633     
   4.0600000000000005        1.5747990000000001     
   4.0800000000000001        2.3182999999999754     
   4.0999999999999996        1.1582870000000001     
   4.1200000000000001       0.10396999999999246     
   4.1400000000000006      -0.24986300000000000     
   4.1600000000000001      -0.29527100000000045     
   4.1799999999999997      -0.31422699999999998     
   4.2000000000000002      -0.26228299999999760     
   4.2200000000000006      -0.15011200000000000     
   4.2400000000000002       0.38099900000000514     
   4.2599999999999998       0.62360300000000002     
   4.2800000000000002      -0.15453300000000000     
   4.3000000000000007      -0.40454699999999999     
   4.3200000000000003      -0.34354799999999730     
   4.3399999999999999      -0.20802899999999999     
   4.3599999999999994      -0.32107000000000002     
   4.3799999999999999      -0.19477100000000561     
   4.4000000000000004      -0.10791000000000001     
   4.4199999999999999       -6.3563999999999996E-002
   4.4399999999999995      -0.27500500000000000     
   4.4600000000000000      -0.53693399999998837     
   4.4800000000000004      -0.62363299999999999     
   4.5000000000000000      -0.65386300000000019     
   4.5200000000000005      -0.66522599999999998     
   4.5400000000000000      -0.66547399999999968     
   4.5600000000000005      -0.65234000000000003     
   4.5800000000000001      -0.62708099999999889     
   4.5999999999999996      -0.57254499999999997     
   4.6200000000000001      -0.48128599999999538     
   4.6399999999999997      -0.26653900000000003     
   4.6600000000000001      -0.10085800000000199     
   4.6799999999999997      -0.19386000000000000     
   4.7000000000000002      -0.18648899999999777     
   4.7199999999999998       -8.2084000000000004E-002
   4.7400000000000002       0.37870700000000146     
   4.7599999999999998       0.44413999999999998     
   4.7800000000000002      -0.11250000000000000     
   4.7999999999999998      -0.28966100000000000     
   4.8200000000000003      -0.28753099999999998     
   4.8399999999999999      -0.27737000000000001     
   4.8600000000000003      -0.24065900000000001     
   4.8799999999999999       -6.3520999999999994E-002
   4.9000000000000004      -0.15960500000000000     
   4.9199999999999999      -0.12979099999999999     
   4.9400000000000004       0.20171900000000001     
   4.9600000000000000       0.63314999999999999     
   4.9800000000000004       0.94242700000000001     
   5.0000000000000000       0.36629899999999033     
   5.0200000000000005       -8.4718000000000002E-002
   5.0400000000000000      -0.18062599999999718     
   5.0600000000000005       -4.8028000000000001E-002
   5.0800000000000001       0.44393700000000297     
   5.1000000000000005       0.58051100000000000     
   5.1200000000000001        1.0213999999996727E-002
   5.1399999999999997      -0.14332700000000001     
   5.1600000000000001       -9.1436999999999324E-002
   5.1799999999999997       -5.9182999999999999E-002
   5.2000000000000002      -0.32884500000000433     
   5.2199999999999998      -0.53208000000000000     
   5.2400000000000002      -0.59137600000000001     
   5.2599999999999998      -0.59628599999999998     
   5.2800000000000002      -0.59772099999999995     
   5.2999999999999998      -0.60086099999999998     
   5.3200000000000003      -0.56556700000000004     
   5.3399999999999999      -0.47655500000000001     
   5.3600000000000003      -0.28335900000000003     
   5.3799999999999999       0.13499400000000000     
   5.4000000000000004       0.36622800000000000     
   5.4199999999999999       0.27376499999999998     
   5.4400000000000004      -0.10884800000000000     
   5.4600000000000000      -0.22456899999999999     
   5.4800000000000004      -0.41221700000000000     
   5.5000000000000000      -0.46318300000000079     
   5.5200000000000005      -0.50084099999999998     
   5.5400000000000000      -0.48508399999999680     
   5.5600000000000005      -0.33274799999999999     
   5.5800000000000001      -0.14698800000000065     
   5.6000000000000005      -0.17769399999999999     
   5.6200000000000001       -9.4552999999999998E-002
   5.6399999999999997        8.6020000000000003E-003
   5.6600000000000001       0.31224900000000000     
   5.6799999999999997       0.76679900000000001     
   5.7000000000000002       0.56611599999999995     
   5.7199999999999998       0.20683399999999999     
   5.7400000000000002       0.25686500000000001     
   5.7599999999999998       0.48468000000000000     
   5.7800000000000002       0.29777500000000001     
   5.7999999999999998       -6.0270999999999998E-002
   5.8200000000000003      -0.31894299999999998     
   5.8399999999999999      -0.40907300000000002     
   5.8600000000000003      -0.37128600000000000     
   5.8799999999999999      -0.40099600000000002     
   5.9000000000000004      -0.38195600000000002     
   5.9199999999999999      -0.21317900000000001     
   5.9400000000000004        2.9947000000000001E-002
   5.9600000000000000       0.29646299999999998     
   5.9800000000000004        4.0587999999999999E-002
   6.0000000000000000        1.3691999999999999E-002
   6.0200000000000005       0.10138300000000000     
   6.0400000000000000       0.19118200000000399     
   6.0600000000000005       0.54506500000000002     
   6.0800000000000001        1.0314610000000215     
   6.1000000000000005       0.94594900000000004     
   6.1200000000000001       0.40072399999997582     
   6.1399999999999997       -2.7014000000000000E-002
   6.1600000000000001      -0.19386400000000001     
   6.1799999999999997      -0.14762600000000001     
   6.2000000000000002       -8.0739000000000005E-002
   6.2199999999999998       -9.6744999999999998E-002
   6.2400000000000002      -0.10689400000000000     
   6.2599999999999998       -9.2510000000000005E-003
   6.2800000000000002       0.38757799999999998     
   6.2999999999999998       0.56472100000000003     
   6.3200000000000003       0.38264399999999998     
   6.3399999999999999        2.4381000000000000E-002
   6.3600000000000003       -5.5702000000000002E-002
   6.3799999999999999        2.4077999999999999E-002
   6.4000000000000004       -6.3260999999999998E-002
   6.4199999999999999      -0.23443600000000001     
   6.4400000000000004      -0.30343500000000001     
   6.4600000000000000      -0.25952399999999998     
   6.4800000000000004      -0.12322500000000000     
   6.5000000000000000        7.4279999999999997E-003
   6.5200000000000005        6.3020000000000007E-002
   6.5400000000000000        3.0301999999998545E-002
   6.5600000000000005      -0.11440300000000000     
   6.5800000000000001      -0.18903900000000332     
   6.6000000000000005      -0.12572500000000000     
   6.6200000000000001        5.0647000000007832E-002
   6.6400000000000006        9.2127000000000001E-002
   6.6600000000000001       -8.5286000000007883E-002
   6.6799999999999997       -2.1395000000000001E-002
   6.7000000000000002       0.25268699999999999     
   6.7199999999999998       0.55382699999999996     
   6.7400000000000002       0.67002700000000004     
   6.7599999999999998       0.83116299999999999     
   6.7800000000000002       0.60231400000000002     
   6.7999999999999998       0.29310399999999998     
   6.8200000000000003       -4.4099999999999999E-004
   6.8399999999999999      -0.23317700000000000     
   6.8600000000000003      -0.25752599999999998     
   6.8799999999999999      -0.24348200000000000     
   6.9000000000000004      -0.24612500000000001     
   6.9199999999999999      -0.16198599999999999     
   6.9400000000000004       -7.4199000000000001E-002
   6.9600000000000000        2.7200000000000000E-004
   6.9800000000000004        7.2002999999999998E-002
   7.0000000000000000       0.13467999999999999     
   7.0200000000000005        7.3571999999999999E-002
   7.0400000000000000       0.17422300000000446     
   7.0600000000000005       0.52844300000000000     
   7.0800000000000001        1.0741610000000241     
   7.1000000000000005        1.0472910000000000     
   7.1200000000000001       0.42705699999997249     
   7.1400000000000006        5.7257000000000002E-002
   7.1600000000000001        1.7873999999998252E-002
   7.1799999999999997        1.2017999999999999E-002
   7.2000000000000002       -1.0820000000000000E-002
   7.2199999999999998       -1.3849000000000000E-002
   7.2400000000000002       -3.3131000000000001E-002
   7.2599999999999998       -8.3582000000000004E-002
   7.2800000000000002       -3.0438000000000000E-002
   7.2999999999999998       -1.4172000000000001E-002
   7.3200000000000003       -4.6004999999999997E-002
   7.3399999999999999        2.7916000000000000E-002
   7.3600000000000003        4.2675999999999999E-002
   7.3799999999999999        1.8439000000000001E-002
   7.4000000000000004        7.0660000000000001E-002
   7.4199999999999999       0.21064300000000000     
   7.4400000000000004       0.10176000000000000     
   7.4600000000000000       -7.6690999999999995E-002
   7.4800000000000004       -8.9677999999999994E-002
   7.5000000000000000       -3.1975000000000836E-002
   7.5200000000000005       -7.0895000000000000E-002
   7.5400000000000000      -0.11681700000000000     
   7.5600000000000005       -6.1719999999999997E-002
   7.5800000000000001        5.0319000000004978E-002
   7.6000000000000005       0.13553799999999999     
   7.6200000000000001       0.21070400000000333     
   7.6400000000000006       0.20865800000000001     
   7.6600000000000001        8.5036999999994506E-002
   7.6799999999999997        4.0445000000000002E-002
   7.7000000000000002        9.8930000000000008E-003
   7.7199999999999998       -4.4554999999999997E-002
   7.7400000000000002      -0.10800000000000000     
   7.7599999999999998      -0.13248299999999999     
   7.7800000000000002        2.6054000000000001E-002
   7.7999999999999998       0.22225900000000001     
   7.8200000000000003       0.10738800000000000     
   7.8399999999999999      -0.14913100000000001     
   7.8600000000000003      -0.27270800000000001     
   7.8799999999999999      -0.26688600000000001     
   7.9000000000000004      -0.24768200000000001     
   7.9199999999999999      -0.32452700000000001     
   7.9400000000000004      -0.41481600000000002     
   7.9600000000000000      -0.45554400000000000     
   7.9800000000000004      -0.45724799999999999     
   8.0000000000000000      -0.42181299999999816     
   8.0199999999999996      -0.33602899999999686     
   8.0399999999999991      -0.18727444822759137     
   8.0600000000000005       -1.6239000000000000E-002
   8.0800000000000001        8.5984664166792735E-002
   8.1000000000000014        1.9267999999988794E-002
   8.1200000000000010       -8.2478193040352629E-002
   8.1400000000000006      -0.14633900000000000     
   8.1600000000000001      -0.22198776831158318     
   8.1799999999999997      -0.29735400000000012     
   8.1999999999999993      -0.30297600000000002     
   8.2199999999999989      -0.19487099999999999     
   8.2400000000000002        7.5699999999820199E-003
   8.2599999999999998       0.12343299999999653     
   8.2800000000000011       -3.9049000000000000E-002
   8.3000000000000007      -0.15980900000000001     
   8.3200000000000003      -0.14623900000000001     
   8.3399999999999999      -0.13449700000000042     
   8.3599999999999994      -0.15391400000000000     
   8.3799999999999990      -0.20219400000000001     
   8.4000000000000004      -0.30715799999999072     
   8.4199999999999999      -0.36497500000000049     
   8.4400000000000013      -0.38727899999999998     
   8.4600000000000009      -0.35409299999999999     
   8.4800000000000004      -0.30373499999999998     
   8.5000000000000000      -0.21587999999999957     
   8.5199999999999996      -0.19609300000000074     
   8.5400000000000009      -0.23116602989850801     
   8.5600000000000005      -0.27176400000000001     
   8.5800000000000001      -0.27410182415879281     
   8.5999999999999996      -0.23058499999999749     
   8.6200000000000010      -0.11240624508773144     
   8.6400000000000006        8.2692000000000002E-002
   8.6600000000000001       0.26931889770511347     
   8.6799999999999997       0.34727299999999950     
   8.6999999999999993       0.32163500000000000     
   8.7200000000000006       0.28652100000000003     
   8.7400000000000002       0.26553300000000002     
   8.7599999999999998       0.12596999999999600     
   8.7799999999999994       -6.1624999999999999E-002
   8.8000000000000007      -0.17019999999999999     
   8.8200000000000003      -0.16760000000000000     
   8.8399999999999999      -0.14041599999999810     
   8.8599999999999994       -5.0427000000000000E-002
   8.8800000000000008       0.11573000000000000     
   8.9000000000000004       0.23803700000000000     
   8.9199999999999999       0.35365200000000085     
   8.9399999999999995       0.39316000000000001     
   8.9600000000000009       0.27349099999999998     
   8.9800000000000004        3.2904000000000003E-002
   9.0000000000000000      -0.11340900000000127     
   9.0199999999999996      -0.17346000000000078     
   9.0400000000000009      -0.20953734118294134     
   9.0600000000000005      -0.21636100000000000     
   9.0800000000000001      -0.11981589040548200     
   9.0999999999999996        2.2376000000001995E-002
   9.1200000000000010       0.11609784765761982     
   9.1400000000000006       0.15305099999999999     
   9.1600000000000001       0.11459218959052105     
   9.1799999999999997        7.8384000000001244E-002
   9.2000000000000011       0.13669000000000001     
   9.2200000000000006       0.23118100000000000     
   9.2400000000000002       0.21156700000000001     
   9.2599999999999998        4.4347999999996883E-002
   9.2799999999999994      -0.10196200000000000     
   9.3000000000000007      -0.13498199999999999     
   9.3200000000000003       -6.3260999999999998E-002
   9.3399999999999999        7.5311000000002237E-002
   9.3599999999999994       0.18029500000000001     
   9.3800000000000008       0.22008800000000001     
   9.4000000000000004       0.20306500000000000     
   9.4199999999999999       0.15377800000000000     
   9.4399999999999995       0.15326799999999999     
   9.4600000000000009       0.17669899999999999     
   9.4800000000000004       0.16625100000000001     
   9.5000000000000000        8.0561999999999925E-002
   9.5199999999999996        7.7422000000002281E-002
   9.5400000000000009       0.18443689735514229     
   9.5600000000000005       0.32238400000000000     
   9.5800000000000001       0.31866767196640339     
   9.5999999999999996       0.21210699999999835     
   9.6200000000000010       0.13484099650017350     
   9.6400000000000006       0.11477100000000000     
   9.6600000000000001       0.10238817284135883     
   9.6799999999999997        4.5844999999998685E-002
   9.7000000000000011       -1.5967361731913928E-002
   9.7200000000000006       -2.3202000000000000E-002
   9.7400000000000002       -9.3679999999999996E-003
   9.7599999999999998        1.9281000000000399E-002
   9.7799999999999994        3.7999999999999999E-002
   9.8000000000000007        4.3854999999999998E-002
   9.8200000000000003        8.2610000000000003E-002
   9.8399999999999999       0.14923100000000161     
   9.8599999999999994       0.22506000000000001     
   9.8800000000000008       0.33516000000000001     
   9.9000000000000004       0.37560199999999999     
   9.9199999999999999       0.32761099999999910     
   9.9399999999999995       0.28678300000000001     
   9.9600000000000009       0.27743000000000001     
   9.9800000000000004       0.31084499999999998     
   10.000000000000000       0.30850299999999764     
   10.020000000000000       0.19624999999999670     
   10.040000000000001        4.1990292985343888E-002
   10.060000000000000       -5.2150000000000002E-002
   10.080000000000000      -0.13180189235538128     
   10.100000000000000      -0.18964899999999951     
   10.120000000000001      -0.16537909889505101     
   10.140000000000001      -0.10735699999999999     
   10.160000000000000       -9.6618665466726456E-002
   10.180000000000000      -0.10992799999999978     
   10.200000000000001       -9.9822102844855001E-002
   10.220000000000001       -6.1879000000000003E-002
   10.240000000000000       -3.4536999999999998E-002
   10.260000000000000       -4.6766000000000987E-002
   10.279999999999999       -9.3237000000000000E-002
   10.300000000000001      -0.10611200000000000     
   10.320000000000000       -8.8537000000000005E-002
   10.340000000000000       -3.3167999999999864E-002
   10.359999999999999       -2.6675000000000001E-002
   10.380000000000001       -8.2541000000000003E-002
   10.400000000000000       -8.5569000000000006E-002
   10.420000000000000       -1.5152999999997724E-002
   10.440000000000000        9.1672000000000003E-002
   10.460000000000001       0.17272299999999999     
   10.480000000000000       0.16324400000000000     
   10.500000000000000       0.10561399999999951     
   10.520000000000000        8.2505000000000286E-002
   10.540000000000001        9.6639329283533415E-002
   10.560000000000000        6.3225000000000003E-002
   10.580000000000000       -9.9894903754807474E-003
   10.600000000000000       -3.9797000000000297E-002
   10.620000000000001       -5.3808043147847033E-002
   10.640000000000001      -0.11467100000000000     
   10.660000000000000      -0.20298247832608290     
   10.680000000000000      -0.25254900000000063     
   10.700000000000001      -0.28110163071846495     
   10.720000000000001      -0.29371599999999998     
   10.740000000000000      -0.31483499999999998     
   10.760000000000000      -0.34574500000000002     
   10.779999999999999      -0.36046200000000000     
   10.800000000000001      -0.35208899999999999     
   10.820000000000000      -0.31892100000000001     
   10.840000000000000      -0.28364499999999998     
   10.859999999999999      -0.26739800000000002     
   10.880000000000001      -0.23121700000000001     
   10.900000000000000      -0.17131900000000000     
   10.920000000000000      -0.15773499999999999     
   10.940000000000000      -0.15334800000000001     
   10.960000000000001      -0.14814700000000000     
   10.980000000000000       -9.9427000000000001E-002
   11.000000000000000       -4.2721000000000002E-002
   11.020000000000000       -3.8060999999999998E-002
   11.040000000000001       -7.2561950352482293E-002
   11.060000000000000       -7.1568999999999910E-002
   11.080000000000000       -2.5902704064797499E-002
   11.100000000000000        2.0015999999999999E-002
   11.120000000000001        3.3110038448076202E-002
   11.140000000000001        1.3878999999998292E-002
   11.160000000000000       -2.3530480225988224E-002
   11.180000000000000       -5.3135000000000002E-002
   11.200000000000001       -2.2726871256431174E-002
   11.220000000000001        5.9848000000007333E-002
   11.240000000000000       0.12895768691565432     
   11.260000000000000       0.12269600000000000     
   11.279999999999999        6.9714999999999999E-002
   11.300000000000001        1.8051999999999999E-002
   11.320000000000000       -8.6459999999999992E-003
   11.340000000000000        1.0300000000000000E-002
   11.359999999999999        6.1348000000000000E-002
   11.380000000000001        9.9927000000000002E-002
   11.400000000000000        9.9866999999999997E-002
   11.420000000000000        6.9887000000000005E-002
   11.440000000000000        7.8399999999999997E-003
   11.460000000000001       -2.4143000000000001E-002
   11.480000000000000       -3.2872999999999999E-002
   11.500000000000000       -6.4796999999999993E-002
   11.520000000000000       -8.2793000000000005E-002
   11.540000000000001       -9.4694019749012578E-002
   11.560000000000000       -9.5089000000000035E-002
   11.580000000000000       -6.4094094345283029E-002
   11.600000000000000       -4.5981000000000001E-002
   11.620000000000001       -6.5416707014651757E-002
   11.640000000000001       -9.9557000000003046E-002
   11.660000000000000      -0.11936543912804345     
   11.680000000000000      -0.12814800000000001     
   11.700000000000001      -0.11496207734613281     
   11.720000000000001      -0.11650900000000013     
   11.740000000000000      -0.12638259252037345     
   11.760000000000000      -0.15823300000000001     
   11.779999999999999      -0.20452100000000001     
   11.800000000000001      -0.20745800000000000     
   11.820000000000000      -0.18028800000000000     
   11.840000000000000      -0.12275100000000000     
   11.859999999999999       -5.6697999999999998E-002
   11.880000000000001        1.5458000000000000E-002
   11.900000000000000        8.7416999999999995E-002
   11.920000000000000       0.16707700000000000     
   11.940000000000000       0.17589199999999999     
   11.960000000000001       0.15341199999999999     
   11.980000000000000       0.10814600000000001     
   12.000000000000000        8.9567999999999995E-002
   12.020000000000000       0.12189500000000000     
   12.040000000000001       0.16354106524674064     
   12.060000000000000       0.20484600000000369     
   12.080000000000000       0.21367729428528534     
   12.100000000000000       0.23956300000000000     
   12.120000000000001       0.26122736678165998     
   12.140000000000001       0.24856299999999890     
   12.160000000000000       0.19763972966351756     
   12.180000000000000       0.15223300000000001     
   12.200000000000001       0.11529741202939622     
   12.220000000000001        8.3537999999997170E-002
   12.240000000000000        1.7369988050598442E-002
   12.260000000000000       -4.2868999999999997E-002
   12.279999999999999       -7.9963999999999993E-002
   12.300000000000001      -0.10013300000000000     
   12.320000000000000      -0.13219700000000001     
   12.340000000000000      -0.15118799999999999     
   12.359999999999999      -0.15086300000000000     
   12.380000000000001      -0.12643399999999999     
   12.400000000000000      -0.10402200000000000     
   12.420000000000000      -0.12377800000000000     
   12.440000000000000      -0.12778000000000000     
   12.460000000000001      -0.11445700000000000     
   12.480000000000000       -8.9179999999999995E-002
   12.500000000000000       -7.8999000000000000E-002
   12.520000000000000       -7.2323999999999999E-002
   12.540000000000001       -4.5319591370427972E-002
   12.560000000000000        2.8530000000042788E-003
   12.580000000000000        5.6332185590719758E-002
   12.600000000000000       0.10004399999999999     
   12.620000000000001        9.8141934153290783E-002
   12.640000000000001        7.6824999999998103E-002
   12.660000000000000        4.9600240087996170E-002
   12.680000000000000        1.4402000000000000E-002
   12.700000000000001        1.2254631918404998E-002
   12.720000000000001        2.4893000000001119E-002
   12.740000000000000        6.9435540472975524E-002
   12.760000000000000       0.12024500000000000     
   12.780000000000001       0.12312787690615015     
   12.800000000000001        6.0665999999994454E-002
   12.820000000000000       -1.8616000000000001E-002
   12.840000000000000       -4.2639999999999997E-002
   12.859999999999999       -1.4406000000000000E-002
   12.880000000000001        4.8821000000000003E-002
   12.900000000000000       0.11780400000000001     
   12.920000000000000       0.15312700000000001     
   12.940000000000000       0.16174700000000000     
   12.960000000000001       0.16266000000000000     
   12.980000000000000       0.16648900000000000     
   13.000000000000000       0.17435300000000001     
   13.020000000000000       0.17533699999999999     
   13.040000000000001       0.15688692585370428     
   13.060000000000000       0.11540399999999633     
   13.080000000000000        8.9065519324033643E-002
   13.100000000000000        9.9451999999999999E-002
   13.120000000000001       0.12948804849757661     
   13.140000000000001       0.15045800000000190     
   13.160000000000000       0.13427993855307305     
   13.180000000000000        9.3050999999999995E-002
   13.200000000000001        6.6695099795010399E-002
   13.220000000000001        6.8691000000000182E-002
   13.240000000000000        6.9215442527873136E-002
   13.260000000000000        9.8066000000000000E-002
   13.280000000000001       0.11894663801809710     
   13.300000000000001        9.1706999999997582E-002
   13.320000000000000        1.1346999999999999E-002
   13.340000000000000       -8.1098000000000003E-002
   13.359999999999999      -0.15165799999999999     
   13.380000000000001      -0.19003400000000001     
   13.400000000000000      -0.20344100000000001     
   13.420000000000000      -0.20445099999999999     
   13.440000000000000      -0.17940700000000001     
   13.460000000000001      -0.14478400000000000     
   13.480000000000000       -8.8871000000000006E-002
   13.500000000000000       -4.2573000000000000E-002
   13.520000000000000       -1.5751000000000001E-002
   13.540000000000001       -2.1791022698866545E-002
   13.560000000000000       -4.2245000000001816E-002
   13.580000000000000       -6.4794971501424617E-002
   13.600000000000000       -8.4224999999999994E-002
   13.620000000000001       -8.4523330333483804E-002
   13.640000000000001       -9.1130000000000599E-002
   13.660000000000000      -0.11291639423028836     
   13.680000000000000      -0.12080100000000001     
   13.700000000000001      -0.13581196045197880     
   13.720000000000001      -0.15502100000000169     
   13.740000000000000      -0.18249588930553412     
   13.760000000000000      -0.22028200000000001     
   13.780000000000001      -0.24277309564521787     
   13.800000000000001      -0.24468600000000015     
   13.820000000000000      -0.22093399999999999     
   13.840000000000000      -0.18260399999999999     
   13.859999999999999      -0.13371100000000000     
   13.880000000000001       -8.1447000000000006E-002
   13.900000000000000       -4.7251000000000001E-002
   13.920000000000000       -3.8386999999999998E-002
   13.940000000000000       -3.7136000000000002E-002
   13.960000000000001       -5.0202999999999998E-002
   13.980000000000000       -6.8932999999999994E-002
   14.000000000000000       -8.6970000000000006E-002
   14.020000000000000      -0.11076600000000000     
   14.040000000000001      -0.11581793045347577     
   14.060000000000000       -9.4426999999998096E-002
   14.080000000000000       -6.3962816259187413E-002
   14.100000000000000       -4.0287999999999997E-002
   14.120000000000001       -3.2400955252237323E-002
   14.140000000000001       -3.1505999999999916E-002
   14.160000000000000       -3.6806834308284644E-002
   14.180000000000000       -3.3493000000000002E-002
   14.200000000000001       -3.5029914354282154E-002
   14.220000000000001       -3.3316999999999854E-002
   14.240000000000000       -4.2710338033098233E-002
   14.260000000000000       -4.9471000000000001E-002
   14.280000000000001       -5.4469905354733575E-002
   14.300000000000001       -7.2577000000001599E-002
   14.320000000000000       -7.5998999999999997E-002
   14.340000000000000       -8.4625000000000006E-002
   14.359999999999999       -8.4147000000000000E-002
   14.380000000000001       -6.6874000000000003E-002
   14.400000000000000       -5.4803999999999999E-002
   14.420000000000000       -4.8169999999999998E-002
   14.440000000000000       -6.4446000000000003E-002
   14.460000000000001       -8.5885000000000003E-002
   14.480000000000000       -9.4982999999999998E-002
   14.500000000000000       -9.5362000000000002E-002
   14.520000000000000       -8.2413999999999904E-002
   14.540000000000001       -7.7966341482924889E-002
   14.560000000000000       -6.4796000000000006E-002
   14.580000000000000       -4.1621168391581011E-002
   14.600000000000000       -4.9890000000000004E-003
   14.620000000000001        4.3068819359034692E-002
   14.640000000000001        7.9456000000003232E-002
   14.660000000000000       0.11065105034748261     
   14.680000000000000       0.11165799999999999     
   14.700000000000001       0.10319268851557230     
   14.720000000000001        7.6962999999997686E-002
   14.740000000000000        5.6259020948952861E-002
   14.760000000000000        3.6678000000000002E-002
   14.780000000000001        1.1959886755660598E-002
   14.800000000000001       -1.0305000000001978E-002
   14.820000000000000       -1.5168368881556447E-002
   14.840000000000000        1.7454000000000001E-002
   14.859999999999999        5.5494000000000002E-002
   14.880000000000001        9.0889999999999999E-002
   14.900000000000000       0.10001500000000001     
   14.920000000000000        9.2321000000000000E-002
   14.940000000000000        7.6068999999999998E-002
   14.960000000000001        5.6533000000000000E-002
   14.980000000000000        2.5964000000000001E-002
   15.000000000000000       -1.1967000000000000E-002
   15.020000000000000       -4.7148000000000502E-002
   15.040000000000001       -7.0524095745214344E-002
   15.060000000000000       -9.2438999999999993E-002
   15.080000000000000       -8.9941200339983249E-002
   15.100000000000000       -7.3948000000000000E-002
   15.120000000000001       -4.5401353382328487E-002
   15.140000000000001       -1.2468999999997074E-002
   15.160000000000000        1.1915750212489135E-002
   15.180000000000000        2.6919999999999999E-002
   15.200000000000001        1.0885706514672385E-002
   15.220000000000001       -1.4984000000002298E-002
   15.240000000000000       -3.9605942452877053E-002
   15.260000000000000       -5.8455000000000000E-002
   15.280000000000001       -5.7513154042296656E-002
   15.300000000000001       -4.0593999999998499E-002
   15.320000000000000       -2.0407167291636011E-002
   15.340000000000000        1.6247000000000001E-002
   15.359999999999999        1.9203999999999999E-002
   15.380000000000001        2.1628000000000001E-002
   15.400000000000000        2.8284000000000000E-002
   15.420000000000000        3.2316999999999999E-002
   15.440000000000000        5.5961999999999998E-002
   15.460000000000001        8.1818000000000002E-002
   15.480000000000000       0.10683300000000000     
   15.500000000000000       0.11218000000000000     
   15.520000000000000       0.10609499999999963     
   15.540000000000001        8.9064172291385676E-002
   15.560000000000000        9.2509999999999995E-002
   15.580000000000000        8.5724577071146571E-002
   15.600000000000000        7.7266000000000001E-002
   15.620000000000001        5.4201209639515420E-002
   15.640000000000001        1.8393999999996819E-002
   15.660000000000000       -8.6785839208034510E-003
   15.680000000000000       -4.0356999999999997E-002
   15.700000000000001       -5.0967240537971997E-002
   15.720000000000001       -3.5777999999998651E-002
   15.740000000000000       -2.4486455777211636E-002
   15.760000000000000        6.3980000000000000E-003
   15.780000000000001        3.8274045947705587E-002
   15.800000000000001        7.9193000000003635E-002
   15.820000000000000       0.10384827078646026     
   15.840000000000000       0.12926399999999999     
   15.859999999999999       0.12072200000000000     
   15.880000000000001       0.10188400000000000     
   15.900000000000000        6.2518000000000004E-002
   15.920000000000000        1.9515999999999999E-002
   15.940000000000000       -1.5103999999999999E-002
   15.960000000000001       -4.9407000000000000E-002
   15.980000000000000       -6.5346000000000001E-002
   16.000000000000000       -7.4817999999999996E-002
   16.020000000000000       -7.2148697415127777E-002
   16.039999999999999       -8.6097505499998950E-002
   16.060000000000002       -9.6207000000004483E-002
   16.079999999999998      -0.11875200000000000     
   16.100000000000001      -0.12158940962951767     
   16.120000000000001      -0.10978105169999862     
   16.140000000000001       -9.0815999999999994E-002
   16.160000000000000       -8.6158999999999999E-002
   16.180000000000000       -7.2185554622268236E-002
   16.200000000000003       -6.3277701049999566E-002
   16.219999999999999       -5.7299000000000086E-002
   16.240000000000002       -6.1269999999999998E-002
   16.259999999999998       -4.7680690515474869E-002
   16.280000000000001       -4.1489985999999632E-002
   16.300000000000001       -2.1211000000000001E-002
   16.320000000000000        3.6449999999999998E-003
   16.340000000000000        2.1311118644067970E-002
   16.359999999999999        2.3683374300001316E-002
   16.380000000000003        1.1169999999995871E-002
   16.399999999999999       -9.5800000000000000E-003
   16.420000000000002       -1.3613999999999999E-002
   16.439999999999998       -2.0547818000000381E-002
   16.460000000000001       -1.6908182000000188E-002
   16.480000000000000        1.1901999999999999E-002
   16.500000000000000        2.8218000000000000E-002
   16.520000000000000        5.2979795210237816E-002
   16.539999999999999        6.8883815150000388E-002
   16.559999999999999        6.5186999999999440E-002
   16.580000000000002        3.9170000000000003E-002
   16.600000000000001        3.8830518474047963E-003
   16.620000000000001       -3.5081344050001954E-002
   16.640000000000001       -6.1961000000000002E-002
   16.660000000000000       -6.9418999999999995E-002
   16.680000000000000       -7.2875601369932375E-002
   16.699999999999999       -8.4903162799999668E-002
   16.719999999999999       -8.8158999999999987E-002
   16.740000000000002       -8.7010000000000004E-002
   16.760000000000002       -9.5232139693015555E-002
   16.780000000000001       -9.8025738299999624E-002
   16.800000000000001       -9.2791999999999999E-002
   16.820000000000000       -9.2911999999999995E-002
   16.840000000000000       -8.9001799110044202E-002
   16.859999999999999       -8.4983962150000092E-002
   16.879999999999999       -8.4227000000000038E-002
   16.899999999999999       -8.6578000000000002E-002
   16.920000000000002       -7.6864000000000002E-002
   16.940000000000001       -7.3230622200000900E-002
   16.960000000000001       -8.5673377800001574E-002
   16.980000000000000       -9.7833000000000003E-002
   17.000000000000000      -0.10156300000000000     
   17.020000000000000      -0.10190908934553254     
   17.039999999999999      -0.10369566225000071     
   17.059999999999999       -9.6940999999999972E-002
   17.080000000000002       -9.5978999999999995E-002
   17.100000000000001       -8.5138294035297213E-002
   17.120000000000001       -7.1017858349998339E-002
   17.140000000000001       -4.8186000000000000E-002
   17.160000000000000       -2.6442000000000000E-002
   17.180000000000000       -8.3936349182535570E-003
   17.199999999999999       -1.0916988500006321E-003
   17.219999999999999        4.9310000000001184E-003
   17.240000000000002        1.0513000000000000E-002
   17.260000000000002        1.7147447527624267E-002
   17.280000000000001        2.6098958400001395E-002
   17.300000000000001        4.5266000000000001E-002
   17.320000000000000        3.8928999999999998E-002
   17.340000000000000        3.3186690165491271E-002
   17.359999999999999        2.6989977700000049E-002
   17.379999999999999        2.6544000000000328E-002
   17.399999999999999        4.1879000000000000E-002
   17.420000000000002        4.4889999999999999E-002
   17.440000000000001        4.5890069900000101E-002
   17.460000000000001        4.7287930100000174E-002
   17.480000000000000        4.0085999999999997E-002
   17.500000000000000        4.1450000000000001E-002
   17.520000000000000        4.8880602319882747E-002
   17.539999999999999        6.0927069399999853E-002
   17.559999999999999        6.2315000000000148E-002
   17.580000000000002        6.8889000000000006E-002
   17.600000000000001        6.5597110344481485E-002
   17.620000000000001        4.7802724349998146E-002
   17.640000000000001        2.2290999999999998E-002
   17.660000000000000       -1.4690000000000000E-003
   17.680000000000000       -5.6121376431180437E-003
   17.699999999999999       -8.3652418999994923E-003
   17.719999999999999       -1.3202999999999899E-002
   17.740000000000002       -8.5550000000000001E-003
   17.760000000000002       -5.6968549572519256E-003
   17.780000000000001       -2.7960412500000597E-003
   17.800000000000001       -3.6210000000000001E-003
   17.820000000000000       -2.7151999999999999E-002
   17.840000000000000       -4.0345312084396234E-002
   17.859999999999999       -4.6587445299999072E-002
   17.879999999999999       -5.5493000000000098E-002
   17.900000000000002       -6.0338000000000003E-002
   17.920000000000002       -6.5750000000000003E-002
   17.940000000000001       -6.2589131700000203E-002
   17.960000000000001       -6.5222868300000333E-002
   17.980000000000000       -6.6069000000000003E-002
   18.000000000000000       -6.3690999999999998E-002
   18.020000000000000       -6.3111838908054940E-002
   18.039999999999999       -5.9889223750001622E-002
   18.059999999999999       -4.4364999999999766E-002
   18.080000000000002       -3.3175000000000003E-002
   18.100000000000001       -3.4890083145842826E-002
   18.120000000000001       -3.6552659949999504E-002
   18.140000000000001       -2.9752000000000001E-002
   18.160000000000000       -1.5268000000000000E-002
   18.180000000000000        1.9630148592572044E-002
   18.199999999999999        4.2602423299999116E-002
   18.219999999999999        5.1068000000000224E-002
   18.240000000000002        6.1425000000000000E-002
   18.260000000000002        7.3755520723964560E-002
   18.280000000000001        8.4170375850000534E-002
   18.300000000000001        9.1687000000000005E-002
   18.320000000000000       0.10697400000000000     
   18.340000000000000       0.11241239758012012     
   18.359999999999999       0.10036325175000158     
   18.379999999999999        8.5398999999999628E-002
   18.400000000000002        6.8295999999999996E-002
   18.420000000000002        5.0111000000000003E-002
   18.440000000000001        2.6680299849998982E-002
   18.460000000000001        1.2678700149998232E-002
   18.480000000000000       -1.1739999999999999E-003
   18.500000000000000        8.1460000000000005E-003
   18.520000000000000        4.1740521973900211E-003
   18.539999999999999        5.2183877499991866E-003
   18.559999999999999        1.2973000000000406E-002
   18.580000000000002        3.2000000000000001E-002
   18.600000000000001        3.3603431028447754E-002
   18.620000000000001        2.2224486200000705E-002
   18.640000000000001        3.1947999999999997E-002
   18.660000000000000        1.7232999999999998E-002
   18.680000000000000        8.9938255087243114E-003
   18.699999999999999        5.5037827000004565E-003
   18.719999999999999        1.1579999999998198E-003
   18.740000000000002       -7.2919999999999999E-003
   18.760000000000002       -1.9479800259986711E-002
   18.780000000000001       -1.5485510750000743E-002
   18.800000000000001       -2.5700000000000001E-002
   18.820000000000000       -4.1390000000000003E-002
   18.840000000000000       -4.7496151842408095E-002
   18.859999999999999       -5.0533888899998144E-002
   18.879999999999999       -6.8310999999999955E-002
   18.900000000000002       -6.6322000000000006E-002
   18.920000000000002       -6.6117152242386637E-002
   18.940000000000001       -4.9161671549999522E-002
   18.960000000000001       -4.2592999999999999E-002
   18.980000000000000       -4.5664999999999997E-002
   19.000000000000000       -4.6746000000000003E-002
   19.020000000000000       -3.7934252437377601E-002
   19.039999999999999       -4.2983335549999301E-002
   19.059999999999999       -4.9693999999999648E-002
   19.080000000000002       -3.3204999999999998E-002
   19.100000000000001       -4.3112693315333780E-002
   19.120000000000001       -3.6978469099999231E-002
   19.140000000000001       -2.6360999999999999E-002
   19.160000000000000       -1.3329000000000001E-002
   19.180000000000000        7.1657077146225696E-004
   19.199999999999999        1.2131846400000321E-002
   19.219999999999999        9.0599999999998408E-003
   19.240000000000002        1.5380000000000001E-003
   19.260000000000002       -2.5933703308921012E-006
   19.280000000000001        8.1307783500011322E-003
   19.300000000000001        2.3696999999999999E-002
   19.320000000000000        2.6136000000000000E-002
   19.340000000000000        1.8128661066947611E-002
   19.359999999999999        3.1349969350000076E-002
   19.379999999999999        3.0736999999999796E-002
   19.400000000000002        2.1086000000000001E-002
   19.420000000000002        1.8769190140493254E-002
   19.440000000000001        2.2572330850000478E-002
   19.460000000000001        2.9189000000000000E-002
   19.480000000000000        3.9192999999999999E-002
   19.500000000000000        4.0655999999999998E-002
   19.520000000000000        4.0084898905054962E-002
   19.539999999999999        3.8062912300000182E-002
   19.559999999999999        3.6308999999999821E-002
   19.580000000000002        2.7615000000000001E-002
   19.600000000000001        7.3588713564319919E-003
   19.620000000000001        4.7855975499994149E-003
   19.640000000000001       -3.2629999999999998E-003
   19.660000000000000        5.0000000000000002E-005
   19.680000000000000       -4.1626065196748987E-003
   19.699999999999999       -1.6292912400000182E-002
   19.719999999999999       -1.4541000000000174E-002
   19.740000000000002       -2.2709000000000000E-002
   19.760000000000002       -1.7797856457176936E-002
   19.780000000000001       -1.4927123200000178E-002
   19.800000000000001       -1.7391000000000000E-002
   19.820000000000000       -1.8811999999999999E-002
   19.840000000000000       -1.3435886505674552E-002
   19.859999999999999       -1.1165285700001498E-002
   19.879999999999999        3.1199999999998868E-003
   19.900000000000002       -2.1870000000000001E-003
   19.920000000000002       -6.5210039498025162E-003
   19.940000000000001       -6.6007742500011259E-003
   19.960000000000001       -2.2085000000000000E-002
   19.980000000000000       -3.1258000000000001E-002
   20.000000000000000       -3.0584000000000000E-002
   20.020000000000000       -3.4499904254787467E-002
   20.039999999999999       -3.2584640900000753E-002
   20.059999999999999       -2.5402999999999638E-002
   20.080000000000002       -8.5079999999999999E-003
   20.100000000000001       -6.6941299435030145E-003
   20.120000000000001       -9.2926257499994554E-003
   20.140000000000001       -1.8079999999999999E-003
   20.160000000000000       -2.3126000000000001E-002
   20.180000000000000       -3.5357831708415791E-002
   20.199999999999999       -5.1991850750000311E-002
   20.219999999999999       -4.9006999999999717E-002
   20.240000000000002       -3.5716999999999999E-002
   20.260000000000002       -1.6069221738911926E-002
   20.280000000000001       -5.0377014999966575E-004
   20.300000000000001        4.0930000000000003E-003
   20.320000000000000        9.7000000000000005E-004
   20.340000000000000        3.8758112594367536E-003
   20.359999999999999        1.0112299999974191E-004
   20.379999999999999        2.5610000000001322E-003
   20.400000000000002        8.7700000000000000E-003
   20.420000000000002        4.8581964401782770E-003
   20.440000000000001        8.7864139999991476E-003
   20.460000000000001       -2.9329999999999998E-003
   20.480000000000000       -2.2250000000000000E-003
   20.500000000000000       -9.9179999999999997E-003
   20.520000000000000       -1.5855259437027605E-002
   20.539999999999999       -2.1043832350000354E-002
   20.559999999999999       -1.7690999999999821E-002
   20.580000000000002       -9.5090000000000001E-003
   20.600000000000001       -3.4265107744605654E-003
   20.620000000000001        6.3584371500006349E-003
   20.640000000000001        1.5101000000000000E-002
   20.660000000000000        2.6051000000000001E-002
   20.680000000000000        2.6179061346932743E-002
   20.699999999999999        2.7406249299999477E-002
   20.719999999999999        3.2392000000000039E-002
   20.740000000000002        3.4374000000000002E-002
   20.760000000000002        4.3041854457276922E-002
   20.780000000000001        4.0130943349999920E-002
   20.800000000000001        3.8997999999999998E-002
   20.820000000000000        3.9211999999999997E-002
   20.840000000000000        3.3244371381431471E-002
   20.859999999999999        4.0672505249998943E-002
   20.879999999999999        5.0776999999999774E-002
   20.900000000000002        4.0114999999999998E-002
   20.920000000000002        3.6942936403178292E-002
   20.940000000000001        1.5671214300000312E-002
   20.960000000000001        1.9956999999999999E-002
   20.980000000000000        2.0041000000000000E-002
   21.000000000000000        1.9352000000000001E-002
   21.020000000000000        1.4675793560322416E-002
   21.039999999999999        1.0547341449999284E-002
   21.059999999999999        1.7375999999999999E-002
   21.080000000000002        2.3226000000000000E-002
   21.100000000000001        2.9497866656668089E-002
   21.120000000000001        2.6830569749999374E-002
   21.140000000000001        1.8225999999999999E-002
   21.160000000000000        2.7994000000000002E-002
   21.180000000000000        2.5774189740511794E-002
   21.199999999999999        9.5696193999986988E-003
   21.219999999999999        2.1957000000000001E-002
   21.240000000000002        1.4781000000000001E-002
   21.260000000000002        6.6495286235666914E-003
   21.280000000000001       -2.7779928499999896E-003
   21.300000000000001       -2.6350000000000002E-003
   21.320000000000000       -1.1590000000000001E-003
   21.340000000000000       -8.8692594370285253E-003
   21.359999999999999       -1.4058267949999438E-002
   21.379999999999999       -1.9417000000000000E-002
   21.400000000000002       -9.5020000000000000E-003
   21.420000000000002       -1.0863127943603246E-002
   21.440000000000001       -1.3421267449998935E-002
   21.460000000000001        1.2290000000000001E-003
   21.480000000000000       -3.4629999999999999E-003
   21.500000000000000       -1.2999999999999999E-004
   21.520000000000000        2.1319000549974601E-003
   21.539999999999999        1.3253660000097240E-004
   21.559999999999999       -9.1350000000000008E-003
   21.580000000000002       -6.0650000000000001E-003
   21.600000000000001       -1.5502426378662035E-003
   21.620000000000001        1.3597012000000018E-002
   21.640000000000001        1.3837000000000000E-002
   21.660000000000000        2.1530000000000001E-002
   21.680000000000000        2.5141823258836800E-002
   21.699999999999999        2.1606232400001611E-002
   21.719999999999999        6.2550000000000001E-003
   21.740000000000002        1.4970000000000001E-002
   21.760000000000002        3.9000579970968085E-003
   21.780000000000001       -1.4939443699999191E-002
   21.800000000000001       -3.8140000000000001E-003
   21.820000000000000       -1.4459000000000000E-002
   21.840000000000000       -1.5983221438928375E-002
   21.859999999999999       -2.0411710700000606E-002
   21.879999999999999       -1.4626000000000000E-002
   21.900000000000002       -2.5798999999999999E-002
   21.920000000000002       -3.6252634018300416E-002
   21.940000000000001       -2.8933077150000115E-002
   21.960000000000001       -3.0476000000000000E-002
   21.980000000000000       -2.7910000000000001E-002
   22.000000000000000       -2.1663000000000002E-002
   22.020000000000000       -7.9196459677023569E-003
   22.039999999999999       -8.3922259999953295E-004
   22.059999999999999       -5.2909999999999997E-003
   22.080000000000002       -1.9919999999999998E-003
   22.100000000000001        2.6482664816763733E-002
   22.120000000000001        1.9778400799999131E-002
   22.140000000000001        7.7949999999999998E-003
   22.160000000000000        2.3144999999999999E-002
   22.180000000000000        2.8103316784161253E-002
   22.199999999999999        3.4438990650000022E-002
   22.219999999999999        3.4251999999999998E-002
   22.240000000000002        2.9286000000000000E-002
   22.260000000000002        4.7754904354785396E-002
   22.280000000000001        4.5842220850000323E-002
   22.300000000000001        5.0258999999999998E-002
   22.320000000000000        5.3806000000000000E-002
   22.340000000000000        5.8939405829707650E-002
   22.359999999999999        4.7055609800000821E-002
   22.379999999999999        3.9252000000000002E-002
   22.400000000000002        2.8011000000000001E-002
   22.420000000000002        2.9052299485024916E-002
   22.440000000000001        1.5042791950001152E-002
   22.460000000000001        3.0880999999999999E-002
   22.480000000000000        3.5443000000000002E-002
   22.500000000000000        5.2057231188440911E-002
   22.520000000000000        5.6679941300002229E-002
   22.539999999999999        3.5507555749998830E-002
   22.559999999999999        4.6621999999999997E-002
   22.580000000000002        2.9488000000000000E-002
   22.600000000000001        3.3048154892254794E-002
   22.620000000000001        1.6146396100000574E-002
   22.640000000000001        2.4067999999999999E-002
   22.660000000000000        1.1563000000000000E-002
   22.680000000000000        5.5299927003649718E-003
   22.699999999999999        5.3841112499997661E-003
   22.719999999999999        7.6090000000000003E-003
   22.740000000000002        5.4900000000000001E-004
   22.760000000000002       -1.0506054297287178E-002
   22.780000000000001       -1.1592473550000688E-002
   22.800000000000001       -2.1062999999999998E-002
   22.820000000000000       -2.4846000000000000E-002
   22.840000000000000       -3.9839703264836331E-002
   22.859999999999999       -3.3905306849999352E-002
   22.879999999999999       -4.0042000000000001E-002
   22.900000000000002       -4.2057999999999998E-002
   22.920000000000002       -4.1107620218988325E-002
   22.940000000000001       -3.3512288750000424E-002
   22.960000000000001       -3.9287000000000002E-002
   22.980000000000000       -3.3070000000000002E-002
   23.000000000000000       -2.7926817659116778E-002
   23.020000000000000       -2.4279531350000983E-002
   23.039999999999999       -1.4906982000000037E-002
   23.059999999999999       -1.4546999999999999E-002
   23.080000000000002        6.5700000000000003E-004
   23.100000000000001       -8.1293835308251725E-004
   23.120000000000001        4.2030010000043645E-004
   23.140000000000001        6.4219999999999998E-003
   23.160000000000000        1.0297000000000001E-002
   23.180000000000000        1.3194078796060313E-002
   23.199999999999999        1.4769991600000018E-002
   23.219999999999999        1.4602000000000000E-002
   23.240000000000002        7.6779999999999999E-003
   23.260000000000002        1.5501422928854109E-002
   23.280000000000001        3.9594108499991431E-003
   23.300000000000001       -7.8230000000000001E-003
   23.320000000000000        7.5750000000000001E-003
   23.340000000000000        6.9985410729442310E-004
   23.359999999999999       -2.2175033000010418E-003
   23.379999999999999        7.7159999999999998E-003
   23.400000000000002        6.2200000000000005E-004
   23.420000000000002       -4.8447127644387124E-005
   23.440000000000001       -8.9911097500001598E-003
   23.460000000000001       -1.1186000000000000E-002
   23.480000000000000       -3.5109999999999998E-003
   23.500000000000000       -1.6759559922003262E-002
   23.520000000000000       -7.9580000500000005E-003
   23.539999999999999       -7.9596101499987207E-003
   23.559999999999999       -2.0161999999999999E-002
   23.580000000000002       -1.9474000000000002E-002
   23.600000000000001       -2.8984108544574616E-002
   23.620000000000001       -3.1154724099999597E-002
   23.640000000000001       -2.5637000000000000E-002
   23.660000000000000        2.0630000000000002E-003
   23.680000000000000        7.8168221588874342E-004
   23.699999999999999       -5.5722184500037377E-003
   23.719999999999999        3.0057000000000000E-002
   23.740000000000002        2.6984000000000001E-002
   23.760000000000002        2.6883358832020120E-003
   23.780000000000001        9.4059067999998636E-003
   23.800000000000001        7.5420000000000001E-003
   23.820000000000000        1.2661000000000000E-002
   23.840000000000000        1.7504116094195457E-002
   23.859999999999999        1.9826114349999757E-002
   23.879999999999999        2.2113000000000001E-002
   23.900000000000002        2.7118000000000000E-002
   23.920000000000002        2.7652813509324359E-002
   23.940000000000001        2.3922564099999367E-002
   23.960000000000001        1.5205000000000000E-002
   23.980000000000000        1.6539000000000002E-002
   24.000000000000000        1.4813052147392706E-002
   24.020000000000000        1.5855721100000587E-002
   24.039999999999999        1.0278424399999110E-002
   24.059999999999999        1.8766000000000001E-002
   24.080000000000002        1.1795999999999999E-002
   24.100000000000001        3.3856927653612449E-003
   24.120000000000001        1.7241479950000697E-002
   24.140000000000001        2.6839999999999999E-002
   24.160000000000000        2.7590000000000002E-003
   24.180000000000000       -2.9633821308925569E-003
   24.199999999999999        9.3937936500004329E-003
   24.219999999999999        5.2670000000000000E-003
   24.240000000000002        4.1859999999999996E-003
   24.260000000000002        8.1007638118097622E-003
   24.280000000000001        3.3781111500016158E-003
   24.300000000000001        2.5600000000000001E-002
   24.320000000000000        2.4695999999999999E-002
   24.340000000000000        8.4988496575169048E-003
   24.359999999999999        5.4925273499988941E-003
   24.379999999999999        1.6039000000000001E-002
   24.400000000000002        1.6697000000000000E-002
   24.420000000000002        3.4532304884735588E-003
   24.440000000000001        8.0635449500007939E-003
   24.460000000000001        1.8962000000000000E-002
   24.480000000000000        8.7410000000000005E-003
   24.500000000000000        1.8100929803509722E-002
   24.520000000000000        1.6696873400000267E-002
   24.539999999999999        1.4164456350001142E-002
   24.560000000000002        3.2919999999999998E-003
   24.580000000000002        3.1849999999999999E-003
   24.600000000000001       -1.2793400529976922E-002
   24.620000000000001       -2.0804541200000786E-002
   24.640000000000001       -3.1628000000000003E-002
   24.660000000000000       -2.5330999999999999E-002
   24.680000000000000       -1.8767053447327712E-002
   24.699999999999999       -1.9836422399999113E-002
   24.719999999999999       -2.8284000000000000E-002
   24.740000000000002       -3.8053999999999998E-002
   24.760000000000002       -2.8877157292132541E-002
   24.780000000000001       -1.2023427550000623E-002
   24.800000000000001       -2.0573999999999999E-002
   24.820000000000000       -2.2616000000000001E-002
   24.840000000000000       -1.4445197090145780E-002
   24.859999999999999       -1.8387038249999921E-002
   24.879999999999999       -1.9151999999999999E-002
   24.900000000000002       -5.0379999999999999E-003
   24.920000000000002       -9.9203744812758933E-003
   24.940000000000001        2.5901897000002757E-003
   24.960000000000001        6.3839999999999999E-003
   24.980000000000000       -2.0300000000000000E-004
   25.000000000000000        6.2501896405182502E-003
   25.020000000000000        1.0042821750000373E-002
   25.039999999999999        6.4788028999983151E-003
   25.060000000000002        2.2536000000000000E-002
   25.080000000000002        1.6992000000000000E-002
   25.100000000000001        2.3806567971603458E-002
   25.120000000000001        3.5165691599999556E-002
   25.140000000000001        2.8997999999999999E-002
   25.160000000000000        2.7906000000000000E-002
   25.180000000000000        1.7645097245137884E-002
   25.199999999999999        1.9589780900000461E-002
   25.219999999999999        1.5207999999999999E-002
   25.240000000000002        3.4099999999999998E-003
   25.260000000000002        3.3350101494925267E-003
   25.280000000000001        3.5381492000002169E-003
   25.300000000000001        6.5220000000000000E-003
   25.320000000000000       -1.1724000000000000E-002
   25.340000000000000       -1.4242600369985283E-003
   25.359999999999999       -6.6246986000006326E-003
   25.379999999999999       -5.9699999999999998E-004
   25.400000000000002       -9.5180000000000004E-003
   25.420000000000002       -5.3310261486933137E-003
   25.440000000000001       -2.5853565449999366E-002
   25.460000000000001       -1.7163000000000001E-002
   25.480000000000000       -1.5155000000000000E-002
   25.500000000000000       -8.8467352632364531E-003
   25.520000000000000       -3.5519775500000472E-003
   25.539999999999999       -3.1031410499997038E-003
   25.560000000000002       -5.9239999999999996E-003
   25.580000000000002       -1.1616248675130314E-002
   25.600000000000001        5.8973663683220606E-003
   25.620000000000001        1.3224019900000029E-002
   25.640000000000001        1.3622000000000000E-002
   25.660000000000000        1.0629000000000000E-002
   25.680000000000000        2.1756261786909578E-002
   25.699999999999999        6.9923222999993236E-003
   25.719999999999999        1.3438000000000000E-002
   25.740000000000002        2.0508999999999999E-002
   25.760000000000002        3.4573762161894055E-002
   25.780000000000001        2.9816545499999337E-002
   25.800000000000001        2.0726999999999999E-002
   25.820000000000000        2.2447999999999999E-002
   25.840000000000000        2.3295595870205903E-002
   25.859999999999999        1.5213595699998752E-002
   25.879999999999999        2.7126999999999998E-002
   25.900000000000002        1.9677000000000000E-002
   25.920000000000002        1.6272087495624740E-002
   25.940000000000001        1.8021544299999338E-002
   25.960000000000001        8.9079999999999993E-003
   25.980000000000000        2.0200000000000001E-003
   26.000000000000000        1.9885169241530901E-003
   26.020000000000000       -7.6727107000006062E-003
   26.039999999999999       -1.8866539000007261E-003
   26.060000000000002        5.0350000000000004E-003
   26.080000000000002       -2.5941521847817109E-003
   26.100000000000001       -4.1163094154714943E-003
   26.120000000000001       -1.0304615400000895E-002
   26.140000000000001       -2.2612000000000000E-002
   26.160000000000000       -2.1573999999999999E-002
   26.180000000000000       -2.4533742062896480E-002
   26.199999999999999       -1.9374545300000955E-002
   26.219999999999999       -1.0281000000000000E-002
   26.240000000000002       -1.7541999999999999E-002
   26.260000000000002       -2.7368587920606570E-002
   26.280000000000001       -3.9127129700000193E-002
   26.300000000000001       -4.1721000000000001E-002
   26.320000000000000       -3.0731999999999999E-002
   26.340000000000000       -2.7951535673217121E-002
   26.359999999999999       -3.8664496300001058E-002
   26.379999999999999       -2.8590999999999998E-002
   26.400000000000002       -2.4809999999999999E-002
   26.420000000000002       -2.9811280785960546E-002
   26.440000000000001       -1.5426738649999619E-002
   26.460000000000001       -1.0200000000000001E-002
   26.480000000000000       -1.9330000000000000E-002
   26.500000000000000       -9.3352433878295098E-003
   26.520000000000000        5.7968362000003441E-003
   26.539999999999999        2.5209307000001453E-003
   26.560000000000002        1.1349999999999999E-003
   26.580000000000002        4.8854114588546245E-003
   26.600000000000001        9.0001199059962043E-003
   26.620000000000001        1.1398116450000171E-002
   26.640000000000001        1.3727000000000000E-002
   26.660000000000000        2.5812000000000002E-002
   26.680000000000000        1.2110852657366918E-002
   26.699999999999999        9.1638583500002965E-003
   26.719999999999999        6.3309999999999998E-003
   26.740000000000002        2.3710999999999999E-002
   26.760000000000002        5.8333068346074532E-004
   26.780000000000001       -1.2802521549999304E-002
   26.800000000000001       -3.2339999999999999E-003
   26.820000000000000       -1.2168000000000000E-002
   26.840000000000000       -1.3212753012350477E-002
   26.859999999999999       -2.8272734650000558E-002
   26.879999999999999       -2.2966000000000000E-002
   26.900000000000002       -2.8396000000000001E-002
   26.920000000000002       -1.7417269136541614E-002
   26.940000000000001       -2.2799184049998814E-002
   26.960000000000001       -6.4809999999999998E-003
   26.980000000000000       -1.3781000000000000E-002
   27.000000000000000       -2.0966630568471038E-002
   27.020000000000000       -1.3577230950001613E-002
   27.039999999999999        1.8015479000030470E-003
   27.060000000000002       -2.7238999999999999E-002
   27.080000000000002       -1.1979437356262435E-002
   27.100000000000001        3.6466132306637463E-003
   27.120000000000001       -4.0871427499987534E-003
   27.140000000000001        1.3056999999999999E-002
   27.160000000000000        2.5739999999999999E-003
   27.180000000000000        1.1619396230187613E-002
   27.199999999999999       -4.5539495000126957E-004
   27.219999999999999        1.1645000000000001E-002
   27.240000000000002        1.2630000000000000E-003
   27.260000000000002        9.1640730463491936E-003
   27.280000000000001        1.0623933499998449E-002
   27.300000000000001       -1.0704999999999999E-002
   27.320000000000000        3.3340000000000002E-003
   27.340000000000000       -1.1526712164391361E-002
   27.359999999999999       -5.7689068500022932E-003
   27.379999999999999        1.6093000000000000E-002
   27.400000000000002        5.2729999999999999E-003
   27.420000000000002       -2.4284288285605637E-003
   27.440000000000001       -1.1004183749998812E-002
   27.460000000000001        5.3200000000000001E-003
   27.480000000000000       -2.1129999999999999E-003
   27.500000000000000       -7.1199891005435025E-003
   27.520000000000000        1.3097149600001783E-002
   27.539999999999999       -3.9102487999994780E-003
   27.560000000000002       -8.8859999999999998E-003
   27.580000000000002       -8.0788732126785730E-003
   27.600000000000001       -6.8114178708939266E-003
   27.620000000000001       -1.5168453750000659E-002
   27.640000000000001       -2.4243000000000001E-002
   27.660000000000000       -3.4328999999999998E-002
   27.680000000000000       -1.9266731813408940E-002
   27.699999999999999       -1.3903626099998689E-002
   27.719999999999999       -2.6425000000000001E-002
   27.740000000000002       -9.5379999999999996E-003
   27.760000000000002       -2.4858442977853019E-002
   27.780000000000001       -1.3717935299999906E-002
   27.800000000000001       -1.2423999999999999E-002
   27.820000000000000       -3.5639999999999999E-003
   27.840000000000000        8.6719610019498454E-003
   27.859999999999999        7.8918077000004021E-003
   27.879999999999999        4.0460000000000001E-003
   27.900000000000002        7.7600000000000004E-003
   27.920000000000002       -7.5076396180307847E-004
   27.940000000000001        3.9704063500005911E-003
   27.960000000000001        1.2097000000000000E-002
   27.980000000000000        1.0978999999999999E-002
   28.000000000000000        2.2981873906304500E-002
   28.020000000000000        2.0459692050000648E-002
   28.039999999999999        1.4301656149998622E-002
   28.060000000000002        2.7423999999999858E-002
   28.080000000000002        2.6710771822816191E-002
   28.100000000000001        1.4428283564177167E-002
   28.120000000000001        1.0131005000045090E-004
   28.140000000000001        6.3020000000000003E-003
   28.160000000000000        7.8040000000000002E-003
   28.180000000000000        6.4735735213233133E-003
   28.199999999999999       -2.0560375999999210E-003
   28.219999999999999       -2.8080000000000002E-003
   28.240000000000002       -3.3900000000000000E-004
   28.260000000000002        5.3850207989610994E-003
   28.280000000000001        5.8007284499996042E-003
   28.300000000000001        3.6999999999999999E-004
   28.320000000000000       -1.6833999999999998E-002
   28.340000000000000       -1.0006876656162649E-003
   28.359999999999999        5.2457773000004673E-003
   28.379999999999999        7.9199999999999995E-004
   28.400000000000002       -5.2769999999999996E-003
   28.420000000000002       -3.3677157642110372E-003
   28.440000000000001        2.3168768499998208E-003
   28.460000000000001       -1.4600000000000000E-004
   28.480000000000000       -9.7719999999999994E-003
   28.500000000000000       -7.6582250387483893E-003
   28.520000000000000       -1.2158699650000628E-002
   28.539999999999999       -6.1515146500010186E-003
   28.560000000000002        3.5549999999979309E-003
   28.580000000000002       -6.8448732126798160E-003
   28.600000000000001       -1.5577068203410271E-002
   28.620000000000001       -1.6940546449999344E-002
   28.640000000000001       -7.8700000000000003E-003
   28.660000000000000       -1.7513000000000001E-002
   28.680000000000000       -2.9387759112041137E-003
   28.699999999999999        1.5428565000003011E-003
   28.719999999999999       -1.3270000000000001E-003
   28.740000000000002       -1.2803000000000000E-002
   28.760000000000002       -7.9091276436171337E-003
   28.780000000000001       -1.0461874299999820E-002
   28.800000000000001       -7.9480000000000002E-003
   28.820000000000000       -5.0010000000000002E-003
   28.840000000000000       -2.3462980800959925E-002
   28.859999999999999       -2.3078756550000509E-002
   28.879999999999999       -1.8210000000000000E-002
   28.900000000000002       -1.9990000000000001E-002
   28.920000000000002       -2.8566658717065173E-002
   28.940000000000001       -2.1740868199999808E-002
   28.960000000000001       -1.9105000000000000E-002
   28.980000000000000       -2.8861000000000001E-002
   29.000000000000000       -2.5468157742113123E-002
   29.020000000000000       -2.8622428400001197E-002
   29.039999999999999       -1.7191214949999551E-002
   29.060000000000002       -2.1489999999996810E-002
   29.080000000000002       -5.4530529947005952E-003
   29.100000000000001       -5.9837967398381504E-003
   29.120000000000001       -2.1916850649999781E-002
   29.140000000000001       -1.8929999999999999E-002
   29.160000000000000       -8.9509811018898214E-003
   29.180000000000000       -8.7622005100257937E-003
   29.199999999999999       -1.2771067600001958E-002
   29.219999999999999        5.8760000000000001E-003
   29.240000000000002        2.6740000000000002E-003
   29.260000000000002       -5.7957779611031270E-003
   29.280000000000001       -1.3551218000001771E-003
   29.300000000000001       -3.7910000000000001E-003
   29.320000000000000       -2.1009000000000000E-002
   29.340000000000000        3.5964349782502654E-003
   29.359999999999999       -7.7047351999984578E-003
   29.379999999999999       -2.2408000000000001E-002
   29.400000000000002       -7.5009999999999999E-003
   29.420000000000002        8.5547807609692055E-004
   29.440000000000001       -9.5835291000007684E-003
   29.460000000000001       -2.0164999999999999E-002
   29.480000000000000       -1.0311000000000001E-002
   29.500000000000000       -1.1033860806960904E-002
   29.520000000000000       -2.8249636800000762E-002
   29.539999999999999       -2.0985136600001814E-002
   29.560000000000002       -3.7180000000006028E-003
   29.580000000000002       -6.7477001299878700E-003
   29.600000000000001       -1.3748559977998261E-002
   29.620000000000001       -4.9497713500011222E-003
   29.640000000000001       -2.0375999999999998E-002
   29.660000000000000       -1.0172321767821975E-003
   29.680000000000000       -3.3391769588481997E-003
   29.699999999999999       -6.8778066000004063E-003
   29.719999999999999       -3.0100000000000001E-003
   29.740000000000002       -1.6039999999999999E-002
   29.760000000000002       -1.8619077946101813E-002
   29.780000000000001       -1.7788699999983563E-004
   29.800000000000001        2.0820000000000001E-003
   29.820000000000000       -3.3720000000000000E-003
   29.840000000000000       -4.2948642567942343E-004
   29.859999999999999       -1.0157028750002038E-002
   29.879999999999999        9.2669999999999992E-003
   29.900000000000002        6.4859999999999996E-003
   29.920000000000002       -2.4692695565225381E-002
   29.940000000000001        1.3961730500002519E-003
   29.960000000000001        4.8570000000000002E-003
   29.980000000000000        8.7480000000000006E-003
   30.000000000000000       -2.1188880556101454E-004
   30.020000000000000       -1.7988108049999774E-002
   30.039999999999999       -2.0149272199999430E-002
   30.060000000000002       -2.5592999999997635E-002
   30.080000000000002       -1.3709668933107520E-002
   30.100000000000001       -2.0399311315566229E-002
   30.120000000000001       -2.6625424300000616E-002
   30.140000000000001       -3.5111000000000003E-002
   30.160000000000000       -2.2760233376662747E-002
   30.180000000000000       -1.5094245762288473E-002
   30.199999999999999       -2.0008926350000154E-002
   30.219999999999999       -1.8536000000000000E-002
   30.240000000000002       -1.8613000000000001E-002
   30.260000000000002       -1.9176641164895716E-005
   30.280000000000001       -3.5520920000001338E-003
   30.300000000000001       -5.3920000000000001E-003
   30.320000000000000       -2.2134000000000001E-002
   30.340000000000000       -1.9791308584571218E-002
   30.359999999999999       -2.5961748100002627E-002
   30.379999999999999       -9.2500000000000004E-004
   30.400000000000002       -1.6600000000000000E-004
   30.420000000000002       -2.9811810909458065E-002
   30.440000000000001       -6.0313636000019835E-003
   30.460000000000001       -3.3301999999999998E-002
   30.480000000000000       -3.8975000000000003E-002
   30.500000000000000       -3.1218539223039632E-002
   30.520000000000000       -4.2002063600001957E-002
   30.539999999999999       -2.3274852450000310E-002
   30.560000000000002       -2.0323999999999884E-002
   30.580000000000002       -1.9763881611837432E-002
   30.600000000000001       -8.5795996799834170E-003
   30.620000000000001       -5.7452515000076365E-004
   30.640000000000001       -1.1077000000000000E-002
   30.660000000000000       -1.6638780721928457E-002
   30.680000000000000       -4.4456184309209909E-003
   30.699999999999999        3.1841762500017285E-003
   30.719999999999999       -1.3290000000000000E-002
   30.740000000000002        2.8349999999999998E-003
   30.760000000000002       -1.5771998450080798E-002
   30.780000000000001       -1.5740933699999904E-002
   30.800000000000001       -1.4415000000000001E-002
   30.820000000000000       -1.3566999999999999E-002
   30.840000000000000       -3.3480591920403382E-002
   30.859999999999999       -2.5318281000001507E-002
   30.879999999999999       -1.0939000000000001E-002
   30.900000000000002       -1.5160000000000000E-003
   30.920000000000002       -1.2741034198292129E-002
   30.940000000000001       -1.3425631850000919E-002
   30.960000000000001       -2.6061999999999998E-002
   30.980000000000000       -3.5019000000000002E-002
   31.000000000000000       -1.9560319384029808E-002
   31.020000000000000       -5.9484464499990628E-003
   31.039999999999999       -1.4876678350000675E-002
   31.060000000000002       -8.4440000000006333E-003
   31.080000000000002       -1.1634576242376479E-002
   31.100000000000001       -1.7396005950296070E-002
   31.120000000000001        2.4829760499999651E-003
   31.140000000000001        2.0040000000000001E-003
   31.160000000000000       -1.2710044695530425E-002
   31.180000000000000       -1.3156738286913964E-002
   31.199999999999999       -7.9233500999992650E-003
   31.219999999999999       -1.4925000000000001E-002
   31.240000000000002       -1.4630000000000001E-002
   31.260000000000002       -1.7974830708464926E-002
   31.280000000000001       -1.4589165600000242E-002
   31.300000000000001       -1.7901000000000000E-002
   31.320000000000000       -1.6938000000000002E-002
   31.340000000000000       -1.4652402329884091E-002
   31.359999999999999       -2.2698199900001680E-002
   31.379999999999999       -6.6969999999999998E-003
   31.400000000000002        9.9139999999999992E-003
   31.420000000000002        4.9190085495716468E-003
   31.440000000000001        5.0898791499998245E-003
   31.460000000000001        2.6730000000000000E-003
   31.480000000000000       -1.0200000000000000E-004
   31.500000000000000       -2.8322885355736411E-003
   31.520000000000000       -8.6025586000009254E-003
   31.539999999999999        2.2393680000223104E-004
   31.560000000000002       -2.1039000000000453E-002
   31.580000000000002       -2.3339549645037420E-002
   31.600000000000001       -3.8834872843640546E-002
   31.620000000000001       -1.6292563899997912E-002
   31.640000000000001        1.2428000000000000E-002
   31.660000000000000        1.2127621337865881E-002
   31.680000000000000        1.8340177108854244E-002
   31.699999999999999        1.8840360499999243E-003
   31.720000000000002        2.6050000000000001E-003
   31.740000000000002       -2.3328999999999999E-002
   31.760000000000002       -6.7759994000256034E-003
   31.780000000000001        1.3235187049998818E-002
   31.800000000000001       -3.0230000000000001E-003
   31.820000000000000       -2.8697000000000000E-002
   31.840000000000000       -2.9340339283036344E-002
   31.859999999999999       -3.6125159100001761E-002
   31.879999999999999       -1.9307999999999999E-002
   31.900000000000002       -1.7902999999999999E-002
   31.920000000000002       -2.6940936153192398E-002
   31.940000000000001       -5.6649967500014501E-003
   31.960000000000001       -2.5599000000000000E-002
   31.980000000000000       -7.4549999999999998E-003
   32.000000000000000       -1.4089000000000001E-002
   32.019999999999996       -3.6790000000000000E-003
   32.039999999999999       -2.1498151342427003E-002
   32.060000000000002       -1.3012927803608477E-002
   32.079999999999998       -1.8045170100000979E-002
   32.100000000000001        2.5230656532871217E-004
   32.120000000000005        6.3823241999990173E-003
   32.140000000000001       -7.1330000000003413E-003
   32.159999999999997       -8.8480000000000000E-003
   32.180000000000000       -1.2988000000000000E-002
   32.200000000000003       -2.9475114088588935E-002
   32.219999999999999       -1.6903597999998431E-002
   32.240000000000002       -1.6595946400000030E-002
   32.260000000000005       -1.6060983799198379E-002
   32.280000000000001       -3.5734810199999724E-002
   32.299999999999997       -3.1939000000000002E-002
   32.320000000000000       -3.1088000000000001E-002
   32.340000000000003       -2.3420000000000000E-002
   32.359999999999999       -2.5541000000000001E-002
   32.379999999999995       -3.2787204529549266E-002
   32.400000000000006       -8.4570272486395506E-003
   32.420000000000002        3.4363832691625615E-003
   32.439999999999998       -8.8967302000015243E-003
   32.460000000000001       -3.5010000000021274E-003
   32.480000000000004       -1.4193000000000001E-002
   32.500000000000000       -3.5929999999999998E-003
   32.520000000000003       -3.2170999999999998E-002
   32.539999999999999       -3.3322432278386924E-002
   32.560000000000002       -1.7648456377178264E-002
   32.579999999999998       -3.4368752100001738E-002
   32.600000000000001       -1.8934289714491962E-003
   32.619999999999997       -1.0471431750003212E-002
   32.640000000000001        8.9299999999562537E-004
   32.660000000000004       -2.1094999999999999E-002
   32.680000000000000       -2.0773000000000000E-002
   32.700000000000003        3.0130946905228696E-004
   32.719999999999999       -4.3037620999995157E-003
   32.740000000000002       -2.4222779500001186E-002
   32.759999999999998       -2.0202066103308172E-003
   32.780000000000001       -6.1525480500007968E-003
   32.799999999999997       -1.7113000000000000E-002
   32.820000000000000       -1.1801000000000001E-002
   32.840000000000003       -1.2853000000000000E-002
   32.859999999999999       -2.6516999999999999E-002
   32.880000000000003       -1.0545848465154637E-002
   32.899999999999999       -2.1043654517275370E-002
   32.920000000000002       -2.2839513925697032E-002
   32.939999999999998       -3.3117391099997798E-002
   32.960000000000001       -4.0938999999993599E-002
   32.980000000000004       -8.7639999999999992E-003
   33.000000000000000       -1.7177000000000001E-002
   33.020000000000003       -2.6689999999999998E-002
   33.039999999999999       -3.8083452977351953E-002
   33.060000000000002       -2.2613808659565582E-002
   33.079999999999998       -1.2964709900000157E-002
   33.100000000000001       -1.0064614630732429E-002
   33.119999999999997       -2.2356171449999032E-002
   33.140000000000001       -2.5784999999997303E-002
   33.160000000000004       -1.2246000000000000E-002
   33.180000000000000       -1.0834999999999999E-002
   33.200000000000003       -1.2576508649138021E-002
   33.219999999999999       -2.9299426400001969E-002
   33.240000000000002       -3.1926606500000204E-002
   33.259999999999998       -2.7991719735986392E-002
   33.280000000000001       -2.2386853999999786E-002
   33.299999999999997       -1.9467000000000002E-002
   33.320000000000000       -2.3373000000000001E-002
   33.340000000000003       -3.4597000000000003E-002
   33.359999999999999       -3.0301999999999999E-002
   33.380000000000003       -4.0456543345702926E-003
   33.399999999999999       -2.7454521673921029E-002
   33.420000000000002        5.6169361968082939E-003
   33.439999999999998       -1.5657328649998140E-002
   33.460000000000001       -2.2229999999999233E-002
   33.480000000000004       -1.8383000000000000E-002
   33.500000000000000       -1.2297000000000001E-002
   33.520000000000003       -3.2222000000000001E-002
   33.539999999999999       -5.1501202939852365E-003
   33.560000000000002       -6.3530951452428061E-003
   33.579999999999998       -7.9069516999994913E-003
   33.600000000000001       -1.7423168458423167E-002
   33.619999999999997       -2.0792164199999075E-002
   33.640000000000001       -2.4076000000001044E-002
   33.660000000000004       -2.9333000000000001E-002
   33.680000000000000       -2.9946000000000000E-002
   33.700000000000003       -3.8957961703827235E-003
   33.719999999999999       -2.5406029499979378E-003
   33.740000000000002       -3.7885872300000602E-002
   33.759999999999998       -2.6609699034951313E-002
   33.780000000000001       -2.0591488300000710E-002
   33.799999999999997       -3.0356999999999999E-002
   33.820000000000000       -7.3080000000000003E-003
   33.840000000000003       -2.9388999999999998E-002
   33.859999999999999       -1.8894000000000001E-002
   33.880000000000003       -1.4499139686033618E-002
   33.899999999999999       -2.3697246937654438E-002
   33.920000000000002       -2.0767129256463009E-002
   33.939999999999998       -2.3352441349997508E-002
   33.960000000000001       -3.2178999999999847E-002
   33.980000000000004       -3.1393999999999998E-002
   34.000000000000000       -1.1342000000000000E-002
   34.020000000000003       -7.9399999999999991E-003
   34.039999999999999       -2.6550285585720562E-002
   34.060000000000002       -2.9404897655118119E-002
   34.079999999999998       -1.9810074299999963E-002
   34.100000000000001       -2.0553323266163777E-002
   34.119999999999997       -2.7018019499999889E-002
   34.140000000000001       -2.7408000000001376E-002
   34.160000000000004       -3.4331000000000000E-002
   34.180000000000000       -2.5655000000000001E-002
   34.200000000000003       -3.2337956754325686E-002
   34.219999999999999       -3.8713388150002033E-002
   34.240000000000002       -1.5786616000000205E-002
   34.259999999999998       -1.1947952047603764E-002
   34.280000000000001       -3.0986108499998704E-002
   34.299999999999997       -1.3157000000000000E-002
   34.320000000000000       -2.0334999999999999E-002
   34.340000000000003       -1.7892999999999999E-002
   34.359999999999999       -1.0950000000000001E-003
   34.380000000000003       -5.3654981001956840E-003
   34.399999999999999       -2.2479253437330770E-002
   34.420000000000002       -1.3572203260161850E-002
   34.439999999999998        2.3606581500019313E-003
   34.460000000000001       -4.4760000000047184E-003
   34.480000000000004       -2.8195999999999999E-002
   34.500000000000000       -6.2000000000000003E-005
   34.520000000000003       -1.9866999999999999E-002
   34.539999999999999       -1.5195320583970631E-002
   34.560000000000002       -1.8401887655617063E-002
   34.579999999999998       -2.8878280700001455E-002
   34.600000000000001       -1.6896630831565761E-003
   34.619999999999997       -3.4946719200007234E-002
   34.640000000000001       -9.3320000000003747E-003
   34.660000000000004       -1.1220000000000001E-002
   34.680000000000000       -2.6797000000000001E-002
   34.700000000000003       -1.2264159734026784E-002
   34.719999999999999       -1.3330762949999164E-002
   34.740000000000002       -3.1488913300001115E-002
   34.759999999999998       -1.0624293364668660E-002
   34.780000000000001       -1.6491897900001305E-002
   34.800000000000004       -3.4449000000000000E-002
   34.820000000000000       -1.5583000000000000E-002
   34.840000000000003       -1.8432000000000000E-002
   34.859999999999999       -1.9966000000000001E-002
   34.880000000000003       -8.9782303269679720E-003
   34.899999999999999       -1.5787575871206806E-002
   34.920000000000002       -2.4951178708935706E-002
   34.939999999999998       -2.8524419450003280E-002
   34.960000000000001       -1.6913999999998874E-002
   34.980000000000004       -1.1259000000000000E-002
   35.000000000000000       -5.9400000000000002E-004
   35.020000000000003       -2.2671000000000000E-002
   35.039999999999999       -3.3826126793660254E-002
   35.060000000000002       -3.5091843407830885E-002
   35.079999999999998       -1.4160453200000292E-002
   35.100000000000001       -8.6927419370964789E-003
   35.119999999999997       -3.5320754999995734E-003
   35.140000000000001       -5.0420000000003249E-003
   35.160000000000004       -6.6790000000000000E-003
   35.180000000000000       -1.5620000000000000E-002
   35.200000000000003       -2.1862541195883385E-002
   35.219999999999999       -3.8801963150002235E-002
   35.240000000000002       -3.6903668200001252E-002
   35.259999999999998       -1.3587901945097111E-002
   35.280000000000001       -1.1627461000000670E-002
   35.300000000000004       -2.0847000000000001E-002
   35.320000000000000       -2.1606000000000000E-002
   35.340000000000003       -3.8089999999999999E-002
   35.359999999999999       -2.4818000000000000E-002
   35.380000000000003       -8.8696662833692534E-003
   35.399999999999999       -7.5588703064840791E-003
   35.420000000000002       -1.5605335066752372E-002
   35.439999999999998       -2.3080786499995558E-003
   35.460000000000001       -3.8810000000020829E-003
   35.480000000000004       -1.4350000000000000E-002
   35.500000000000000        3.5460000000000001E-003
   35.520000000000003        6.5240000000000003E-003
   35.539999999999999       -2.5431643117843225E-002
   35.560000000000002       -4.1858220888959213E-002
   35.579999999999998       -1.2283583400000759E-002
   35.600000000000001        1.8803331666573631E-003
   35.619999999999997       -1.1455339199998082E-002
   35.640000000000001       -1.8238999999995453E-002
   35.660000000000004        4.6070000000000000E-003
   35.680000000000000       -1.0149999999999999E-002
   35.700000000000003       -3.9095181481848519E-002
   35.719999999999999       -2.0306825599997688E-002
   35.740000000000002       -1.9168254299998792E-002
   35.759999999999998       -4.1708534526725662E-002
   35.780000000000001       -3.2399304799998987E-002
   35.800000000000004       -1.8495999999999999E-002
   35.820000000000000       -5.8760000000000001E-003
   35.840000000000003       -1.5082000000000000E-002
   35.859999999999999       -1.7236000000000001E-002
   35.880000000000003       -1.1557908009197230E-002
   35.899999999999999       -7.7991034448273294E-003
   35.920000000000002       -6.9539264963247097E-003
   35.939999999999998       -5.4844744999973183E-003
   35.960000000000001       -1.4974000000000919E-002
   35.980000000000004       -1.9601000000000000E-002
   36.000000000000000       -2.0000000000000000E-002
   36.020000000000003       -3.7731000000000001E-002
   36.039999999999999       -1.4985359832008742E-002
   36.060000000000002       -8.5863710814440223E-003
   36.079999999999998       -2.9093830500000625E-002
   36.100000000000001       -1.7401173558679640E-002
   36.119999999999997       -4.0869746550001432E-002
   36.140000000000001       -3.5800999999998077E-002
   36.160000000000004       -2.6114999999999999E-002
   36.180000000000000       -4.9799999999999996E-004
   36.200000000000003       -7.3914233576623896E-003
   36.219999999999999        3.1153558000029946E-003
   36.240000000000002       -2.8067042899999978E-002
   36.259999999999998       -2.8496012350617550E-002
   36.280000000000001       -2.8742371549999087E-002
   36.300000000000004       -1.6174000000000001E-002
   36.320000000000000       -2.5551999999999998E-002
   36.340000000000003       -3.2703999999999997E-002
   36.359999999999999       -3.3575000000000001E-002
   36.380000000000003       -3.2794520147977506E-002
   36.399999999999999       -7.6101531423386909E-003
   36.420000000000002       -2.6545608430422404E-002
   36.439999999999998       -3.8712003800005626E-002
   36.460000000000001       -1.8789000000002439E-002
   36.480000000000004       -3.1053999999999998E-002
   36.500000000000000       -2.8917000000000002E-002
   36.520000000000003       -1.5833000000000000E-002
   36.539999999999999       -1.9538702264886378E-002
   36.560000000000002       -2.6559776311185793E-002
   36.579999999999998       -1.7835716499999620E-002
   36.600000000000001       -2.5000013500675052E-002
   36.619999999999997       -2.5269652250001967E-002
   36.640000000000001       -1.8315000000001986E-002
   36.660000000000004       -2.8280000000000000E-002
   36.680000000000000       -3.6287000000000000E-002
   36.700000000000003       -3.3956665233476256E-002
   36.719999999999999       -3.1724264600000177E-002
   36.740000000000002       -2.3254173700000443E-002
   36.759999999999998       -1.4992250562528491E-002
   36.780000000000001       -2.0002897349999851E-002
   36.800000000000004       -1.7950000000000001E-002
   36.820000000000000       -1.2853000000000000E-002
   36.840000000000003       -3.3049000000000002E-002
   36.859999999999999       -8.9020000000000002E-003
   36.880000000000003       -5.6248331666939877E-003
   36.899999999999999       -4.2312273736318823E-002
   36.920000000000002       -2.3399014450722559E-002
   36.939999999999998       -2.3688136649999227E-002
   36.960000000000001       -2.6420999999995136E-002
   36.980000000000004       -1.9689999999999998E-003
   37.000000000000000        5.7959999999999999E-003
   37.020000000000003       -1.9661999999999999E-002
   37.039999999999999       -3.7729317284135623E-002
   37.060000000000002       -4.0899775661218447E-002
   37.079999999999998       -2.0243950300000028E-002
   37.100000000000001       -1.9747986149308901E-002
   37.119999999999997       -3.9468530250002652E-002
   37.140000000000001       -3.0073999999995497E-002
   37.160000000000004       -7.4409999999999997E-003
   37.180000000000000       -2.4944000000000001E-002
   37.200000000000003       -2.5313469503049076E-002
   37.219999999999999       -2.1773950950001279E-002
   37.240000000000002        1.0478189900002039E-002
   37.259999999999998       -2.7618703585178830E-002
   37.280000000000001       -2.1690959499999940E-002
   37.300000000000004       -2.0881000000000000E-002
   37.320000000000000       -1.2225000000000000E-002
   37.340000000000003       -1.9878000000000000E-002
   37.359999999999999       -4.6706999999999999E-002
   37.380000000000003       -3.4964370412956573E-002
   37.399999999999999       -3.2795496325184331E-002
   37.420000000000002       -1.6675146807339124E-002
   37.439999999999998        3.8581495000669641E-004
   37.460000000000001       -2.3313999999997441E-002
   37.480000000000004       -1.0451999999999999E-002
   37.500000000000000       -4.3470000000000002E-003
   37.520000000000003       -3.9870000000000001E-003
   37.539999999999999       -1.6123572321383089E-002
   37.560000000000002       -3.1844360381983343E-002
   37.579999999999998       -2.3312024199999448E-002
   37.600000000000001       -3.3553236961848434E-002
   37.619999999999997       -3.8291511350002763E-002
   37.640000000000001       -2.8519000000001123E-002
   37.660000000000004       -3.4155999999999999E-002
   37.680000000000000       -1.6337000000000001E-002
   37.700000000000003       -1.4764528947107078E-002
   37.719999999999999       -2.4955250200001947E-002
   37.740000000000002       -1.2554849900000614E-002
   37.759999999999998       -1.0562698634950210E-003
   37.780000000000001       -2.6450347999999051E-002
   37.800000000000004       -1.3410999999999999E-002
   37.820000000000000       -8.9079999999999993E-003
   37.840000000000003       -9.0299999999999998E-003
   37.859999999999999       -3.7688227677246384E-003
   37.880000000000003        4.0776643499981459E-003
   37.899999999999999       -5.3515325000007856E-003
   37.920000000000002        9.3212301615069552E-003
   37.939999999999998       -6.0748960499949368E-003
   37.960000000000001       -2.3995000000003375E-002
   37.980000000000004       -4.0960999999999997E-002
   38.000000000000000       -3.9489000000000003E-002
   38.020000000000003       -5.5649999999999996E-003
   38.039999999999999        5.4857289135555381E-003
   38.060000000000002       -1.7222907654620114E-002
   38.079999999999998       -1.7655397400000324E-002
   38.100000000000001       -1.1630041052052661E-002
   38.119999999999997       -1.2451293449998343E-002
   38.140000000000001       -1.8320000000002133E-002
   38.160000000000004       -2.9052999999999999E-002
   38.180000000000000       -1.6650999999999999E-002
   38.200000000000003       -1.7510149385061669E-002
   38.219999999999999       -1.8504829700000728E-002
   38.240000000000002       -7.3010438999999766E-003
   38.259999999999998       -7.7400930546528681E-003
   38.280000000000001       -9.6005206999993029E-003
   38.300000000000004       -1.5000000000000000E-005
   38.320000000000000        7.6059999999999999E-003
   38.340000000000003       -1.0371999999999999E-002
   38.359999999999999       -2.5356686231377240E-002
   38.380000000000003       -2.3265506700000951E-002
   38.399999999999999       -2.7284380200000867E-002
   38.420000000000002       -1.1088594179709850E-002
   38.439999999999998       -2.2971628299996449E-002
   38.460000000000001       -3.5537000000001137E-002
   38.480000000000004       -4.1235000000000001E-002
   38.500000000000000       -2.0669999999999998E-003
   38.520000000000003       -1.3982000000000000E-002
   38.539999999999999       -3.6762809259537663E-002
   38.560000000000002       -2.4856066796658947E-002
   38.579999999999998       -1.9571243299999336E-002
   38.600000000000001       -3.2003334616731320E-002
   38.619999999999997       -3.8695219799998758E-002
   38.640000000000001       -4.3090999999994217E-002
   38.660000000000004       -1.4031000000000000E-002
   38.680000000000000       -1.4851000000000000E-002
   38.700000000000003       -4.6488700629947191E-003
   38.719999999999999       -1.0446893850001705E-002
   38.740000000000002        7.7078084000022432E-003
   38.759999999999998       -3.4204512575629523E-002
   38.780000000000001       -4.4453902099998409E-002
   38.800000000000004       -2.2497000000000000E-002
   38.820000000000000        4.0390000000000001E-003
   38.840000000000003       -3.5163000000000000E-002
   38.859999999999999       -1.3933300369961444E-002
   38.880000000000003       -2.2599425299994636E-002
   38.899999999999999       -1.1908268999995578E-003
   38.920000000000002       -9.4586721836087042E-003
   38.939999999999998       -2.9032443999986190E-003
   38.960000000000001       -7.7910000000066502E-003
   38.980000000000004       -4.1214000000000001E-002
   39.000000000000000        6.2150000000000000E-003
   39.020000000000003       -4.6899000000000003E-002
   39.039999999999999       -7.5714846257679174E-003
   39.060000000000002       -2.2416032598372077E-002
   39.079999999999998       -2.0167356299999276E-002
   39.100000000000001       -3.3727312715633333E-002
   39.119999999999997        1.4008000005605585E-005
   39.140000000000001       -1.9824999999998524E-002
   39.160000000000004       -1.2423000000000000E-002
   39.180000000000000       -3.5882999999999998E-002
   39.200000000000003       -2.7196741725827114E-002
   39.219999999999999       -2.5476971099998778E-002
   39.240000000000002       -4.4324206600000429E-002
   39.259999999999998       -3.6390510125505565E-002
   39.280000000000001       -2.6593898549999852E-002
   39.300000000000004       -2.4565000000000000E-002
   39.320000000000000       -2.4926000000000000E-002
   39.340000000000003       -3.2067999999999999E-002
   39.359999999999999       -3.7590356564347935E-002
   39.380000000000003       -1.3303931099999094E-002
   39.399999999999999       -2.0468381399999260E-002
   39.420000000000002       -3.4280040652031205E-002
   39.439999999999998       -1.5093987850005720E-002
   39.460000000000001        5.1479999999980552E-003
   39.480000000000004       -4.6270000000000000E-003
   39.500000000000000       -4.7580000000000001E-003
   39.520000000000003       -3.2499999999999999E-004
   39.539999999999999       -1.0808627618617126E-002
   39.560000000000002       -4.7078706614675170E-002
   39.579999999999998       -2.2284608700000746E-002
   39.600000000000001       -8.3743121656101888E-003
   39.619999999999997       -3.4615499449997172E-002
   39.640000000000001       -4.4603999999997743E-002
   39.660000000000004       -3.3227000000000000E-002
   39.680000000000000       -3.8608000000000003E-002
   39.700000000000003       -4.2763057844220326E-002
   39.719999999999999       -6.9809466850005109E-002
   39.740000000000002       -3.8006861300001686E-002
   39.759999999999998       -6.6237241862103641E-003
   39.780000000000001       -2.1106988800001440E-002
   39.800000000000004       -4.0882000000000002E-002
   39.820000000000000       -2.1082000000000000E-002
   39.840000000000003       -3.0585000000000001E-002
   39.859999999999999       -3.8456248675132185E-002
   39.880000000000003       -4.0114409600001691E-002
   39.899999999999999       -4.5037912000000589E-002
   39.920000000000002       -3.4158314665732291E-002
   39.939999999999998       -2.0453137999999219E-002
   39.960000000000001       -2.3212999999997940E-002
   39.980000000000004       -1.2847000000000001E-002
   40.000000000000000       -1.0878000000000001E-002
   40.020000000000003       -6.0400000000000004E-004
   40.039999999999999        1.3074913254340005E-003
   40.060000000000002       -3.7765379731031683E-003
   40.079999999999998        1.8296035300001585E-002
   40.100000000000001       -1.1348865293265922E-002
   40.119999999999997       -2.8653160899999093E-002
   40.140000000000001       -3.1871000000000239E-002
   40.160000000000004       -3.3057000000000003E-002
   40.180000000000000       -2.1810000000000002E-003
   40.200000000000003        1.3921807319200001E-003
   40.219999999999999       -3.7397256650005858E-002
   40.240000000000002       -1.9365828900000628E-002
   40.259999999999998       -7.6555961298059028E-003
   40.280000000000001        4.2137520000054568E-004
   40.300000000000004        7.9249999999999998E-003
   40.320000000000000       -2.3813000000000001E-002
   40.340000000000003       -2.5565000000000001E-002
   40.359999999999999       -4.8377991600843516E-002
   40.380000000000003       -2.8322365999992528E-002
   40.399999999999999       -1.1954578899999690E-002
   40.420000000000002       -1.7741976998848455E-002
   40.439999999999998        2.7152201000044071E-003
   40.460000000000001       -1.2881999999997187E-002
   40.480000000000004        1.2580000000000000E-003
   40.500000000000000       -2.3524000000000000E-002
   40.520000000000003       -1.0973999999999999E-002
   40.539999999999999       -2.4294833258336635E-002
   40.560000000000002       -3.2624154492277749E-002
   40.579999999999998       -8.3346099000012799E-003
   40.600000000000001        1.5562336066800920E-002
   40.619999999999997       -1.7712733050001508E-002
   40.640000000000001       -1.2374000000004182E-002
   40.660000000000004       -3.3397000000000003E-002
   40.680000000000000       -1.3376000000000001E-002
   40.700000000000003        2.4800290320958884E-002
   40.719999999999999       -2.6594202550005538E-002
   40.740000000000002       -4.4320880200000599E-002
   40.759999999999998       -3.3121650582525711E-002
   40.780000000000001        1.3861486999999253E-002
   40.800000000000004        3.6020000000000002E-003
   40.820000000000000       -8.4589999999999995E-003
   40.840000000000003       -1.3194000000000001E-002
   40.859999999999999       -2.0447921607836914E-002
   40.880000000000003       -3.3255936399997327E-002
   40.899999999999999       -1.9027955100000025E-002
   40.920000000000002       -1.8580487074355875E-002
   40.939999999999998       -4.8317708650007299E-002
   40.960000000000001       -2.2491999999994700E-002
   40.980000000000004        4.1619999999999999E-003
   41.000000000000000       -1.6410000000000001E-002
   41.020000000000003       -2.8882000000000001E-002
   41.039999999999999       -4.5488929553517540E-003
   41.060000000000002       -1.3480149992500114E-002
   41.079999999999998       -3.9444955899999488E-002
   41.100000000000001       -4.9003305415271210E-002
   41.119999999999997       -5.5110722100001570E-002
   41.140000000000001       -4.9552999999992471E-002
   41.160000000000004       -1.1710000000000000E-002
   41.180000000000000       -1.1520000000000001E-002
   41.200000000000003       -2.8199145735424289E-002
   41.219999999999999       -1.5840024549997691E-002
   41.240000000000002       -2.9902530699999715E-002
   41.259999999999998       -3.5207845992297933E-002
   41.280000000000001       -1.2129946649999923E-002
   41.300000000000004       -1.1063000000000000E-002
   41.320000000000000       -2.3316000000000000E-002
   41.340000000000003       -3.2920999999999999E-002
   41.359999999999999       -1.1292960503952048E-002
   41.380000000000003        2.3030520000039247E-003
   41.399999999999999        9.6202691000009267E-003
   41.420000000000002       -7.6878612930659064E-003
   41.439999999999998       -2.4911243000004277E-002
   41.460000000000001       -9.7719999999999994E-003
   41.480000000000004       -1.1344999999999999E-002
   41.500000000000000       -1.4927000000001273E-002
   41.520000000000003        5.7109999999999999E-003
   41.539999999999999       -9.2324233786531074E-005
   41.560000000000002       -3.3331049797514480E-002
   41.579999999999998       -3.0450192700000968E-002
   41.600000000000001       -1.2378695634781296E-002
   41.619999999999997       -6.2909556000059017E-003
   41.640000000000001        1.4596000000000000E-002
   41.660000000000004       -2.4559999999999998E-002
   41.680000000000000       -5.0208000000009120E-002
   41.700000000000003        1.5803366663279118E-003
   41.719999999999999       -2.9505662900003806E-002
   41.740000000000002       -3.1680217700000950E-002
   41.759999999999998       -1.3858822941146799E-002
   41.780000000000001       -1.0318115900000169E-002
   41.800000000000004       -1.2636000000000000E-002
   41.820000000000000        1.4862999999999999E-002
   41.840000000000003       -1.8440000000000002E-002
   41.859999999999999       -3.5351247025304365E-002
   41.880000000000003        2.9958714499981726E-003
   41.899999999999999       -1.9105552300000772E-002
   41.920000000000002       -4.6312341617098796E-003
   41.939999999999998       -2.9312785349995565E-002
   41.960000000000001       -4.5019000000000003E-002
   41.980000000000004       -2.8670000000000001E-002
   42.000000000000000       -1.9991999999996915E-002
   42.020000000000003       -2.6939999999999999E-002
   42.039999999999999       -3.1194306884654532E-002
   42.060000000000002       -5.4258468576575354E-002
   42.079999999999998       -3.0479169100000980E-002
   42.100000000000001       -1.2173075003751753E-002
   42.119999999999997       -3.3670310550003898E-002
   42.140000000000001       -1.9882000000000000E-002
   42.160000000000004        8.2660000000000008E-003
   42.180000000000000       -2.0982000000010392E-002
   42.200000000000003       -2.2660256024394351E-002
   42.219999999999999       -4.3691450499975691E-003
   42.240000000000002       -6.6714851999997394E-003
   42.259999999999998       -1.1522834491724346E-002
   42.280000000000001       -8.2128721499998125E-003
   42.300000000000004       -5.6559999999999996E-003
   42.320000000000000       -3.8610999999999999E-002
   42.340000000000003       -1.8727000000000001E-002
   42.359999999999999       -1.7533314968502776E-002
   42.380000000000003       -1.9632164999998064E-002
   42.399999999999999       -1.2333725299999612E-002
   42.420000000000002       -1.9586261013051030E-002
   42.439999999999998       -2.4805176300004655E-002
   42.460000000000001       -8.3320000000000009E-003
   42.480000000000004       -1.7069000000000001E-002
   42.500000000000000       -2.2401000000001895E-002
   42.520000000000003       -8.0940000000000005E-003
   42.539999999999999       -2.1383089995500173E-002
   42.560000000000002       -2.2281707764612552E-002
   42.579999999999998       -9.8097199000001488E-003
   42.600000000000001       -7.0099481474087486E-003
   42.619999999999997       -2.5970328900003791E-002
   42.640000000000001       -1.2548999999999999E-002
   42.660000000000004       -7.3460000000000001E-003
   42.680000000000000       -2.0026000000004505E-002
   42.700000000000003       -1.6585587941206566E-002
   42.719999999999999       -2.0504173700000832E-002
   42.740000000000002       -1.4201427200000305E-002
   42.759999999999998       -8.4748390419533189E-003
   42.780000000000001       -2.5255547100002249E-002
   42.800000000000004       -5.6196000000000003E-002
   42.820000000000000       -4.8027000000000000E-002
   42.840000000000003       -2.5585000000000000E-002
   42.859999999999999       -3.7513214878514285E-002
   42.880000000000003       -2.5615530400004340E-002
   42.899999999999999       -4.4964859300000611E-002
   42.920000000000002       -3.3557271613578167E-002
   42.939999999999998        1.0062635000041619E-003
   42.960000000000001       -1.3723000000000001E-002
   42.980000000000004       -4.3621000000000000E-002
   43.000000000000000       -2.6013999999993744E-002
   43.020000000000003        1.5948000000000000E-002
   43.039999999999999       -2.3223637118146429E-002
   43.060000000000002        2.0396952952359961E-002
   43.079999999999998       -1.8255131899999930E-002
   43.100000000000001       -1.9575273313667537E-002
   43.119999999999997       -4.5038010300005600E-002
   43.140000000000001       -2.5245000000000000E-002
   43.160000000000004       -3.1765000000000002E-002
   43.180000000000000       -1.6012999999994403E-002
   43.200000000000003        2.5349980051980740E-002
   43.219999999999999       -5.4771347150012056E-002
   43.240000000000002       -1.8321768199999589E-002
   43.259999999999998       -2.6001196809837871E-002
   43.280000000000001        1.0058916299999878E-002
   43.300000000000004        8.3850000000000001E-003
   43.320000000000000       -1.7521999999999999E-002
   43.340000000000003       -2.1470000000000000E-003
   43.359999999999999       -6.7849632036784784E-003
   43.380000000000003       -1.3206471200003202E-002
   43.399999999999999       -2.1129468399999747E-002
   43.420000000000002       -2.5813144657233070E-002
   43.439999999999998       -2.8705345150003697E-002
   43.460000000000001       -1.5609000000000000E-002
   43.480000000000004        1.3464000000000000E-002
   43.500000000000000        5.9169999999973194E-003
   43.520000000000003        2.7889999999999998E-003
   43.539999999999999        1.4535354232301579E-003
   43.560000000000002       -2.3188807359635643E-002
   43.579999999999998       -1.3587073499999961E-002
   43.600000000000001       -1.4321909745487143E-002
   43.619999999999997       -1.2515932600006031E-002
   43.640000000000001        8.8310000000000003E-003
   43.660000000000004       -1.2682000000000001E-002
   43.680000000000000       -8.5199999999985218E-003
   43.700000000000003       -2.4303054194607506E-003
   43.719999999999999       -1.7798034350002045E-002
   43.740000000000002       -1.5827221400000414E-002
   43.759999999999998       -8.0409308465407732E-003
   43.780000000000001        1.3338991549998533E-002
   43.800000000000004       -6.8290000000000000E-003
   43.820000000000000       -2.0510000000000000E-002
   43.840000000000003       -8.1290000000000008E-003
   43.859999999999999       -1.5283937206280645E-002
   43.880000000000003       -8.2001471000014980E-003
   43.899999999999999       -1.6127730199999607E-002
   43.920000000000002       -2.3428750687534014E-002
   43.939999999999998       -1.8442457050003070E-002
   43.960000000000001       -7.5839999999999996E-003
   43.980000000000004       -2.2686999999999999E-002
   44.000000000000000       -2.9924000000002570E-002
   44.020000000000003       -2.3563000000000001E-002
   44.039999999999999       -2.1989326183691715E-002
   44.060000000000002       -5.2531918904031773E-003
   44.079999999999998       -8.8030361999994460E-003
   44.100000000000001       -1.9162006500322119E-002
   44.119999999999997        2.0702251550009883E-002
   44.140000000000001       -1.4265000000000000E-002
   44.160000000000004       -3.0658999999999999E-002
   44.180000000000000       -3.0029999999901746E-003
   44.200000000000003        1.1486741325862431E-002
   44.219999999999999       -1.6900522300004151E-002
   44.240000000000002       -6.3285076999970514E-003
   44.259999999999998       -6.1397620481020598E-002
   44.280000000000001       -1.3812920450001338E-002
   44.300000000000004       -3.2221000000000000E-002
   44.320000000000000       -3.7353999999999998E-002
   44.340000000000003       -2.1742000000000001E-002
   44.359999999999999       -2.0953114788522208E-002
   44.380000000000003       -1.5053104900001696E-002
   44.399999999999999       -2.3151619999999134E-002
   44.420000000000002       -3.9350916395821126E-002
   44.439999999999998       -5.7674334850015059E-002
   44.460000000000001       -4.3740000000000003E-003
   44.480000000000004       -3.0873999999999999E-002
   44.500000000000000       -1.5716999999994614E-002
   44.520000000000003       -5.9170604409409496E-003
   44.539999999999999       -4.6319835391769669E-002
   44.560000000000002       -4.4673867100000070E-002
   44.579999999999998       -4.3342411500001392E-002
   44.600000000000001       -1.7460925196261155E-002
   44.619999999999997       -3.5961111100010677E-002
   44.640000000000001        1.8150000000000000E-003
   44.660000000000004       -4.0638000000000001E-002
   44.680000000000000       -1.3458999999990343E-002
   44.700000000000003       -2.8382994550546110E-002
   44.719999999999999       -3.5010312650002103E-002
   44.740000000000002       -1.1454710400000154E-002
   44.759999999999998       -8.5599441972112351E-003
   44.780000000000001       -2.7440729699998154E-002
   44.800000000000004       -2.0360000000000000E-003
   44.820000000000000       -4.6030000000000003E-003
   44.840000000000003       -2.2443999999999999E-002
   44.859999999999999       -3.3300452154789974E-002
   44.880000000000003       -2.9852034999982460E-003
   44.899999999999999       -9.8551921000009663E-003
   44.920000000000002        8.2207723886176462E-003
   44.939999999999998       -1.6328118850004979E-002
   44.960000000000001        1.2940000000000000E-003
   44.980000000000004        1.3400000000000000E-003
   45.000000000000000       -1.5041000000005819E-002
   45.020000000000003       -1.2001211818228682E-002
   45.039999999999999       -2.0080044102205086E-002
   45.060000000000002       -2.0520291600000382E-002
   45.079999999999998       -1.3436245100000403E-002
   45.100000000000001       -5.8878193409667859E-003
   45.119999999999997       -2.2750001999999989E-003
   45.140000000000001       -2.2790000000000002E-003
   45.160000000000004        3.1430000000000000E-003
   45.180000000000000       -3.7560000000024510E-003
   45.200000000000003       -2.2940394710527067E-002
   45.219999999999999       -1.2241749549997464E-002
   45.240000000000002       -3.4379631300001802E-002
   45.259999999999998       -6.9613635681803918E-004
   45.280000000000001       -3.4220763499986564E-003
   45.300000000000004        1.5049999999999999E-002
   45.320000000000000       -2.3702000000000001E-002
   45.340000000000003       -3.9734999999999999E-002
   45.359999999999999       -2.9427019098094961E-002
   45.380000000000003       -2.8892785999934853E-003
   45.399999999999999        7.5955166000002588E-003
   45.420000000000002        2.7614915245754894E-003
   45.439999999999998       -7.4081612999934380E-003
   45.460000000000001       -3.0633000000000001E-002
   45.480000000000004       -7.8050000000000003E-003
   45.500000000000000       -2.6709000000006717E-002
   45.520000000000003       -3.3251784332346386E-002
   45.539999999999999       -1.1814038501925077E-002
   45.560000000000002       -1.2196401900001390E-002
   45.579999999999998        1.3780476500000817E-002
   45.600000000000001       -1.4533749187464827E-003
   45.619999999999997       -8.9505527500025276E-003
   45.640000000000001       -6.0000000000000002E-006
   45.660000000000004        1.7302000000000001E-002
   45.680000000000000       -2.4662000000014908E-002
   45.700000000000003       -1.6522928207171009E-003
   45.719999999999999        3.0606025500012168E-003
   45.740000000000002       -8.5594486999976179E-003
   45.759999999999998       -5.3040615680782027E-002
   45.780000000000001       -2.5357990750001443E-002
   45.800000000000004       -4.5171999999999997E-002
   45.820000000000000       -2.9621999999999999E-002
   45.840000000000003       -2.3226000000000000E-002
   45.859999999999999        4.0968383411666760E-002
   45.880000000000003       -3.1406732500142563E-003
   45.899999999999999       -3.1928375700000872E-002
   45.920000000000002       -1.5687018050902571E-002
   45.939999999999998       -1.6048487149997247E-002
   45.960000000000001       -2.5791000000000001E-002
   45.980000000000004        1.1291000000000001E-002
   46.000000000000000       -6.8780000000064553E-003
   46.020000000000003       -2.2076778233258904E-002
   46.039999999999999        1.2735834141706637E-002
   46.060000000000002        2.1072807700001712E-002
   46.079999999999998       -1.0849703299998554E-002
   46.100000000000001       -3.7877614380715567E-002
   46.119999999999997        9.8294083000033446E-003
   46.140000000000001       -2.0040000000000001E-003
   46.160000000000004       -1.1134000000000000E-002
   46.180000000000000       -1.4432000000001173E-002
   46.200000000000003        1.5111813018696742E-002
   46.219999999999999        7.1945773000015789E-003
   46.240000000000002       -4.0983251300000932E-002
   46.259999999999998       -2.3495952097601903E-002
   46.280000000000001        1.7456896199998396E-002
   46.300000000000004       -4.6179999999999997E-003
   46.320000000000000       -9.4710000000000003E-003
   46.340000000000003        2.0464000000000000E-002
   46.359999999999999       -1.1944215428450904E-002
   46.380000000000003       -4.6706089949991807E-002
   46.399999999999999       -4.9981312999999297E-003
   46.420000000000002       -6.3109409970497667E-003
   46.439999999999998       -5.1307371500014859E-003
   46.460000000000001        1.2600000000000000E-004
   46.480000000000004       -3.1990000000000000E-003
   46.500000000000000        1.5490000000016868E-003
   46.520000000000003        1.2746934459830949E-002
   46.539999999999999        1.2309186059303400E-002
   46.560000000000002        4.1689524000010966E-003
   46.579999999999998       -1.6305734999999606E-002
   46.600000000000001       -2.3655010950547544E-002
   46.619999999999997       -2.3874143549999189E-002
   46.640000000000001       -2.6745000000000001E-002
   46.660000000000004        1.8033000000000000E-002
   46.680000000000000        1.0402999999997291E-002
   46.700000000000003       -1.9459577792220285E-002
   46.719999999999999       -1.6644726749999866E-002
   46.740000000000002       -1.2503578900000761E-002
   46.759999999999998        1.7045565278242922E-003
   46.780000000000001       -2.7161045799998611E-002
   46.800000000000004       -8.0780000000000001E-003
   46.820000000000000        2.0292999999999999E-002
   46.840000000000003       -5.0660000000000002E-003
   46.859999999999999       -7.2093292670740976E-003
   46.880000000000003       -2.7399811000047378E-003
   46.899999999999999       -2.0311460800000822E-002
   46.920000000000002       -4.9207820891041384E-003
   46.939999999999998       -5.6324139999863602E-004
   46.960000000000001       -5.3910000000000000E-003
   46.980000000000004       -1.4899999999999999E-004
   47.000000000000000       -2.4000000000008476E-002
   47.020000000000003       -1.4101007698842842E-002
   47.039999999999999       -8.1685369268578263E-004
   47.060000000000002        2.0642082600000489E-002
   47.079999999999998        1.1466182300001508E-002
   47.100000000000001       -1.6708467823391849E-002
   47.119999999999997       -2.6062866100006410E-002
   47.140000000000001       -3.3860000000000001E-003
   47.160000000000004       -1.4223000000000000E-002
   47.180000000000000       -4.8997000000012357E-002
   47.200000000000003       -3.8027926007393319E-002
   47.219999999999999       -4.2018644999972420E-003
   47.240000000000002        2.4065349000000884E-002
   47.259999999999998        7.5567383369164656E-003
   47.280000000000001        2.3242273500003307E-003
   47.300000000000004        6.8710000000000004E-003
   47.320000000000000       -9.2359999999999994E-003
   47.340000000000003       -1.5251000000000001E-002
   47.359999999999999        1.9670299320070028E-002
   47.380000000000003        8.3297474499870443E-003
   47.399999999999999       -2.9864175999998837E-002
   47.420000000000002       -5.1620696384817345E-002
   47.439999999999998       -2.5549277750009734E-002
   47.460000000000001        8.8940000000000009E-003
   47.480000000000004        1.6011999999999998E-002
   47.500000000000000        3.1905000000005651E-002
   47.520000000000003        1.9080409988497526E-002
   47.539999999999999       -4.8536303315162375E-003
   47.560000000000002       -1.1156946699999493E-002
   47.579999999999998       -2.0623237399999869E-002
   47.600000000000001       -2.2996278063902149E-002
   47.619999999999997       -8.5592852499983881E-003
   47.640000000000001       -1.4264000000000001E-002
   47.660000000000004       -1.4917000000000000E-002
   47.680000000000000       -1.0509999999950739E-003
   47.700000000000003        2.2213816568339442E-002
   47.719999999999999        9.9356724999705029E-004
   47.740000000000002        6.0532521999993299E-003
   47.759999999999998        1.8574211760588336E-002
   47.780000000000001        2.2808217299998861E-002
   47.800000000000004        7.1549999999999999E-003
   47.820000000000000       -1.4683000000000000E-002
   47.840000000000003       -4.3260000000000000E-003
   47.859999999999999        1.4884961403865653E-002
   47.880000000000003       -1.8703526500007880E-002
   47.899999999999999       -3.0763348200001421E-002
   47.920000000000002       -4.2473985699276219E-003
   47.939999999999998        7.7797585500013642E-003
   47.960000000000001        2.9510000000000001E-003
   47.980000000000004       -1.7929000000000000E-002
   48.000000000000000       -2.5826000000002809E-002
   48.020000000000003       -1.2019346797974858E-002
   48.039999999999999        1.8998589929498304E-002
   48.060000000000002       -1.5096186700000434E-002
   48.079999999999998       -6.9635683000002311E-003
   48.100000000000001       -2.6464832741629569E-003
   48.119999999999997        7.6865428000025835E-003
   48.140000000000001       -1.4570000000000000E-003
   48.160000000000004        3.0049999999999999E-003
   48.180000000000000        1.5779999999994930E-003
   48.200000000000003        4.4969855014451582E-003
   48.219999999999999       -2.2261734300004412E-002
   48.240000000000002       -2.9882539000014698E-003
   48.259999999999998        2.4468309165455809E-002
   48.280000000000001       -9.3437919999982428E-003
   48.300000000000004        1.4815000000000000E-002
   48.320000000000000        3.1111000000000000E-002
   48.340000000000003       -2.4552000000000001E-002
   48.359999999999999       -1.9505392260774652E-002
   48.380000000000003       -1.5451638299991754E-002
   48.399999999999999        1.0187610100000744E-002
   48.420000000000002       -3.7114665233282992E-003
   48.439999999999998       -3.3038799800001135E-002
   48.460000000000001       -2.9034999999999998E-002
   48.480000000000004        2.3701000000000000E-002
   48.500000000000000        8.7989999999947052E-003
   48.520000000000003       -2.4930410788375202E-002
   48.539999999999999        1.2328343967199781E-002
   48.560000000000002       -1.4228478999999744E-002
   48.579999999999998       -1.9016600200000750E-002
   48.600000000000001       -5.0209012950660640E-003
   48.620000000000005       -2.3044793149999698E-002
   48.640000000000001       -1.8908000000000001E-002
   48.660000000000004        8.7600000000000004E-004
   48.680000000000000       -3.6161000000013155E-002
   48.700000000000003       -2.5727827917205737E-002
   48.719999999999999       -1.1251600699996632E-002
   48.740000000000002       -4.0010567100001837E-002
   48.759999999999998       -5.6849083454171374E-003
   48.780000000000001       -3.8524742500006897E-003
   48.800000000000004       -1.3337000000000000E-002
   48.820000000000000        7.2610000000000001E-003
   48.840000000000003        5.2635000000000001E-002
   48.859999999999999        3.0680593940641179E-003
   48.880000000000003       -1.6532580699998134E-002
   48.899999999999999       -2.1433684000008728E-003
   48.920000000000002        1.4169054852739808E-002
   48.939999999999998       -2.4729504650002797E-002
   48.960000000000001       -1.4822999999999999E-002
   48.980000000000004        1.8309999999999999E-003
   49.000000000000000       -2.0870000000008063E-002
   49.020000000000003        2.0170945408192215E-002
   49.039999999999999        3.9802715785791587E-002
   49.060000000000002       -3.0331841999999016E-003
   49.079999999999998       -4.8744883000002735E-003
   49.100000000000001        2.4030041501827958E-004
   49.120000000000005       -3.3746732749998155E-002
   49.140000000000001       -8.4030000000000007E-003
   49.160000000000004        6.8099999999999996E-004
   49.180000000000000        6.6460000000021190E-003
   49.200000000000003        2.8613940805914662E-002
   49.219999999999999        1.5557991999963455E-003
   49.240000000000002        6.0146037999996771E-003
   49.259999999999998        1.2051942647132274E-002
   49.280000000000001        1.0904004699998552E-002
   49.300000000000004       -9.0010000000000003E-003
   49.320000000000000       -2.8236000000000001E-002
   49.340000000000003        2.3441000000000000E-002
   49.359999999999999       -1.0706588841143943E-003
   49.380000000000003        1.4533317349996232E-002
   49.399999999999999       -4.4897986999979690E-003
   49.420000000000002       -4.2472470323515400E-002
   49.439999999999998       -3.1879694000001728E-002
   49.460000000000001       -2.5760000000000002E-002
   49.480000000000004        1.6940000000000000E-002
   49.500000000000000       -4.3280000000075567E-003
   49.520000000000003        1.0079186322046060E-002
   49.539999999999999       -2.2010228911446522E-002
   49.560000000000002       -4.3058501999979400E-003
   49.579999999999998       -4.2801479300001347E-002
   49.600000000000001       -1.7596535376768162E-002
   49.620000000000005       -8.3055358000007785E-003
   49.640000000000001       -1.9021000000000000E-002
   49.660000000000004        5.1999999999999998E-003
   49.680000000000000        1.2850000000002719E-002
   49.700000000000003       -1.5434822167781845E-002
   49.719999999999999       -7.5805916500005077E-003
   49.740000000000002        2.0423742900001745E-002
   49.759999999999998       -1.2143608880443453E-002
   49.780000000000001       -4.3225528500008045E-003
   49.800000000000004       -1.5379000000000000E-002
   49.820000000000000        2.9540000000000000E-003
   49.840000000000003        1.8142999999999999E-002
   49.859999999999999        9.6451174382596282E-003
   49.880000000000003       -9.5689998499992896E-003
   49.899999999999999        8.2378159999851213E-004
   49.920000000000002        2.8636103505173954E-002
   49.939999999999998        1.0709178099993343E-002
   49.960000000000001        3.4270000000000002E-002
   49.980000000000004        8.5059999999999997E-003
   50.000000000000000        8.5059999999999997E-003
