 Results from RMCProfile version 6.7.9.5

 (Version 6f format configuration file)                                          

 2 experiments   3 partials

 Partial g(r)'s are printed out below

   381  3 are NR and NPAR

   r (Ang)
   0.02000     0.00000     0.00000     0.00000
   0.04000     0.00000     0.00000     0.00000
   0.06000     0.00000     0.00000     0.00000
   0.08000     0.00000     0.00000     0.00000
   0.10000     0.00000     0.00000     0.00000
   0.12000     0.00000     0.00000     0.00000
   0.14000     0.00000     0.00000     0.00000
   0.16000     0.00000     0.00000     0.00000
   0.18000     0.00000     0.00000     0.00000
   0.20000     0.00000     0.00000     0.00000
   0.22000     0.00000     0.00000     0.00000
   0.24000     0.00000     0.00000     0.00000
   0.26000     0.00000     0.00000     0.00000
   0.28000     0.00000     0.00000     0.00000
   0.30000     0.00000     0.00000     0.00000
   0.32000     0.00000     0.00000     0.00000
   0.34000     0.00000     0.00000     0.00000
   0.36000     0.00000     0.00000     0.00000
   0.38000     0.00000     0.00000     0.00000
   0.40000     0.00000     0.00000     0.00000
   0.42000     0.00000     0.00000     0.00000
   0.44000     0.00000     0.00000     0.00000
   0.46000     0.00000     0.00000     0.00000
   0.48000     0.00000     0.00000     0.00000
   0.50000     0.00000     0.00000     0.00000
   0.52000     0.00000     0.00000     0.00000
   0.54000     0.00000     0.00000     0.00000
   0.56000     0.00000     0.00000     0.00000
   0.58000     0.00000     0.00000     0.00000
   0.60000     0.00000     0.00000     0.00000
   0.62000     0.00000     0.00000     0.00000
   0.64000     0.00000     0.00000     0.00000
   0.66000     0.00000     0.00000     0.00000
   0.68000     0.00000     0.00000     0.00000
   0.70000     0.00000     0.00000     0.00000
   0.72000     0.00000     0.00000     0.00000
   0.74000     0.00000     0.00000     0.00000
   0.76000     0.00000     0.00000     0.00000
   0.78000     0.00000     0.00000     0.00000
   0.80000     0.00000     0.00000     0.00000
   0.82000     0.00000     0.00000     0.00000
   0.84000     0.00000     0.00000     0.00000
   0.86000     0.00000     0.00000     0.00000
   0.88000     0.00000     0.00000     0.00000
   0.90000     0.00000     0.00000     0.00000
   0.92000     0.00000     0.00000     0.00000
   0.94000     0.00000     0.00000     0.00000
   0.96000     0.00000     0.00000     0.00000
   0.98000     0.00000     0.00000     0.00000
   1.00000     0.00000     0.00000     0.00000
   1.02000     0.00000     0.00000     0.00000
   1.04000     0.00000     0.00000     0.00000
   1.06000     0.00000     0.00000     0.00000
   1.08000     0.00000     0.00000     0.00000
   1.10000     0.00000     0.00000     0.00000
   1.12000     0.00000     0.00000     0.00000
   1.14000     0.00000     0.00000     0.00000
   1.16000     0.00000     0.00000     0.00000
   1.18000     0.00000     0.00000     0.00000
   1.20000     0.00000     0.00000     0.00000
   1.22000     0.00000     0.00000     0.00000
   1.24000     0.00000     0.00000     0.00000
   1.26000     0.00000     0.00000     0.00000
   1.28000     0.00000     0.00000     0.00000
   1.30000     0.00000     0.00000     0.00000
   1.32000     0.00000     0.00000     0.00000
   1.34000     0.00000     0.00000     0.00000
   1.36000     0.00000     0.00000     0.00000
   1.38000     0.00000     0.00000     0.00000
   1.40000     0.00000     0.00000     0.00000
   1.42000     0.00000     0.00000     0.00000
   1.44000     0.00000     0.00000     0.00000
   1.46000     0.00000     0.00000     0.00000
   1.48000     0.00000     0.00000     0.00000
   1.50000     0.00000     0.00000     0.00000
   1.52000     0.00000     0.00000     0.00000
   1.54000     0.00000     0.00000     0.00000
   1.56000     0.00000     0.00000     0.00000
   1.58000     0.00000     0.00000     0.00000
   1.60000     0.00000     0.00000     0.00000
   1.62000     0.00000     0.00000     0.00000
   1.64000     0.00000     0.00000     0.00000
   1.66000     0.00000     0.00000     0.00000
   1.68000     0.00000     0.00000     0.00000
   1.70000     0.00000     0.00000     0.00000
   1.72000     0.00000     0.00000     0.00000
   1.74000     0.00000     0.00000     0.00000
   1.76000     0.00000     0.00000     0.00000
   1.78000     0.00000     0.00000     0.00000
   1.80000     0.00000     0.00000     0.00000
   1.82000     0.00000     0.00000     0.00000
   1.84000     0.00000     0.00000     0.00000
   1.86000     0.00000     0.37418     0.00000
   1.88000     0.00000     0.36626     0.00000
   1.90000     0.00000     0.00000     0.00000
   1.92000     0.00000     0.17558     0.00000
   1.94000     0.00000     0.34395     0.00000
   1.96000     0.00000     1.51637     0.00000
   1.98000     0.00000     1.81608     0.00000
   2.00000     0.00000     2.58901     0.00000
   2.02000     0.00000     3.96562     0.00000
   2.04000     0.00000     5.28801     0.00000
   2.06000     0.00000     5.94845     0.00000
   2.08000     0.00000     7.33066     0.00000
   2.10000     0.00000     7.77878     0.00000
   2.12000     0.00000     7.63270     0.00000
   2.14000     0.00000     7.91470     0.00000
   2.16000     0.00000     8.18500     0.00000
   2.18000     0.00000     7.21834     0.00000
   2.20000     0.00000     7.08769     0.00000
   2.22000     0.00000     6.04124     0.00000
   2.24000     0.00000     5.15987     0.00000
   2.26000     0.00000     4.30860     0.00000
   2.28000     0.00000     3.61079     0.00000
   2.30000     0.00000     2.81415     0.00000
   2.32000     0.00000     1.92406     0.00000
   2.34000     0.00000     1.53669     0.00000
   2.36000     0.00000     1.27833     0.23242
   2.38000     0.00000     0.68560     0.22853
   2.40000     0.00000     0.56185     0.22474
   2.42000     0.00000     0.99469     0.11052
   2.44000     0.00000     0.76102     0.32615
   2.46000     0.00000     0.00000     0.64174
   2.48000     0.00000     0.00000     1.15762
   2.50000     0.00000     0.00000     1.24273
   2.52000     0.00000     0.00000     2.75193
   2.54000     0.00000     0.00000     2.70877
   2.56000     0.00000     0.00000     2.96290
   2.58000     0.00000     0.00000     3.20885
   2.60000     0.00000     0.00000     2.96818
   2.62000     0.00000     0.00000     3.77166
   2.64000     0.00000     0.00000     2.50744
   2.66000     0.00000     0.00000     2.19545
   2.68000     0.00000     0.00000     2.43315
   2.70000     0.00000     0.00000     2.84117
   2.72000     0.00000     0.00000     2.62457
   2.74000     0.00000     0.00000     2.75883
   2.76000     0.00000     0.00000     2.54905
   2.78000     0.00000     0.00000     2.68001
   2.80000     0.00000     0.00000     2.22907
   2.82000     0.00000     0.00000     2.27895
   2.84000     0.00000     0.00000     2.40747
   2.86000     0.00000     0.00000     2.37391
   2.88000     0.00000     0.00000     2.57516
   2.90000     0.00000     0.00000     2.30888
   2.92000     0.00000     0.00000     2.88465
   2.94000     0.00000     0.00000     2.39624
   2.96000     0.00000     0.00000     2.51172
   2.98000     0.00000     0.00000     2.25946
   3.00000     0.00000     0.00000     2.15752
   3.02000     0.00000     0.00000     2.05807
   3.04000     0.00000     0.00000     2.31123
   3.06000     0.00000     0.00000     1.58987
   3.08000     0.00000     0.00000     1.36460
   3.10000     0.00000     0.00000     0.87558
   3.12000     0.00000     0.00000     0.06649
   3.14000     0.00000     0.00000     0.39388
   3.16000     0.00000     0.00000     0.32409
   3.18000     0.51205     0.00000     0.44804
   3.20000     0.75850     0.00000     0.25283
   3.22000     0.74911     0.00000     0.43698
   3.24000     0.73989     0.00000     0.55492
   3.26000     1.94891     0.00000     0.30452
   3.28000     0.96261     0.00000     0.24065
   3.30000     1.42646     0.00000     0.29718
   3.32000     2.58376     0.00000     0.46977
   3.34000     3.48124     0.00000     0.40615
   3.36000     5.27455     0.05733     0.57332
   3.38000     5.21231     0.00000     0.56656
   3.40000     6.49496     0.05599     0.22396
   3.42000     7.96868     0.11068     0.49804
   3.44000     6.78236     0.27348     0.21879
   3.46000     6.70418     0.37846     0.64879
   3.48000     5.34463     0.26723     0.53446
   3.50000     5.70642     0.42270     0.47554
   3.52000     4.80594     0.62686     0.62686
   3.54000     5.16499     0.41320     0.92970
   3.56000     2.45142     1.12357     0.45964
   3.58000     1.81808     0.85854     0.80803
   3.60000     2.39725     1.29851     0.99885
   3.62000     1.18541     1.43238     1.13602
   3.64000     0.78162     1.02587     1.51438
   3.66000     0.38655     1.15965     1.30460
   3.68000     0.38236     1.29046     1.38605
   3.70000     0.00000     1.51294     0.89831
   3.72000     0.37418     1.40317     1.26286
   3.74000     0.18509     1.66585     1.01802
   3.76000     0.00000     1.05300     1.00722
   3.78000     0.18120     1.31368     1.13249
   3.80000     0.35859     1.21024     0.98612
   3.82000     0.88711     1.19760     0.84276
   3.84000     0.87790     1.05348     1.05348
   3.86000     0.86882     0.99915     1.17291
   3.88000     1.71978     1.11786     0.98887
   3.90000     1.53197     1.48941     0.80854
   3.92000     1.85335     1.68486     0.88455
   3.94000     2.16814     1.66780     1.12576
   3.96000     3.30199     1.40335     0.99060
   3.98000     3.43233     1.34842     1.18497
   4.00000     4.36898     1.29451     1.49678
   4.02000     3.20416     1.12146     1.60208
   4.04000     3.64839     1.11038     1.42763
   4.06000     2.51307     0.82460     1.41360
   4.08000     1.24425     1.12760     1.28313
   4.10000     1.23214     0.73158     1.23214
   4.12000     0.61010     0.95328     0.95328
   4.14000     0.00000     0.64198     1.05739
   4.16000     0.74803     0.82283     1.08465
   4.18000     0.44453     0.92611     0.81498
   4.20000     0.00000     1.10078     0.77054
   4.22000     0.00000     1.38113     0.61787
   4.24000     0.00000     1.62016     0.72007
   4.26000     0.00000     1.67631     1.03432
   4.28000     0.00000     1.73135     0.81267
   4.30000     0.00000     1.61027     0.73512
   4.32000     0.00000     2.11563     0.52024
   4.34000     0.00000     1.54636     0.34363
   4.36000     0.13620     1.90674     0.51073
   4.38000     0.00000     2.32797     0.50608
   4.40000     0.00000     1.67163     0.26746
   4.42000     0.13252     2.18663     0.53009
   4.44000     0.39400     2.36398     0.32833
   4.46000     0.00000     2.24520     0.39047
   4.48000     0.51599     2.22520     0.67724
   4.50000     0.38356     2.71688     0.57534
   4.52000     0.38017     2.31272     0.60194
   4.54000     0.37683     2.26098     0.84787
   4.56000     0.87158     1.55638     0.84045
   4.58000     0.49370     1.85139     0.40113
   4.60000     0.61177     1.28473     0.67295
   4.62000     0.60649     1.21298     0.78844
   4.64000     0.72153     0.93197     0.57121
   4.66000     0.11922     0.86438     0.65573
   4.68000     0.35462     0.73880     0.47283
   4.70000     0.23441     0.70322     0.52742
   4.72000     0.23242     0.63917     0.84254
   4.74000     0.00000     0.83545     0.57617
   4.76000     0.11427     0.71417     0.77131
   4.78000     0.00000     0.84985     0.62322
   4.80000     0.00000     1.09562     0.98325
   4.82000     0.00000     1.03082     1.19798
   4.84000     0.00000     1.02232     0.85654
   4.86000     0.00000     0.93171     0.93171
   4.88000     0.00000     1.11435     0.59794
   4.90000     0.00000     1.21310     0.62003
   4.92000     0.00000     1.20326     0.64174
   4.94000     0.10609     1.53833     0.90178
   4.96000     0.52619     1.15762     0.31571
   4.98000     0.10439     1.35713     0.54807
   5.00000     0.00000     1.21684     0.38835
   5.02000     0.41095     1.15580     0.43663
   5.04000     0.20385     0.78991     0.73895
   5.06000     0.80896     0.75840     0.91008
   5.08000     1.30423     0.57687     0.87784
   5.10000     1.59264     0.64701     1.26913
   5.12000     1.58022     0.49382     1.25924
   5.14000     1.46995     0.46548     1.24946
   5.16000     1.75029     0.41326     1.62874
   5.18000     2.41222     0.31359     1.42321
   5.20000     2.29795     0.31118     1.19685
   5.22000     2.18536     0.30880     1.75779
   5.24000     2.26300     0.35359     1.74440
   5.26000     1.49722     0.46788     1.70777
   5.28000     2.22885     0.39469     1.60198
   5.30000     1.29037     0.52997     1.54383
   5.32000     1.82955     0.50313     1.41790
   5.34000     1.08952     0.43127     1.43000
   5.36000     1.08141     0.72094     1.62211
   5.38000     0.98393     0.91685     1.65479
   5.40000     0.62151     0.73249     1.99771
   5.42000     0.44066     0.99150     1.80673
   5.44000     0.08749     0.94048     1.90282
   5.46000     0.34739     1.23756     1.56323
   5.48000     0.25864     0.79748     1.85359
   5.50000     0.00000     1.21962     1.41220
   5.52000     0.08497     0.82844     1.63565
   5.54000     0.08436     1.24425     1.32861
   5.56000     0.08375     1.13063     1.29813
   5.58000     0.00000     1.14333     1.30963
   5.60000     0.08256     1.05262     1.36221
   5.62000     0.00000     0.94268     1.16810
   5.64000     0.00000     0.91565     1.05809
   5.66000     0.08082     1.07083     0.86879
   5.68000     0.16050     1.10343     0.88274
   5.70000     0.47812     0.91640     1.21523
   5.72000     0.31652     1.14739     0.81109
   5.74000     1.02154     1.15906     0.90367
   5.76000     0.93643     1.03397     0.83888
   5.78000     1.78242     1.00745     0.96870
   5.80000     1.84711     1.03900     0.88507
   5.82000     2.29304     0.99365     1.20385
   5.84000     2.04963     1.04379     1.13868
   5.86000     3.09119     1.01783     0.99898
   5.88000     2.62090     1.06708     0.89859
   5.90000     2.00815     1.04126     1.22720
   5.92000     1.25586     1.01577     0.92343
   5.94000     1.68769     0.88053     1.11901
   5.96000     1.82215     0.58309     0.58309
   5.98000     1.95478     0.70589     0.63349
   6.00000     0.35959     0.97089     0.46746
   6.02000     0.64296     0.46436     0.67868
   6.04000     0.92258     0.63871     0.76291
   6.06000     0.84600     0.54638     0.75788
   6.08000     0.77041     0.52528     0.57781
   6.10000     0.41747     0.38268     0.80016
   6.12000     1.24425     0.44931     0.79494
   6.14000     0.82410     0.51506     1.11597
   6.16000     1.70575     0.64819     1.04051
   6.18000     0.81347     0.64400     1.03378
   6.20000     1.21234     0.79139     1.31337
   6.22000     1.00380     0.68593     1.38859
   6.24000     1.06387     0.88102     1.29659
   6.26000     1.45349     0.52854     1.45349
   6.28000     1.37860     0.77136     1.34577
   6.30000     1.43509     0.78278     1.32093
   6.32000     1.03711     0.63199     1.45843
   6.34000     1.15939     0.67631     1.36873
   6.36000     1.08811     0.68807     1.15211
   6.38000     1.65375     0.47704     1.08130
   6.40000     1.26417     0.75850     1.02714
   6.42000     1.13068     0.78519     1.17779
   6.44000     1.37337     0.88957     1.07685
   6.46000     1.17876     1.05468     1.02366
   6.48000     1.41813     1.31022     0.83238
   6.50000     1.34813     1.21026     0.79662
   6.52000     1.94891     1.23329     0.86787
   6.54000     1.51329     1.36196     0.86257
   6.56000     1.56424     1.75977     0.79716
   6.58000     1.55474     1.25575     1.03151
   6.60000     1.66421     1.24815     0.69837
   6.62000     1.47693     1.16678     0.88616
   6.64000     1.64422     0.92487     0.70466
   6.66000     1.51762     0.91933     0.55451
   6.68000     1.16042     0.79779     0.71076
   6.70000     1.26885     0.87954     0.63442
   6.72000     0.74532     0.90298     0.70232
   6.74000     0.74090     0.91188     0.76940
   6.76000     1.07646     0.90649     0.89233
   6.78000     1.01379     1.22500     0.73219
   6.80000     1.17581     1.38578     0.93785
   6.82000     1.22459     1.53074     0.84886
   6.84000     1.05143     1.89533     0.92691
   6.86000     0.99029     1.80177     0.72896
   6.88000     0.76575     1.76396     0.72473
   6.90000     0.70694     2.18879     0.69334
   6.92000     0.54066     2.02748     0.62176
   6.94000     0.37628     1.85454     0.69881
   6.96000     0.37412     1.56331     0.69480
   6.98000     0.05314     1.43480     0.65097
   7.00000     0.47554     1.43982     0.51516
   7.02000     0.15761     1.09014     0.59104
   7.04000     0.05224     0.90112     0.66604
   7.06000     0.05194     0.94796     0.55839
   7.08000     0.05165     0.67145     0.50359
   7.10000     0.25680     0.71903     0.57779
   7.12000     0.20429     0.62562     0.66393
   7.14000     0.25393     0.63482     0.63482
   7.16000     0.45452     0.59340     0.68178
   7.18000     0.50221     0.71565     0.81610
   7.20000     0.94891     0.68671     0.88648
   7.22000     1.39066     0.81950     0.80708
   7.24000     1.28420     0.75323     0.88906
   7.26000     1.32626     0.77365     1.24030
   7.28000     1.46553     1.08694     1.22128
   7.30000     1.99194     1.12957     1.31176
   7.32000     1.88443     1.09925     1.18381
   7.34000     2.30667     1.35757     1.21341
   7.36000     2.05518     1.06344     1.30241
   7.38000     1.61623     1.24782     1.34290
   7.40000     2.36398     1.22927     1.12289
   7.42000     1.45778     0.86996     1.29319
   7.44000     1.49672     0.85360     0.92376
   7.46000     1.48871     0.97696     1.04675
   7.48000     1.06429     0.67097     0.96018
   7.50000     0.96657     1.07013     1.02411
   7.52000     0.82409     0.82409     1.03011
   7.54000     0.68310     0.99050     0.94496
   7.56000     0.54359     0.95129     0.90599
   7.58000     0.63085     1.05893     1.09272
   7.60000     0.67236     1.08698     0.86286
   7.62000     0.84719     0.88063     0.96981

 Partial S(Q)'s are printed out below

  1474  3 are NQ and NPAR

      Q          S(Q)_1      S(Q)_2      S(Q)_3
  0.5000000    -3.5684860    -0.2269369    -0.8894154
  0.5200000    -3.6620880    -0.2296137    -0.7807767
  0.5400000    -3.7356498    -0.2264908    -0.6942813
  0.5600000    -3.7890966    -0.2178107    -0.6300233
  0.5800000    -3.8226427    -0.2039140    -0.5877737
  0.6000000    -3.8367831    -0.1852330    -0.5669903
  0.6200000    -3.8322810    -0.1622833    -0.5668317
  0.6400000    -3.8101505    -0.1356546    -0.5861751
  0.6600000    -3.7716373    -0.1059996    -0.6236396
  0.6800000    -3.7181945    -0.0740216    -0.6776118
  0.7000000    -3.6514568    -0.0404618    -0.7462758
  0.7200000    -3.5732116    -0.0060852    -0.8276452
  0.7400000    -3.4853687     0.0283336    -0.9195975
  0.7600000    -3.3899279     0.0620248    -1.0199108
  0.7800000    -3.2889468     0.0942382    -1.1263004
  0.8000000    -3.1845067     0.1242573    -1.2364570
  0.8200000    -3.0786799     0.1514129    -1.3480842
  0.8400000    -2.9734972     0.1750962    -1.4589355
  0.8600000    -2.8709165     0.1947707    -1.5668495
  0.8800000    -2.7727926     0.2099829    -1.6697839
  0.9000000    -2.6808500     0.2203717    -1.7658469
  0.9200000    -2.5966570     0.2256756    -1.8533253
  0.9400000    -2.5216033     0.2257392    -1.9307096
  0.9600000    -2.4568806     0.2205168    -1.9967158
  0.9800000    -2.4034658     0.2100745    -2.0503022
  1.0000000    -2.3621088     0.1945904    -2.0906831
  1.0200000    -2.3333229     0.1743521    -2.1173369
  1.0400000    -2.3173796     0.1497530    -2.1300110
  1.0600000    -2.3143068     0.1212860    -2.1287205
  1.0800000    -2.3238906     0.0895351    -2.1137442
  1.1000000    -2.3456812     0.0551662    -2.0856146
  1.1200000    -2.3790013     0.0189150    -2.0451047
  1.1400000    -2.4229586    -0.0184259    -1.9932105
  1.1600000    -2.4764610    -0.0560212    -1.9311298
  1.1800000    -2.5382345    -0.0930082    -1.8602381
  1.2000000    -2.6068431    -0.1285132    -1.7820613
  1.2200000    -2.6807117    -0.1616681    -1.6982462
  1.2400000    -2.7581493    -0.1916269    -1.6105293
  1.2600000    -2.8373753    -0.2175833    -1.5207042
  1.2800000    -2.9165446    -0.2387867    -1.4305882
  1.3000000    -2.9937754    -0.2545583    -1.3419889
  1.3200000    -3.0671751    -0.2643061    -1.2566711
  1.3400000    -3.1348675    -0.2675386    -1.1763245
  1.3600000    -3.1950184    -0.2638775    -1.1025332
  1.3800000    -3.2458607    -0.2530678    -1.0367468
  1.4000000    -3.2857184    -0.2349871    -0.9802546
  1.4200000    -3.3130280    -0.2096521    -0.9341617
  1.4400000    -3.3263596    -0.1772230    -0.8993695
  1.4600000    -3.3244346    -0.1380058    -0.8765588
  1.4800000    -3.3061417    -0.0924518    -0.8661773
  1.5000000    -3.2705508    -0.0411550    -0.8684314
  1.5200000    -3.2169237     0.0151534    -0.8832810
  1.5400000    -3.1447228     0.0756124    -0.9104403
  1.5600000    -3.0536169     0.1392414    -0.9493811
  1.5800000    -2.9434845     0.2049525    -0.9993414
  1.6000000    -2.8144146     0.2715647    -1.0593373
  1.6200000    -2.6667048     0.3378204    -1.1281793
  1.6400000    -2.5008571     0.4024028    -1.2044916
  1.6600000    -2.3175718     0.4639557    -1.2867344
  1.6800000    -2.1177387     0.5211034    -1.3732299
  1.7000000    -1.9024268     0.5724721    -1.4621893
  1.7200000    -1.6728720     0.6167115    -1.5517429
  1.7400000    -1.4304637     0.6525165    -1.6399711
  1.7600000    -1.1767292     0.6786487    -1.7249358
  1.7800000    -0.9133182     0.6939579    -1.8047129
  1.8000000    -0.6419856     0.6974014    -1.8774243
  1.8200000    -0.3645734     0.6880635    -1.9412690
  1.8400000    -0.0829928     0.6651730    -1.9945531
  1.8600000     0.2007940     0.6281179    -2.0357182
  1.8800000     0.4847927     0.5764599    -2.0633677
  1.9000000     0.7669952     0.5099448    -2.0762898
  1.9200000     1.0453979     0.4285113    -2.0734787
  1.9400000     1.3180188     0.3322969    -2.0541511
  1.9600000     1.5829154     0.2216407    -2.0177607
  1.9800000     1.8382008     0.0970840    -1.9640073
  2.0000000     2.0820593    -0.0406333    -1.8928432
  2.0200000     2.3127610    -0.1905776    -1.8044753
  2.0400000     2.5286761    -0.3516310    -1.6993624
  2.0600000     2.7282869    -0.5225025    -1.5782099
  2.0800000     2.9102001    -0.7017420    -1.4419593
  2.1000000     3.0731568    -0.8877570    -1.2917751
  2.1200000     3.2160416    -1.0788315    -1.1290273
  2.1400000     3.3378915    -1.2731469    -0.9552716
  2.1600000     3.4379017    -1.4688039    -0.7722263
  2.1800000     3.5154319    -1.6638470    -0.5817466
  2.2000000     3.5700104    -1.8562890    -0.3857977
  2.2200000     3.6013369    -2.0441365    -0.1864253
  2.2400000     3.6092848    -2.2254158     0.0142742
  2.2600000     3.5939014    -2.3981984     0.2141847
  2.2800000     3.5554074    -2.5606263     0.4112007
  2.3000000     3.4941947    -2.7109362     0.6032580
  2.3200000     3.4108234    -2.8474827     0.7883635
  2.3400000     3.3060173    -2.9687595     0.9646230
  2.3600000     3.1806584    -3.0734197     1.1302678
  2.3800000     3.0357799    -3.1602923     1.2836794
  2.4000000     2.8725581    -3.2283982     1.4234105
  2.4200000     2.6923036    -3.2769618     1.5482050
  2.4400000     2.4964509    -3.3054208     1.6570128
  2.4600000     2.2865470    -3.3134328     1.7490031
  2.4800000     2.0642394    -3.3008785     1.8235730
  2.5000000     1.8312626    -3.2678624     1.8803531
  2.5200000     1.5894241    -3.2147098     1.9192092
  2.5400000     1.3405898    -3.1419610     1.9402405
  2.5600000     1.0866682    -3.0503628     1.9437744
  2.5800000     0.8295946    -2.9408567     1.9303576
  2.6000000     0.5713142    -2.8145648     1.9007440
  2.6200000     0.3137661    -2.6727733     1.8558801
  2.6400000     0.0588655    -2.5169141     1.7968870
  2.6600000    -0.1915123    -2.3485437     1.7250406
  2.6800000    -0.4355494    -2.1693219     1.6417493
  2.7000000    -0.6715011    -1.9809883     1.5485306
  2.7200000    -0.8977117    -1.7853387     1.4469861
  2.7400000    -1.1126300    -1.5842004     1.3387758
  2.7600000    -1.3148228    -1.3794083     1.2255920
  2.7800000    -1.5029885    -1.1727804     1.1091332
  2.8000000    -1.6759686    -0.9660951     0.9910788
  2.8200000    -1.8327582    -0.7610682     0.8730640
  2.8400000    -1.9725148    -0.5593327     0.7566570
  2.8600000    -2.0945649    -0.3624190     0.6433364
  2.8800000    -2.1984101    -0.1717382     0.5344722
  2.9000000    -2.2837295     0.0114336     0.4313074
  2.9200000    -2.3503815     0.1859674     0.3349433
  2.9400000    -2.3984025     0.3508920     0.2463267
  2.9600000    -2.4280047     0.5054008     0.1662404
  2.9800000    -2.4395702     0.6488571     0.0952964
  3.0000000    -2.4336449     0.7807958     0.0339318
  3.0200000    -2.4109285     0.9009227    -0.0175920
  3.0400000    -2.3722646     1.0091110    -0.0591872
  3.0600000    -2.3186272     1.1053953    -0.0909348
  3.0800000    -2.2511071     1.1899633    -0.1130773
  3.1000000    -2.1708958     1.2631449    -0.1260090
  3.1200000    -2.0792688     1.3253998    -0.1302634
  3.1400000    -1.9775682     1.3773032    -0.1264997
  3.1600000    -1.8671837     1.4195295    -0.1154867
  3.1800000    -1.7495340     1.4528361    -0.0980857
  3.2000000    -1.6260475     1.4780448    -0.0752328
  3.2200000    -1.4981438     1.4960240    -0.0479196
  3.2400000    -1.3672148     1.5076701    -0.0171744
  3.2600000    -1.2346072     1.5138891     0.0159573
  3.2800000    -1.1016057     1.5155786     0.0504312
  3.3000000    -0.9694173     1.5136114     0.0852226
  3.3200000    -0.8391574     1.5088187     0.1193435
  3.3400000    -0.7118375     1.5019759     0.1518589
  3.3600000    -0.5883548     1.4937896     0.1819009
  3.3800000    -0.4694840     1.4848863     0.2086815
  3.4000000    -0.3558711     1.4758029     0.2315040
  3.4200000    -0.2480297     1.4669800     0.2497714
  3.4400000    -0.1463395     1.4587561     0.2629934
  3.4600000    -0.0510475     1.4513659     0.2707912
  3.4800000     0.0377292     1.4449388     0.2728999
  3.5000000     0.1199972     1.4395012     0.2691684
  3.5200000     0.1958797     1.4349803     0.2595582
  3.5400000     0.2656062     1.4312096     0.2441391
  3.5600000     0.3295015     1.4279371     0.2230837
  3.5800000     0.3879724     1.4248347     0.1966602
  3.6000000     0.4414930     1.4215088     0.1652234
  3.6200000     0.4905898     1.4175129     0.1292044
  3.6400000     0.5358249     1.4123606     0.0890996
  3.6600000     0.5777799     1.4055396     0.0454588
  3.6800000     0.6170388     1.3965257    -0.0011274
  3.7000000     0.6541715     1.3847979    -0.0500405
  3.7200000     0.6897181     1.3698518    -0.1006465
  3.7400000     0.7241739     1.3512144    -0.1523088
  3.7600000     0.7579752     1.3284564    -0.2043999
  3.7800000     0.7914873     1.3012048    -0.2563129
  3.8000000     0.8249934     1.2691539    -0.3074719
  3.8200000     0.8586866     1.2320741    -0.3573409
  3.8400000     0.8926626     1.1898207    -0.4054322
  3.8600000     0.9269159     1.1423392    -0.4513127
  3.8800000     0.9613378     1.0896697    -0.4946092
  3.9000000     0.9957168     1.0319492    -0.5350118
  3.9200000     1.0297420     0.9694117    -0.5722761
  3.9400000     1.0630079     0.9023861    -0.6062235
  3.9600000     1.0950228     0.8312927    -0.6367399
  3.9800000     1.1252182     0.7566372    -0.6637737
  4.0000000     1.1529611     0.6790030    -0.6873314
  4.0200000     1.1775674     0.5990424    -0.7074728
  4.0400000     1.1983173     0.5174651    -0.7243049
  4.0600000     1.2144713     0.4350268    -0.7379746
  4.0800000     1.2252882     0.3525160    -0.7486610
  4.1000000     1.2300424     0.2707397    -0.7565675
  4.1200000     1.2280420     0.1905095    -0.7619128
  4.1400000     1.2186468     0.1126266    -0.7649227
  4.1600000     1.2012855     0.0378672    -0.7658213
  4.1800000     1.1754722    -0.0330319    -0.7648234
  4.2000000     1.1408210    -0.0993872    -0.7621262
  4.2200000     1.0970604    -0.1605811    -0.7579031
  4.2400000     1.0440440    -0.2160741    -0.7522972
  4.2600000     0.9817605    -0.2654153    -0.7454170
  4.2800000     0.9103402    -0.3082511    -0.7373317
  4.3000000     0.8300602    -0.3443330    -0.7280697
  4.3200000     0.7413453    -0.3735225    -0.7176162
  4.3400000     0.6447673    -0.3957949    -0.7059143
  4.3600000     0.5410411    -0.4112405    -0.6928655
  4.3800000     0.4310175    -0.4200642    -0.6783331
  4.4000000     0.3156742    -0.4225823    -0.6621454
  4.4200000     0.1961032    -0.4192180    -0.6441015
  4.4400000     0.0734967    -0.4104946    -0.6239770
  4.4600000    -0.0508704    -0.3970268    -0.6015310
  4.4800000    -0.1756584    -0.3795099    -0.5765141
  4.5000000    -0.2994836    -0.3587088    -0.5486765
  4.5200000    -0.4209398    -0.3354436    -0.5177770
  4.5400000    -0.5386202    -0.3105764    -0.4835918
  4.5600000    -0.6511410    -0.2849952    -0.4459230
  4.5800000    -0.7571637    -0.2595986    -0.4046080
  4.6000000    -0.8554179    -0.2352794    -0.3595270
  4.6200000    -0.9447227    -0.2129090    -0.3106110
  4.6400000    -1.0240074    -0.1933210    -0.2578482
  4.6600000    -1.0923303    -0.1772964    -0.2012903
  4.6800000    -1.1488955    -0.1655490    -0.1410564
  4.7000000    -1.1930674    -0.1587119    -0.0773367
  4.7200000    -1.2243829    -0.1573257    -0.0103946
  4.7400000    -1.2425600    -0.1618282     0.0594334
  4.7600000    -1.2475046    -0.1725454     0.1317383
  4.7800000    -1.2393124    -0.1896846     0.2060411
  4.8000000    -1.2182695    -0.2133301     0.2817974
  4.8200000    -1.1848478    -0.2434402     0.3584026
  4.8400000    -1.1396987    -0.2798465     0.4351989
  4.8600000    -1.0836427    -0.3222561     0.5114837
  4.8800000    -1.0176563    -0.3702553     0.5865191
  4.9000000    -0.9428563    -0.4233153     0.6595421
  4.9200000    -0.8604813    -0.4808005     0.7297764
  4.9400000    -0.7718713    -0.5419783     0.7964436
  4.9600000    -0.6784451    -0.6060305     0.8587762
  4.9800000    -0.5816770    -0.6720666     0.9160298
  5.0000000    -0.4830714    -0.7391379     0.9674960
  5.0200000    -0.3841381    -0.8062534     1.0125140
  5.0400000    -0.2863664    -0.8723953     1.0504831
  5.0600000    -0.1912004    -0.9365365     1.0808730
  5.0800000    -0.1000146    -0.9976569     1.1032348
  5.1000000    -0.0140910    -1.0547607     1.1172090
  5.1200000     0.0654022    -1.1068925     1.1225338
  5.1400000     0.1374296    -1.1531539     1.1190510
  5.1600000     0.2011055    -1.1927175     1.1067106
  5.1800000     0.2557081    -1.2248416     1.0855739
  5.2000000     0.3006900    -1.2488824     1.0558139
  5.2200000     0.3356866    -1.2643044     1.0177153
  5.2400000     0.3605202    -1.2706903     0.9716715
  5.2600000     0.3752014    -1.2677475     0.9181800
  5.2800000     0.3799264    -1.2553134     0.8578367
  5.3000000     0.3750717    -1.2333583     0.7913277
  5.3200000     0.3611849    -1.2019867     0.7194199
  5.3400000     0.3389728    -1.1614351     0.6429505
  5.3600000     0.3092863    -1.1120692     0.5628146
  5.3800000     0.2731031    -1.0543780     0.4799525
  5.4000000     0.2315081    -0.9889663     0.3953356
  5.4200000     0.1856718    -0.9165453     0.3099522
  5.4400000     0.1368271    -0.8379214     0.2247924
  5.4600000     0.0862458    -0.7539837     0.1408338
  5.4800000     0.0352138    -0.6656902     0.0590264
  5.5000000    -0.0149937    -0.5740529    -0.0197216
  5.5200000    -0.0631360    -0.4801219    -0.0945570
  5.5400000    -0.1080306    -0.3849695    -0.1646948
  5.5600000    -0.1485749    -0.2896738    -0.2294291
  5.5800000    -0.1837673    -0.1953020    -0.2881440
  5.6000000    -0.2127248    -0.1028944    -0.3403219
  5.6200000    -0.2346995    -0.0134492    -0.3855507
  5.6400000    -0.2490916     0.0720927    -0.4235291
  5.6600000    -0.2554598     0.1528610    -0.4540703
  5.6800000    -0.2535284     0.2280688    -0.4771032
  5.7000000    -0.2431916     0.2970229    -0.4926726
  5.7200000    -0.2245137     0.3591337    -0.5009364
  5.7400000    -0.1977272     0.4139226    -0.5021619
  5.7600000    -0.1632264     0.4610274    -0.4967196
  5.7800000    -0.1215590     0.5002061    -0.4850759
  5.8000000    -0.0734145     0.5313389    -0.4677837
  5.8200000    -0.0196092     0.5544276    -0.4454722
  5.8400000     0.0389295     0.5695937    -0.4188349
  5.8600000     0.1011826     0.5770737    -0.3886172
  5.8800000     0.1660589     0.5772138    -0.3556029
  5.9000000     0.2324171     0.5704619    -0.3206002
  5.9200000     0.2990878     0.5573585    -0.2844276
  5.9400000     0.3648957     0.5385262    -0.2478998
  5.9600000     0.4286825     0.5146579    -0.2118134
  5.9800000     0.4893283     0.4865044    -0.1769335
  6.0000000     0.5457728     0.4548606    -0.1439810
  6.0200000     0.5970347     0.4205518    -0.1136208
  6.0400000     0.6422294     0.3844199    -0.0864505
  6.0600000     0.6805845     0.3473087    -0.0629915
  6.0800000     0.7114534     0.3100502    -0.0436804
  6.1000000     0.7343259     0.2734513    -0.0288630
  6.1200000     0.7488356     0.2382807    -0.0187893
  6.1400000     0.7547656     0.2052575    -0.0136103
  6.1600000     0.7520497     0.1750395    -0.0133770
  6.1800000     0.7407717     0.1482146    -0.0180408
  6.2000000     0.7211616     0.1252917    -0.0274555
  6.2200000     0.6935883     0.1066947    -0.0413815
  6.2400000     0.6585502     0.0927567    -0.0594915
  6.2600000     0.6166635     0.0837170    -0.0813771
  6.2800000     0.5686479     0.0797188    -0.1065576
  6.3000000     0.5153107     0.0808095    -0.1344890
  6.3200000     0.4575293     0.0869417    -0.1645755
  6.3400000     0.3962326     0.0979765    -0.1961799
  6.3600000     0.3323818     0.1136880    -0.2286361
  6.3800000     0.2669507     0.1337693    -0.2612612
  6.4000000     0.2009062     0.1578393    -0.2933682
  6.4200000     0.1351892     0.1854516    -0.3242782
  6.4400000     0.0706967     0.2161033    -0.3533325
  6.4600000     0.0082645     0.2492453    -0.3799043
  6.4800000    -0.0513473     0.2842924    -0.4034094
  6.5000000    -0.1074684     0.3206350    -0.4233166
  6.5200000    -0.1595290     0.3576495    -0.4391560
  6.5400000    -0.2070686     0.3947097    -0.4505273
  6.5600000    -0.2497421     0.4311980    -0.4571061
  6.5800000    -0.2873236     0.4665152    -0.4586487
  6.6000000    -0.3197071     0.5000908    -0.4549958
  6.6200000    -0.3469043     0.5313924    -0.4460745
  6.6400000    -0.3690406     0.5599332    -0.4318987
  6.6600000    -0.3863479     0.5852801    -0.4125681
  6.6800000    -0.3991548     0.6070591    -0.3882657
  6.7000000    -0.4078760     0.6249605    -0.3592537
  6.7200000    -0.4129983     0.6387426    -0.3258684
  6.7400000    -0.4150663     0.6482340    -0.2885138
  6.7600000    -0.4146661     0.6533342    -0.2476539
  6.7800000    -0.4124089     0.6540141    -0.2038045
  6.8000000    -0.4089135     0.6503136    -0.1575238
  6.8200000    -0.4047895     0.6423393    -0.1094026
  6.8400000    -0.4006201     0.6302607    -0.0600547
  6.8600000    -0.3969465     0.6143048    -0.0101057
  6.8800000    -0.3942526     0.5947507     0.0398165
  6.9000000    -0.3929517     0.5719225     0.0890926
  6.9200000    -0.3933749     0.5461827     0.1371211
  6.9400000    -0.3957613     0.5179236     0.1833282
  6.9600000    -0.4002510     0.4875600     0.2271759
  6.9800000    -0.4068798     0.4555203     0.2681704
  7.0000000    -0.4155773     0.4222384     0.3058684
  7.0200000    -0.4261667     0.3881458     0.3398838
  7.0400000    -0.4383684     0.3536633     0.3698916
  7.0600000    -0.4518052     0.3191937     0.3956321
  7.0800000    -0.4660105     0.2851151     0.4169130
  7.1000000    -0.4804387     0.2517746     0.4336110
  7.1200000    -0.4944777     0.2194827     0.4456712
  7.1400000    -0.5074632     0.1885091     0.4531064
  7.1600000    -0.5186949     0.1590786     0.4559945
  7.1800000    -0.5274531     0.1313691     0.4544754
  7.2000000    -0.5330173     0.1055093     0.4487465
  7.2200000    -0.5346840     0.0815788     0.4390576
  7.2400000    -0.5317855     0.0596078     0.4257050
  7.2600000    -0.5237076     0.0395790     0.4090249
  7.2800000    -0.5099071     0.0214296     0.3893868
  7.3000000    -0.4899280     0.0050547     0.3671857
  7.3200000    -0.4634155    -0.0096889     0.3428353
  7.3400000    -0.4301292    -0.0229780     0.3167596
  7.3600000    -0.3899534    -0.0350181     0.2893865
  7.3800000    -0.3429047    -0.0460371     0.2611398
  7.4000000    -0.2891379    -0.0562798     0.2324330
  7.4200000    -0.2289482    -0.0660015     0.2036626
  7.4400000    -0.1627708    -0.0754617     0.1752025
  7.4600000    -0.0911776    -0.0849179     0.1473989
  7.4800000    -0.0148708    -0.0946192     0.1205660
  7.5000000     0.0653262    -0.1048010     0.0949822
  7.5200000     0.1484808    -0.1156791     0.0708877
  7.5400000     0.2335654    -0.1274450     0.0484824
  7.5600000     0.3194745    -0.1402615     0.0279248
  7.5800000     0.4050426    -0.1542591     0.0093318
  7.6000000     0.4890652    -0.1695330    -0.0072206
  7.6200000     0.5703196    -0.1861411    -0.0216962
  7.6400000     0.6475873    -0.2041022    -0.0340965
  7.6600000     0.7196769    -0.2233961    -0.0444578
  7.6800000     0.7854462    -0.2439633    -0.0528486
  7.7000000     0.8438244    -0.2657065    -0.0593656
  7.7200000     0.8938331    -0.2884922    -0.0641295
  7.7400000     0.9346058    -0.3121534    -0.0672815
  7.7600000     0.9654058    -0.3364927    -0.0689784
  7.7800000     0.9856418    -0.3612863    -0.0693882
  7.8000000     0.9948810    -0.3862881    -0.0686860
  7.8200000     0.9928595    -0.4112346    -0.0670495
  7.8400000     0.9794895    -0.4358499    -0.0646552
  7.8600000     0.9548633    -0.4598505    -0.0616745
  7.8800000     0.9192543    -0.4829512    -0.0582707
  7.9000000     0.8731143    -0.5048703    -0.0545956
  7.9200000     0.8170676    -0.5253344    -0.0507876
  7.9400000     0.7519017    -0.5440836    -0.0469694
  7.9600000     0.6785551    -0.5608763    -0.0432469
  7.9800000     0.5981023    -0.5754932    -0.0397078
  8.0000000     0.5117355    -0.5877413    -0.0364221
  8.0200000     0.4207447    -0.5974568    -0.0334413
  8.0400000     0.3264958    -0.6045082    -0.0307998
  8.0600000     0.2304067    -0.6087978    -0.0285155
  8.0800000     0.1339226    -0.6102633    -0.0265914
  8.1000000     0.0384909    -0.6088784    -0.0250173
  8.1200000    -0.0544648    -0.6046524    -0.0237720
  8.1400000    -0.1435694    -0.5976301    -0.0228253
  8.1600000    -0.2275210    -0.5878898    -0.0221405
  8.1800000    -0.3051138    -0.5755415    -0.0216766
  8.2000000    -0.3752597    -0.5607245    -0.0213910
  8.2200000    -0.4370075    -0.5436041    -0.0212416
  8.2400000    -0.4895595    -0.5243682    -0.0211887
  8.2600000    -0.5322860    -0.5032235    -0.0211976
  8.2800000    -0.5647355    -0.4803915    -0.0212394
  8.3000000    -0.5866428    -0.4561038    -0.0212930
  8.3200000    -0.5979331    -0.4305984    -0.0213462
  8.3400000    -0.5987223    -0.4041147    -0.0213957
  8.3600000    -0.5893146    -0.3768898    -0.0214481
  8.3800000    -0.5701954    -0.3491541    -0.0215193
  8.4000000    -0.5420221    -0.3211274    -0.0216345
  8.4200000    -0.5056111    -0.2930159    -0.0218269
  8.4400000    -0.4619214    -0.2650086    -0.0221370
  8.4600000    -0.4120365    -0.2372753    -0.0226109
  8.4800000    -0.3571436    -0.2099640    -0.0232986
  8.5000000    -0.2985105    -0.1831994    -0.0242522
  8.5200000    -0.2374617    -0.1570824    -0.0255239
  8.5400000    -0.1753531    -0.1316893    -0.0271638
  8.5600000    -0.1135465    -0.1070720    -0.0292177
  8.5800000    -0.0533833    -0.0832590    -0.0317251
  8.6000000     0.0038400    -0.0602564    -0.0347171
  8.6200000     0.0568969    -0.0380499    -0.0382146
  8.6400000     0.1046534    -0.0166068    -0.0422266
  8.6600000     0.1460897     0.0041212    -0.0467490
  8.6800000     0.1803184     0.0241948    -0.0517632
  8.7000000     0.2066018     0.0436846    -0.0572357
  8.7200000     0.2243648     0.0626672    -0.0631177
  8.7400000     0.2332056     0.0812216    -0.0693448
  8.7600000     0.2329028     0.0994264    -0.0758381
  8.7800000     0.2234192     0.1173555    -0.0825046
  8.8000000     0.2049019     0.1350758    -0.0892385
  8.8200000     0.1776794     0.1526432    -0.0959229
  8.8400000     0.1422548     0.1701006    -0.1024320
  8.8600000     0.0992960     0.1874754    -0.1086330
  8.8800000     0.0496227     0.2047773    -0.1143889
  8.9000000    -0.0058090     0.2219970    -0.1195612
  8.9200000    -0.0659247     0.2391054    -0.1240127
  8.9400000    -0.1295524     0.2560529    -0.1276107
  8.9600000    -0.1954442     0.2727698    -0.1302298
  8.9800000    -0.2622995     0.2891669    -0.1317551
  9.0000000    -0.3287893     0.3051365    -0.1320846
  9.0200000    -0.3935810     0.3205545    -0.1311323
  9.0400000    -0.4553627     0.3352826    -0.1288304
  9.0600000    -0.5128670     0.3491707    -0.1251313
  9.0800000    -0.5648946     0.3620603    -0.1200096
  9.1000000    -0.6103356     0.3737878    -0.1134629
  9.1200000    -0.6481894     0.3841879    -0.1055134
  9.1400000    -0.6775827     0.3930979    -0.0962077
  9.1600000    -0.6977847     0.4003612    -0.0856169
  9.1800000    -0.7082199     0.4058318    -0.0738360
  9.2000000    -0.7084774     0.4093773    -0.0609831
  9.2200000    -0.6983182     0.4108835    -0.0471973
  9.2400000    -0.6776783     0.4102572    -0.0326371
  9.2600000    -0.6466691     0.4074299    -0.0174776
  9.2800000    -0.6055747     0.4023599    -0.0019080
  9.3000000    -0.5548458     0.3950351     0.0138715
  9.3200000    -0.4950914     0.3854747     0.0296535
  9.3400000    -0.4270666     0.3737300     0.0452268
  9.3600000    -0.3516593     0.3598854     0.0603800
  9.3800000    -0.2698734     0.3440580     0.0749056
  9.4000000    -0.1828115     0.3263972     0.0886034
  9.4200000    -0.0916547     0.3070831     0.1012845
  9.4400000     0.0023573     0.2863248     0.1127746
  9.4600000     0.0979482     0.2643576     0.1229172
  9.4800000     0.1938259     0.2414396     0.1315768
  9.5000000     0.2887047     0.2178489     0.1386411
  9.5200000     0.3813258     0.1938783     0.1440233
  9.5400000     0.4704777     0.1698318     0.1476638
  9.5600000     0.5550149     0.1460192     0.1495310
  9.5800000     0.6338753     0.1227512     0.1496225
  9.6000000     0.7060957     0.1003344     0.1479643
  9.6200000     0.7708250     0.0790657     0.1446111
  9.6400000     0.8273356     0.0592277     0.1396447
  9.6600000     0.8750317     0.0410831     0.1331724
  9.6800000     0.9134557     0.0248707     0.1253255
  9.7000000     0.9422914     0.0108003     0.1162559
  9.7200000     0.9613652    -0.0009508     0.1061340
  9.7400000     0.9706444    -0.0102413     0.0951446
  9.7600000     0.9702327    -0.0169690     0.0834840
  9.7800000     0.9603645    -0.0210727     0.0713560
  9.8000000     0.9413959    -0.0225338     0.0589678
  9.8200000     0.9137946    -0.0213774     0.0465263
  9.8400000     0.8781279    -0.0176719     0.0342343
  9.8600000     0.8350492    -0.0115286     0.0222862
  9.8800000     0.7852840    -0.0031004     0.0108651
  9.9000000     0.7296147     0.0074209     0.0001386
  9.9200000     0.6688649     0.0198069    -0.0097433
  9.9400000     0.6038844     0.0337964    -0.0186515
  9.9600000     0.5355334     0.0490997    -0.0264797
  9.9800000     0.4646685     0.0654027    -0.0331460
 10.0000000     0.3921278     0.0823725    -0.0385942
 10.0200000     0.3187189     0.0996627    -0.0427946
 10.0400000     0.2452072     0.1169187    -0.0457435
 10.0600000     0.1723056     0.1337843    -0.0474633
 10.0800000     0.1006661     0.1499070    -0.0480011
 10.1000000     0.0308736     0.1649442    -0.0474273
 10.1200000    -0.0365596     0.1785687    -0.0458336
 10.1400000    -0.1011963     0.1904745    -0.0433303
 10.1600000    -0.1626757     0.2003813    -0.0400436
 10.1800000    -0.2207131     0.2080399    -0.0361127
 10.2000000    -0.2750974     0.2132360    -0.0316858
 10.2200000    -0.3256873     0.2157936    -0.0269170
 10.2400000    -0.3724061     0.2155780    -0.0219625
 10.2600000    -0.4152355     0.2124983    -0.0169768
 10.2800000    -0.4542082     0.2065082    -0.0121091
 10.3000000    -0.4893997     0.1976072    -0.0075000
 10.3200000    -0.5209198     0.1858402    -0.0032778
 10.3400000    -0.5489036     0.1712964     0.0004437
 10.3600000    -0.5735028     0.1541080     0.0035686
 10.3800000    -0.5948769     0.1344477     0.0060206
 10.4000000    -0.6131850     0.1125254     0.0077448
 10.4200000    -0.6285783     0.0885847     0.0087090
 10.4400000    -0.6411930     0.0628984     0.0089043
 10.4600000    -0.6511455     0.0357640     0.0083453
 10.4800000    -0.6585268     0.0074987     0.0070694
 10.5000000    -0.6633998    -0.0215665     0.0051362
 10.5200000    -0.6657974    -0.0510920     0.0026260
 10.5400000    -0.6657215    -0.0807353    -0.0003626
 10.5600000    -0.6631439    -0.1101570    -0.0037148
 10.5800000    -0.6580084    -0.1390258    -0.0073023
 10.6000000    -0.6502341    -0.1670243    -0.0109871
 10.6200000    -0.6397199    -0.1938536    -0.0146241
 10.6400000    -0.6263496    -0.2192384    -0.0180654
 10.6600000    -0.6099985    -0.2429304    -0.0211635
 10.6800000    -0.5905404    -0.2647126    -0.0237757
 10.7000000    -0.5678547    -0.2844015    -0.0257672
 10.7200000    -0.5418344    -0.3018498    -0.0270150
 10.7400000    -0.5123936    -0.3169481    -0.0274113
 10.7600000    -0.4794754    -0.3296250    -0.0268662
 10.7800000    -0.4430582    -0.3398479    -0.0253108
 10.8000000    -0.4031634    -0.3476222    -0.0226994
 10.8200000    -0.3598601    -0.3529897    -0.0190109
 10.8400000    -0.3132702    -0.3560270    -0.0142507
 10.8600000    -0.2635724    -0.3568423    -0.0084506
 10.8800000    -0.2110036    -0.3555732    -0.0016697
 10.9000000    -0.1558609    -0.3523819     0.0060069
 10.9200000    -0.0985002    -0.3474519     0.0144685
 10.9400000    -0.0393352    -0.3409835     0.0235808
 10.9600000     0.0211671    -0.3331889     0.0331881
 10.9800000     0.0824903    -0.3242875     0.0431161
 11.0000000     0.1440752    -0.3145014     0.0531748
 11.0200000     0.2053273    -0.3040503     0.0631626
 11.0400000     0.2656251    -0.2931471     0.0728695
 11.0600000     0.3243300    -0.2819937     0.0820820
 11.0800000     0.3807963    -0.2707767     0.0905870
 11.1000000     0.4343820    -0.2596639     0.0981762
 11.1200000     0.4844605    -0.2488014     0.1046509
 11.1400000     0.5304312    -0.2383110     0.1098257
 11.1600000     0.5717311    -0.2282881     0.1135331
 11.1800000     0.6078457    -0.2188004     0.1156274
 11.2000000     0.6383186    -0.2098875     0.1159875
 11.2200000     0.6627614    -0.2015605     0.1145207
 11.2400000     0.6808616    -0.1938032     0.1111648
 11.2600000     0.6923898    -0.1865727     0.1058903
 11.2800000     0.6972053    -0.1798018     0.0987016
 11.3000000     0.6952599    -0.1734015     0.0896377
 11.3200000     0.6866006    -0.1672636     0.0787725
 11.3400000     0.6713700    -0.1612644     0.0662140
 11.3600000     0.6498055    -0.1552685     0.0521031
 11.3800000     0.6222358    -0.1491326     0.0366115
 11.4000000     0.5890768    -0.1427100     0.0199393
 11.4200000     0.5508250    -0.1358549     0.0023119
 11.4400000     0.5080497    -0.1284265    -0.0160238
 11.4600000     0.4613834    -0.1202936    -0.0348033
 11.4800000     0.4115118    -0.1113385    -0.0537493
 11.5000000     0.3591616    -0.1014608    -0.0725762
 11.5200000     0.3050883    -0.0905807    -0.0909954
 11.5400000     0.2500632    -0.0786421    -0.1087201
 11.5600000     0.1948597    -0.0656149    -0.1254707
 11.5800000     0.1402403    -0.0514970    -0.1409795
 11.6000000     0.0869428    -0.0363158    -0.1549962
 11.6200000     0.0356680    -0.0201282    -0.1672919
 11.6400000    -0.0129330    -0.0030210    -0.1776635
 11.6600000    -0.0582694     0.0148899    -0.1859377
 11.6800000    -0.0998212     0.0334610    -0.1919740
 11.7000000    -0.1371476     0.0525233    -0.1956677
 11.7200000    -0.1698941     0.0718849    -0.1969518
 11.7400000    -0.1977980     0.0913343    -0.1957981
 11.7600000    -0.2206919     0.1106442    -0.1922184
 11.7800000    -0.2385058     0.1295756    -0.1862640
 11.8000000    -0.2512663     0.1478822    -0.1780253
 11.8200000    -0.2590954     0.1653158    -0.1676300
 11.8400000    -0.2622060     0.1816304    -0.1552409
 11.8600000    -0.2608965     0.1965880    -0.1410535
 11.8800000    -0.2555434     0.2099632    -0.1252921
 11.9000000    -0.2465928     0.2215483    -0.1082062
 11.9200000    -0.2345499     0.2311576    -0.0900658
 11.9400000    -0.2199677     0.2386322    -0.0711568
 11.9600000    -0.2034355     0.2438433    -0.0517761
 11.9800000    -0.1855654     0.2466958    -0.0322260
 12.0000000    -0.1669795     0.2471313    -0.0128090
 12.0200000    -0.1482968     0.2451297     0.0061774
 12.0400000    -0.1301196     0.2407110     0.0244462
 12.0600000    -0.1130214     0.2339359     0.0417256
 12.0800000    -0.0975345     0.2249052     0.0577640
 12.1000000    -0.0841391     0.2137598     0.0723341
 12.1200000    -0.0732532     0.2006780     0.0852372
 12.1400000    -0.0652243     0.1858740     0.0963060
 12.1600000    -0.0603218     0.1695941     0.1054076
 12.1800000    -0.0587324     0.1521133     0.1124455
 12.2000000    -0.0605554     0.1337306     0.1173613
 12.2200000    -0.0658017     0.1147643     0.1201350
 12.2400000    -0.0743933     0.0955465     0.1207851
 12.2600000    -0.0861657     0.0764173     0.1193680
 12.2800000    -0.1008708     0.0577192     0.1159766
 12.3000000    -0.1181830     0.0397907     0.1107379
 12.3200000    -0.1377058     0.0229601     0.1038106
 12.3400000    -0.1589805     0.0075400     0.0953816
 12.3600000    -0.1814959    -0.0061790     0.0856626
 12.3800000    -0.2046992    -0.0179335     0.0748854
 12.4000000    -0.2280075    -0.0274924     0.0632977
 12.4200000    -0.2508203    -0.0346614     0.0511581
 12.4400000    -0.2725323    -0.0392869     0.0387313
 12.4600000    -0.2925459    -0.0412591     0.0262829
 12.4800000    -0.3102842    -0.0405146     0.0140746
 12.5000000    -0.3252028    -0.0370380     0.0023589
 12.5200000    -0.3368019    -0.0308624    -0.0086248
 12.5400000    -0.3446365    -0.0220700    -0.0186556
 12.5600000    -0.3483263    -0.0107902    -0.0275340
 12.5800000    -0.3475636     0.0028015    -0.0350865
 12.6000000    -0.3421208     0.0184863    -0.0411678
 12.6200000    -0.3318550     0.0360060    -0.0456635
 12.6400000    -0.3167119     0.0550665    -0.0484923
 12.6600000    -0.2967272     0.0753431    -0.0496065
 12.6800000    -0.2720273     0.0964859    -0.0489931
 12.7000000    -0.2428269     0.1181256    -0.0466737
 12.7200000    -0.2094259     0.1398797    -0.0427033
 12.7400000    -0.1722037     0.1613594    -0.0371693
 12.7600000    -0.1316134     0.1821756    -0.0301891
 12.7800000    -0.0881728     0.2019466    -0.0219080
 12.8000000    -0.0424555     0.2203039    -0.0124960
 12.8200000     0.0049195     0.2368988    -0.0021440
 12.8400000     0.0532992     0.2514087     0.0089396
 12.8600000     0.1020084     0.2635426     0.0205334
 12.8800000     0.1503618     0.2730462     0.0324071
 12.9000000     0.1976763     0.2797061     0.0443260
 12.9200000     0.2432835     0.2833538     0.0560557
 12.9400000     0.2865414     0.2838686     0.0673664
 12.9600000     0.3268457     0.2811797     0.0780370
 12.9800000     0.3636401     0.2752670     0.0878596
 13.0000000     0.3964264     0.2661622     0.0966429
 13.0200000     0.4247720     0.2539474     0.1042161
 13.0400000     0.4483177     0.2387542     0.1104313
 13.0600000     0.4667826     0.2207610     0.1151664
 13.0800000     0.4799685     0.2001900     0.1183272
 13.1000000     0.4877624     0.1773032     0.1198486
 13.1200000     0.4901368     0.1523981     0.1196956
 13.1400000     0.4871496     0.1258017     0.1178636
 13.1600000     0.4789410     0.0978659     0.1143780
 13.1800000     0.4657299     0.0689604     0.1092938
 13.2000000     0.4478089     0.0394670     0.1026935
 13.2200000     0.4255370     0.0097725     0.0946859
 13.2400000     0.3993322    -0.0197374     0.0854032
 13.2600000     0.3696632    -0.0486847     0.0749988
 13.2800000     0.3370389    -0.0767059     0.0636437
 13.3000000     0.3019995    -0.1034574     0.0515232
 13.3200000     0.2651050    -0.1286214     0.0388334
 13.3400000     0.2269256    -0.1519109     0.0257775
 13.3600000     0.1880302    -0.1730742     0.0125617
 13.3800000     0.1489770    -0.1918986    -0.0006085
 13.4000000     0.1103032    -0.2082135    -0.0135320
 13.4200000     0.0725162    -0.2218925    -0.0260156
 13.4400000     0.0360849    -0.2328551    -0.0378779
 13.4600000     0.0014331    -0.2410667    -0.0489516
 13.4800000    -0.0310677    -0.2465390    -0.0590871
 13.5000000    -0.0611022    -0.2493280    -0.0681543
 13.5200000    -0.0884159    -0.2495327    -0.0760448
 13.5400000    -0.1128168    -0.2472922    -0.0826735
 13.5600000    -0.1341770    -0.2427821    -0.0879795
 13.5800000    -0.1524318    -0.2362104    -0.0919267
 13.6000000    -0.1675787    -0.2278133    -0.0945039
 13.6200000    -0.1796740    -0.2178495    -0.0957246
 13.6400000    -0.1888290    -0.2065955    -0.0956256
 13.6600000    -0.1952052    -0.1943391    -0.0942666
 13.6800000    -0.1990078    -0.1813744    -0.0917274
 13.7000000    -0.2004797    -0.1679956    -0.0881069
 13.7200000    -0.1998938    -0.1544910    -0.0835200
 13.7400000    -0.1975454    -0.1411384    -0.0780954
 13.7600000    -0.1937442    -0.1281987    -0.0719726
 13.7800000    -0.1888065    -0.1159122    -0.0652991
 13.8000000    -0.1830475    -0.1044935    -0.0582270
 13.8200000    -0.1767730    -0.0941284    -0.0509105
 13.8400000    -0.1702733    -0.0849705    -0.0435024
 13.8600000    -0.1638160    -0.0771389    -0.0361513
 13.8800000    -0.1576402    -0.0707165    -0.0289992
 13.9000000    -0.1519523    -0.0657494    -0.0221783
 13.9200000    -0.1469212    -0.0622466    -0.0158093
 13.9400000    -0.1426758    -0.0601806    -0.0099991
 13.9600000    -0.1393030    -0.0594891    -0.0048393
 13.9800000    -0.1368468    -0.0600769    -0.0004046
 14.0000000    -0.1353088    -0.0618188     0.0032478
 14.0200000    -0.1346492    -0.0645630     0.0060793
 14.0400000    -0.1347895    -0.0681347     0.0080692
 14.0600000    -0.1356154    -0.0723411     0.0092156
 14.0800000    -0.1369810    -0.0769751     0.0095341
 14.1000000    -0.1387136    -0.0818212     0.0090570
 14.1200000    -0.1406192    -0.0866600     0.0078323
 14.1400000    -0.1424883    -0.0912732     0.0059224
 14.1600000    -0.1441022    -0.0954491     0.0034017
 14.1800000    -0.1452390    -0.0989868     0.0003554
 14.2000000    -0.1456804    -0.1017015    -0.0031230
 14.2200000    -0.1452177    -0.1034280    -0.0069338
 14.2400000    -0.1436579    -0.1040248    -0.0109735
 14.2600000    -0.1408290    -0.1033772    -0.0151367
 14.2800000    -0.1365850    -0.1013999    -0.0193187
 14.3000000    -0.1308105    -0.0980390    -0.0234173
 14.3200000    -0.1234241    -0.0932733    -0.0273354
 14.3400000    -0.1143807    -0.0871148    -0.0309822
 14.3600000    -0.1036741    -0.0796085    -0.0342753
 14.3800000    -0.0913371    -0.0708318    -0.0371420
 14.4000000    -0.0774422    -0.0608924    -0.0395205
 14.4200000    -0.0620999    -0.0499267    -0.0413607
 14.4400000    -0.0454571    -0.0380965    -0.0426252
 14.4600000    -0.0276945    -0.0255858    -0.0432891
 14.4800000    -0.0090226    -0.0125970    -0.0433408
 14.5000000     0.0103222     0.0006535    -0.0427809
 14.5200000     0.0300827     0.0139399    -0.0416226
 14.5400000     0.0499861     0.0270317    -0.0398903
 14.5600000     0.0697500     0.0396987    -0.0376190
 14.5800000     0.0890883     0.0517158    -0.0348532
 14.6000000     0.1077170     0.0628681    -0.0316453
 14.6200000     0.1253606     0.0729551    -0.0280544
 14.6400000     0.1417578     0.0817955    -0.0241448
 14.6600000     0.1566669     0.0892311    -0.0199843
 14.6800000     0.1698712     0.0951301    -0.0156424
 14.7000000     0.1811833     0.0993904    -0.0111892
 14.7200000     0.1904491     0.1019418    -0.0066934
 14.7400000     0.1975510     0.1027476    -0.0022211
 14.7600000     0.2024102     0.1018062     0.0021657
 14.7800000     0.2049881     0.0991509     0.0064100
 14.8000000     0.2052872     0.0948499     0.0104614
 14.8200000     0.2033507     0.0890050     0.0142762
 14.8400000     0.1992610     0.0817499     0.0178186
 14.8600000     0.1931382     0.0732479     0.0210611
 14.8800000     0.1851372     0.0636886     0.0239843
 14.9000000     0.1754439     0.0532846     0.0265773
 14.9200000     0.1642710     0.0422672     0.0288374
 14.9400000     0.1518534     0.0308820     0.0307698
 14.9600000     0.1384432     0.0193841     0.0323868
 14.9800000     0.1243036     0.0080329     0.0337071
 15.0000000     0.1097034    -0.0029126     0.0347553
 15.0200000     0.0949117    -0.0131994     0.0355606
 15.0400000     0.0801911    -0.0225855     0.0361555
 15.0600000     0.0657933    -0.0308444     0.0365752
 15.0800000     0.0519529    -0.0377702     0.0368563
 15.1000000     0.0388830    -0.0431816     0.0370353
 15.1200000     0.0267710    -0.0469257     0.0371479
 15.1400000     0.0157748    -0.0488810     0.0372278
 15.1600000     0.0060197    -0.0489606     0.0373057
 15.1800000    -0.0024034    -0.0471135     0.0374084
 15.2000000    -0.0094397    -0.0433262     0.0375582
 15.2200000    -0.0150711    -0.0376233     0.0377722
 15.2400000    -0.0193154    -0.0300671     0.0380618
 15.2600000    -0.0222257    -0.0207570     0.0384327
 15.2800000    -0.0238880    -0.0098274     0.0388846
 15.3000000    -0.0244186     0.0025543     0.0394112
 15.3200000    -0.0239611     0.0161906     0.0400007
 15.3400000    -0.0226816     0.0308580     0.0406360
 15.3600000    -0.0207648     0.0463104     0.0412953
 15.3800000    -0.0184088     0.0622842     0.0419529
 15.4000000    -0.0158199     0.0785029     0.0425797
 15.4200000    -0.0132072     0.0946821     0.0431444
 15.4400000    -0.0107771     0.1105353     0.0436144
 15.4600000    -0.0087279     0.1257788     0.0439564
 15.4800000    -0.0072448     0.1401374     0.0441380
 15.5000000    -0.0064949     0.1533490     0.0441283
 15.5200000    -0.0066225     0.1651703     0.0438989
 15.5400000    -0.0077459     0.1753809     0.0434249
 15.5600000    -0.0099537     0.1837875     0.0426856
 15.5800000    -0.0133021     0.1902276     0.0416653
 15.6000000    -0.0178136     0.1945727     0.0403539
 15.6200000    -0.0234754     0.1967306     0.0387472
 15.6400000    -0.0302398     0.1966469     0.0368471
 15.6600000    -0.0380247     0.1943066     0.0346622
 15.6800000    -0.0467149     0.1897339     0.0322072
 15.7000000    -0.0561645     0.1829921     0.0295029
 15.7200000    -0.0662001     0.1741820     0.0265759
 15.7400000    -0.0766243     0.1634404     0.0234581
 15.7600000    -0.0872202     0.1509372     0.0201858
 15.7800000    -0.0977558     0.1368725     0.0167993
 15.8000000    -0.1079898     0.1214727     0.0133416
 15.8200000    -0.1176765     0.1049862     0.0098576
 15.8400000    -0.1265718     0.0876789     0.0063931
 15.8600000    -0.1344389     0.0698292     0.0029936
 15.8800000    -0.1410535     0.0517228    -0.0002968
 15.9000000    -0.1462096     0.0336472    -0.0034363
 15.9200000    -0.1497242     0.0158867    -0.0063866
 15.9400000    -0.1514422    -0.0012828    -0.0091140
 15.9600000    -0.1512402    -0.0175994    -0.0115899
 15.9800000    -0.1490299    -0.0328192    -0.0137920
 16.0000000    -0.1447607    -0.0467214    -0.0157046
 16.0200000    -0.1384220    -0.0591119    -0.0173193
 16.0400000    -0.1300437    -0.0698267    -0.0186352
 16.0600000    -0.1196966    -0.0787351    -0.0196589
 16.0800000    -0.1074917    -0.0857413    -0.0204050
 16.1000000    -0.0935788    -0.0907866    -0.0208950
 16.1200000    -0.0781440    -0.0938497    -0.0211578
 16.1400000    -0.0614063    -0.0949470    -0.0212284
 16.1600000    -0.0436143    -0.0941320    -0.0211477
 16.1800000    -0.0250409    -0.0914940    -0.0209609
 16.2000000    -0.0059787    -0.0871560    -0.0207174
 16.2200000     0.0132655    -0.0812721    -0.0204687
 16.2400000     0.0323769    -0.0740242    -0.0202678
 16.2600000     0.0510387    -0.0656185    -0.0201678
 16.2800000     0.0689384    -0.0562812    -0.0202202
 16.3000000     0.0857735    -0.0462541    -0.0204740
 16.3200000     0.1012584    -0.0357895    -0.0209741
 16.3400000     0.1151290    -0.0251454    -0.0217604
 16.3600000     0.1271491    -0.0145806    -0.0228662
 16.3800000     0.1371144    -0.0043496    -0.0243173
 16.4000000     0.1448571     0.0053025    -0.0261312
 16.4200000     0.1502493     0.0141447    -0.0283162
 16.4400000     0.1532055     0.0219641    -0.0308710
 16.4600000     0.1536847     0.0285706    -0.0337841
 16.4800000     0.1516914     0.0337999    -0.0370337
 16.5000000     0.1472755     0.0375168    -0.0405878
 16.5200000     0.1405316     0.0396178    -0.0444045
 16.5400000     0.1315974     0.0400326    -0.0484323
 16.5600000     0.1206511     0.0387257    -0.0526110
 16.5800000     0.1079080     0.0356967    -0.0568723
 16.6000000     0.0936165     0.0309803    -0.0611415
 16.6200000     0.0780534     0.0246451    -0.0653379
 16.6400000     0.0615184     0.0167927    -0.0693768
 16.6600000     0.0443287     0.0075552    -0.0731712
 16.6800000     0.0268129    -0.0029074    -0.0766325
 16.7000000     0.0093042    -0.0144105    -0.0796734
 16.7200000    -0.0078652    -0.0267481    -0.0822085
 16.7400000    -0.0243710    -0.0396976    -0.0841567
 16.7600000    -0.0399030    -0.0530233    -0.0854428
 16.7800000    -0.0541706    -0.0664816    -0.0859988
 16.8000000    -0.0669086    -0.0798255    -0.0857657
 16.8200000    -0.0778823    -0.0928093    -0.0846945
 16.8400000    -0.0868914    -0.1051932    -0.0827479
 16.8600000    -0.0937745    -0.1167480    -0.0799011
 16.8800000    -0.0984112    -0.1272595    -0.0761423
 16.9000000    -0.1007250    -0.1365321    -0.0714738
 16.9200000    -0.1006840    -0.1443928    -0.0659121
 16.9400000    -0.0983017    -0.1506944    -0.0594878
 16.9600000    -0.0936364    -0.1553178    -0.0522459
 16.9800000    -0.0867899    -0.1581746    -0.0442448
 17.0000000    -0.0779055    -0.1592081    -0.0355562
 17.0200000    -0.0671647    -0.1583946    -0.0262639
 17.0400000    -0.0547840    -0.1557435    -0.0164626
 17.0600000    -0.0410105    -0.1512969    -0.0062567
 17.0800000    -0.0261167    -0.1451289     0.0042411
 17.1000000    -0.0103957    -0.1373436     0.0149117
 17.1200000     0.0058447    -0.1280731     0.0256316
 17.1400000     0.0222880    -0.1174753     0.0362742
 17.1600000     0.0386148    -0.1057300     0.0467122
 17.1800000     0.0545090    -0.0930361     0.0568196
 17.2000000     0.0696635    -0.0796071     0.0664735
 17.2200000     0.0837863    -0.0656677     0.0755561
 17.2400000     0.0966051    -0.0514489     0.0839568
 17.2600000     0.1078733    -0.0371840     0.0915735
 17.2800000     0.1173733    -0.0231043     0.0983146
 17.3000000     0.1249211    -0.0094344     0.1041002
 17.3200000     0.1303690     0.0036114     0.1088637
 17.3400000     0.1336083     0.0158336     0.1125524
 17.3600000     0.1345706     0.0270505     0.1151284
 17.3800000     0.1332291     0.0371018     0.1165695
 17.4000000     0.1295984     0.0458512     0.1168690
 17.4200000     0.1237338     0.0531887     0.1160360
 17.4400000     0.1157300     0.0590325     0.1140952
 17.4600000     0.1057191     0.0633303     0.1110864
 17.4800000     0.0938672     0.0660595     0.1070635
 17.5000000     0.0803716     0.0672279     0.1020940
 17.5200000     0.0654566     0.0668728     0.0962576
 17.5400000     0.0493690     0.0650601     0.0896445
 17.5600000     0.0323736     0.0618825     0.0823547
 17.5800000     0.0147481     0.0574580     0.0744955
 17.6000000    -0.0032223     0.0519265     0.0661803
 17.6200000    -0.0212494     0.0454479     0.0575266
 17.6400000    -0.0390481     0.0381977     0.0486539
 17.6600000    -0.0563407     0.0303645     0.0396821
 17.6800000    -0.0728618     0.0221455     0.0307296
 17.7000000    -0.0883630     0.0137429     0.0219113
 17.7200000    -0.1026168     0.0053600     0.0133372
 17.7400000    -0.1154202    -0.0028028     0.0051103
 17.7600000    -0.1265976    -0.0105518    -0.0026743
 17.7800000    -0.1360038    -0.0177038    -0.0099311
 17.8000000    -0.1435251    -0.0240895    -0.0165851
 17.8200000    -0.1490811    -0.0295562    -0.0225730
 17.8400000    -0.1526255    -0.0339715    -0.0278434
 17.8600000    -0.1541452    -0.0372247    -0.0323580
 17.8800000    -0.1536607    -0.0392294    -0.0360911
 17.9000000    -0.1512241    -0.0399248    -0.0390304
 17.9200000    -0.1469179    -0.0392764    -0.0411762
 17.9400000    -0.1408521    -0.0372771    -0.0425412
 17.9600000    -0.1331620    -0.0339462    -0.0431503
 17.9800000    -0.1240051    -0.0293297    -0.0430392
 18.0000000    -0.1135571    -0.0234989    -0.0422538
 18.0200000    -0.1020091    -0.0165488    -0.0408494
 18.0400000    -0.0895630    -0.0085960    -0.0388887
 18.0600000    -0.0764283     0.0002232    -0.0364413
 18.0800000    -0.0628177     0.0097557    -0.0335820
 18.1000000    -0.0489437     0.0198348    -0.0303892
 18.1200000    -0.0350146     0.0302833    -0.0269438
 18.1400000    -0.0212313     0.0409167    -0.0233274
 18.1600000    -0.0077838     0.0515468    -0.0196212
 18.1800000     0.0051511     0.0619854    -0.0159046
 18.2000000     0.0174128     0.0720476    -0.0122536
 18.2200000     0.0288590     0.0815550    -0.0087402
 18.2400000     0.0393670     0.0903396    -0.0054307
 18.2600000     0.0488353     0.0982460    -0.0023852
 18.2800000     0.0571840     0.1051347     0.0003432
 18.3000000     0.0643556     0.1108845     0.0027093
 18.3200000     0.0703146     0.1153941     0.0046762
 18.3400000     0.0750469     0.1185844     0.0062153
 18.3600000     0.0785594     0.1203993     0.0073070
 18.3800000     0.0808781     0.1208070     0.0079402
 18.4000000     0.0820472     0.1197995     0.0081126
 18.4200000     0.0821267     0.1173937     0.0078298
 18.4400000     0.0811910     0.1136297     0.0071057
 18.4600000     0.0793263     0.1085709     0.0059612
 18.4800000     0.0766283     0.1023018     0.0044239
 18.5000000     0.0732001     0.0949268     0.0025275
 18.5200000     0.0691499     0.0865679     0.0003105
 18.5400000     0.0645883     0.0773625    -0.0021839
 18.5600000     0.0596266     0.0674608    -0.0049096
 18.5800000     0.0543745     0.0570228    -0.0078177
 18.6000000     0.0489381     0.0462156    -0.0108578
 18.6200000     0.0434184     0.0352103    -0.0139790
 18.6400000     0.0379099     0.0241788    -0.0171305
 18.6600000     0.0324990     0.0132912    -0.0202625
 18.6800000     0.0272635     0.0027124    -0.0233268
 18.7000000     0.0222713    -0.0074003    -0.0262779
 18.7200000     0.0175808    -0.0169004    -0.0290732
 18.7400000     0.0132397    -0.0256536    -0.0316737
 18.7600000     0.0092860    -0.0335411    -0.0340443
 18.7800000     0.0057473    -0.0404605    -0.0361543
 18.8000000     0.0026420    -0.0463276    -0.0379773
 18.8200000    -0.0000204    -0.0510779    -0.0394920
 18.8400000    -0.0022386    -0.0546668    -0.0406814
 18.8600000    -0.0040184    -0.0570701    -0.0415336
 18.8800000    -0.0053721    -0.0582846    -0.0420411
 18.9000000    -0.0063172    -0.0583269    -0.0422007
 18.9200000    -0.0068758    -0.0572335    -0.0420138
 18.9400000    -0.0070731    -0.0550593    -0.0414853
 18.9600000    -0.0069368    -0.0518765    -0.0406240
 18.9800000    -0.0064962    -0.0477727    -0.0394418
 19.0000000    -0.0057814    -0.0428496    -0.0379534
 19.0200000    -0.0048228    -0.0372203    -0.0361760
 19.0400000    -0.0036500    -0.0310077    -0.0341290
 19.0600000    -0.0022920    -0.0243416    -0.0318333
 19.0800000    -0.0007768    -0.0173567    -0.0293113
 19.1000000     0.0008694    -0.0101901    -0.0265861
 19.1200000     0.0026212    -0.0029786    -0.0236818
 19.1400000     0.0044549     0.0041433    -0.0206227
 19.1600000     0.0063477     0.0110459    -0.0174331
 19.1800000     0.0082778     0.0176063    -0.0141375
 19.2000000     0.0102239     0.0237106    -0.0107598
 19.2200000     0.0121649     0.0292552    -0.0073238
 19.2400000     0.0140796     0.0341488    -0.0038524
 19.2600000     0.0159462     0.0383133    -0.0003684
 19.2800000     0.0177420     0.0416851     0.0031063
 19.3000000     0.0194433     0.0442156     0.0065506
 19.3200000     0.0210247     0.0458718     0.0099438
 19.3400000     0.0224594     0.0466363     0.0132658
 19.3600000     0.0237191     0.0465072     0.0164973
 19.3800000     0.0247736     0.0454980     0.0196196
 19.4000000     0.0255918     0.0436363     0.0226144
 19.4200000     0.0261412     0.0409637     0.0254640
 19.4400000     0.0263888     0.0375342     0.0281513
 19.4600000     0.0263016     0.0334128     0.0306598
 19.4800000     0.0258470     0.0286744     0.0329736
 19.5000000     0.0249938     0.0234023     0.0350774
 19.5200000     0.0237131     0.0176860     0.0369567
 19.5400000     0.0219790     0.0116200     0.0385979
 19.5600000     0.0197695     0.0053015     0.0399882
 19.5800000     0.0170676    -0.0011706     0.0411162
 19.6000000     0.0138622    -0.0076983     0.0419716
 19.6200000     0.0101490    -0.0141856     0.0425456
 19.6400000     0.0059310    -0.0205401     0.0428312
 19.6600000     0.0012198    -0.0266747     0.0428231
 19.6800000    -0.0039642    -0.0325089     0.0425181
 19.7000000    -0.0095914    -0.0379696     0.0419154
 19.7200000    -0.0156224    -0.0429925     0.0410163
 19.7400000    -0.0220084    -0.0475226     0.0398251
 19.7600000    -0.0286908    -0.0515149     0.0383485
 19.7800000    -0.0356017    -0.0549350     0.0365961
 19.8000000    -0.0426646    -0.0577589     0.0345803
 19.8200000    -0.0497950    -0.0599732     0.0323165
 19.8400000    -0.0569014    -0.0615751     0.0298229
 19.8600000    -0.0638865    -0.0625716     0.0271205
 19.8800000    -0.0706484    -0.0629795     0.0242329
 19.9000000    -0.0770825    -0.0628242     0.0211862
 19.9200000    -0.0830824    -0.0621392     0.0180090
 19.9400000    -0.0885426    -0.0609651     0.0147314
 19.9600000    -0.0933597    -0.0593487     0.0113857
 19.9800000    -0.0974344    -0.0573416     0.0080050
 20.0000000    -0.1006736    -0.0549993     0.0046237
 20.0200000    -0.1029921    -0.0523801     0.0012764
 20.0400000    -0.1043142    -0.0495437    -0.0020021
 20.0600000    -0.1045759    -0.0465502    -0.0051776
 20.0800000    -0.1037260    -0.0434591    -0.0082168
 20.1000000    -0.1017273    -0.0403278    -0.0110880
 20.1200000    -0.0985584    -0.0372114    -0.0137610
 20.1400000    -0.0942140    -0.0341610    -0.0162084
 20.1600000    -0.0887057    -0.0312234    -0.0184053
 20.1800000    -0.0820622    -0.0284401    -0.0203300
 20.2000000    -0.0743299    -0.0258472    -0.0219644
 20.2200000    -0.0655719    -0.0234745    -0.0232942
 20.2400000    -0.0558677    -0.0213454    -0.0243091
 20.2600000    -0.0453127    -0.0194767    -0.0250029
 20.2800000    -0.0340164    -0.0178786    -0.0253738
 20.3000000    -0.0221014    -0.0165546    -0.0254245
 20.3200000    -0.0097015    -0.0155019    -0.0251617
 20.3400000     0.0030402    -0.0147116    -0.0245964
 20.3600000     0.0159733    -0.0141688    -0.0237438
 20.3800000     0.0289426    -0.0138538    -0.0226225
 20.4000000     0.0417902    -0.0137419    -0.0212547
 20.4200000     0.0543582    -0.0138043    -0.0196659
 20.4400000     0.0664910    -0.0140091    -0.0178837
 20.4600000     0.0780381    -0.0143215    -0.0159384
 20.4800000     0.0888559    -0.0147047    -0.0138615
 20.5000000     0.0988106    -0.0151208    -0.0116861
 20.5200000     0.1077800    -0.0155315    -0.0094454
 20.5400000     0.1156553    -0.0158986    -0.0071729
 20.5600000     0.1223432    -0.0161849    -0.0049016
 20.5800000     0.1277673    -0.0163549    -0.0026634
 20.6000000     0.1318686    -0.0163754    -0.0004886
 20.6200000     0.1346074    -0.0162159     0.0015945
 20.6400000     0.1359628    -0.0158492     0.0035600
 20.6600000     0.1359336    -0.0152522     0.0053849
 20.6800000     0.1345377    -0.0144054     0.0070491
 20.7000000     0.1318117    -0.0132943     0.0085363
 20.7200000     0.1278105    -0.0119087     0.0098334
 20.7400000     0.1226055    -0.0102434     0.0109311
 20.7600000     0.1162835    -0.0082980     0.0118238
 20.7800000     0.1089453    -0.0060771     0.0125096
 20.8000000     0.1007035    -0.0035898     0.0129901
 20.8200000     0.0916805    -0.0008504     0.0132703
 20.8400000     0.0820063     0.0021229     0.0133584
 20.8600000     0.0718164     0.0053074     0.0132654
 20.8800000     0.0612490     0.0086766     0.0130047
 20.9000000     0.0504433     0.0122004     0.0125920
 20.9200000     0.0395366     0.0158457     0.0120445
 20.9400000     0.0286623     0.0195768     0.0113808
 20.9600000     0.0179479     0.0233559     0.0106201
 20.9800000     0.0075128     0.0271432     0.0097820
 21.0000000    -0.0025333     0.0308982     0.0088859
 21.0200000    -0.0120918     0.0345796     0.0079507
 21.0400000    -0.0210766     0.0381459     0.0069942
 21.0600000    -0.0294153     0.0415563     0.0060329
 21.0800000    -0.0370493     0.0447709     0.0050813
 21.1000000    -0.0439348     0.0477512     0.0041524
 21.1200000    -0.0500426     0.0504609     0.0032565
 21.1400000    -0.0553581     0.0528661     0.0024017
 21.1600000    -0.0598806     0.0549357     0.0015936
 21.1800000    -0.0636225     0.0566422     0.0008354
 21.2000000    -0.0666087     0.0579615     0.0001276
 21.2200000    -0.0688750     0.0588738    -0.0005317
 21.2400000    -0.0704670     0.0593635    -0.0011465
 21.2600000    -0.0714385     0.0594197    -0.0017228
 21.2800000    -0.0718494     0.0590360    -0.0022684
 21.3000000    -0.0717647     0.0582112    -0.0027925
 21.3200000    -0.0712523     0.0569489    -0.0033054
 21.3400000    -0.0703810     0.0552577    -0.0038180
 21.3600000    -0.0692195     0.0531512    -0.0043415
 21.3800000    -0.0678339     0.0506479    -0.0048868
 21.4000000    -0.0662869     0.0477710    -0.0054646
 21.4200000    -0.0646358     0.0445481    -0.0060841
 21.4400000    -0.0629319     0.0410111    -0.0067535
 21.4600000    -0.0612190     0.0371959    -0.0074792
 21.4800000    -0.0595328     0.0331416    -0.0082654
 21.5000000    -0.0579002     0.0288906    -0.0091142
 21.5200000    -0.0563395     0.0244880    -0.0100251
 21.5400000    -0.0548596     0.0199808    -0.0109949
 21.5600000    -0.0534606     0.0154175    -0.0120176
 21.5800000    -0.0521341     0.0108478    -0.0130844
 21.6000000    -0.0508637     0.0063214    -0.0141839
 21.6200000    -0.0496262     0.0018880    -0.0153020
 21.6400000    -0.0483920    -0.0024038    -0.0164222
 21.6600000    -0.0471268    -0.0065069    -0.0175257
 21.6800000    -0.0457924    -0.0103764    -0.0185922
 21.7000000    -0.0443484    -0.0139702    -0.0195996
 21.7200000    -0.0427532    -0.0172494    -0.0205250
 21.7400000    -0.0409660    -0.0201793    -0.0213449
 21.7600000    -0.0389477    -0.0227293    -0.0220355
 21.7800000    -0.0366622    -0.0248739    -0.0225737
 21.8000000    -0.0340782    -0.0265928    -0.0229373
 21.8200000    -0.0311697    -0.0278712    -0.0231056
 21.8400000    -0.0279177    -0.0287001    -0.0230599
 21.8600000    -0.0243104    -0.0290766    -0.0227840
 21.8800000    -0.0203442    -0.0290037    -0.0222647
 21.9000000    -0.0160240    -0.0284907    -0.0214920
 21.9200000    -0.0113636    -0.0275526    -0.0204599
 21.9400000    -0.0063859    -0.0262105    -0.0191662
 21.9600000    -0.0011221    -0.0244909    -0.0176129
 21.9800000     0.0043881    -0.0224254    -0.0158064
 22.0000000     0.0100974    -0.0200504    -0.0137576
 22.0200000     0.0159516    -0.0174066    -0.0114818
 22.0400000     0.0218905    -0.0145383    -0.0089984
 22.0600000     0.0278491    -0.0114929    -0.0063310
 22.0800000     0.0337590    -0.0083199    -0.0035072
 22.1000000     0.0395494    -0.0050706    -0.0005578
 22.1200000     0.0451486    -0.0017970     0.0024833
 22.1400000     0.0504857     0.0014489     0.0055795
 22.1600000     0.0554914     0.0046159     0.0086925
 22.1800000     0.0601003     0.0076542     0.0117824
 22.2000000     0.0642513     0.0105166     0.0148087
 22.2200000     0.0678895     0.0131587     0.0177306
 22.2400000     0.0709669     0.0155402     0.0205081
 22.2600000     0.0734435     0.0176248     0.0231025
 22.2800000     0.0752884     0.0193815     0.0254770
 22.3000000     0.0764799     0.0207844     0.0275972
 22.3200000     0.0770061     0.0218139     0.0294322
 22.3400000     0.0768654     0.0224560     0.0309546
 22.3600000     0.0760661     0.0227035     0.0321414
 22.3800000     0.0746263     0.0225552     0.0329743
 22.4000000     0.0725737     0.0220167     0.0334399
 22.4200000     0.0699445     0.0210995     0.0335303
 22.4400000     0.0667833     0.0198213     0.0332429
 22.4600000     0.0631415     0.0182056     0.0325808
 22.4800000     0.0590766     0.0162808     0.0315526
 22.5000000     0.0546508     0.0140805     0.0301724
 22.5200000     0.0499298     0.0116419     0.0284595
 22.5400000     0.0449814     0.0090060     0.0264383
 22.5600000     0.0398743     0.0062162     0.0241376
 22.5800000     0.0346764     0.0033179     0.0215906
 22.6000000     0.0294538     0.0003577     0.0188339
 22.6200000     0.0242695    -0.0026179     0.0159072
 22.6400000     0.0191818    -0.0055628     0.0128526
 22.6600000     0.0142438    -0.0084324     0.0097138
 22.6800000     0.0095024    -0.0111843     0.0065357
 22.7000000     0.0049971    -0.0137792     0.0033633
 22.7200000     0.0007599    -0.0161813     0.0002411
 22.7400000    -0.0031852    -0.0183592    -0.0027873
 22.7600000    -0.0068224    -0.0202863    -0.0056804
 22.7800000    -0.0101443    -0.0219415    -0.0083993
 22.8000000    -0.0131512    -0.0233088    -0.0109078
 22.8200000    -0.0158514    -0.0243785    -0.0131739
 22.8400000    -0.0182598    -0.0251466    -0.0151694
 22.8600000    -0.0203980    -0.0256151    -0.0168707
 22.8800000    -0.0222928    -0.0257917    -0.0182593
 22.9000000    -0.0239753    -0.0256899    -0.0193217
 22.9200000    -0.0254801    -0.0253283    -0.0200495
 22.9400000    -0.0268439    -0.0247301    -0.0204400
 22.9600000    -0.0281043    -0.0239231    -0.0204955
 22.9800000    -0.0292984    -0.0229385    -0.0202237
 23.0000000    -0.0304621    -0.0218103    -0.0196369
 23.0200000    -0.0316284    -0.0205750    -0.0187525
 23.0400000    -0.0328265    -0.0192701    -0.0175919
 23.0600000    -0.0340810    -0.0179338    -0.0161804
 23.0800000    -0.0354108    -0.0166042    -0.0145467
 23.1000000    -0.0368285    -0.0153180    -0.0127223
 23.1200000    -0.0383398    -0.0141100    -0.0107409
 23.1400000    -0.0399432    -0.0130124    -0.0086377
 23.1600000    -0.0416298    -0.0120542    -0.0064491
 23.1800000    -0.0433834    -0.0112600    -0.0042115
 23.2000000    -0.0451804    -0.0106502    -0.0019614
 23.2200000    -0.0469907    -0.0102398     0.0002659
 23.2400000    -0.0487778    -0.0100389     0.0024363
 23.2600000    -0.0505001    -0.0100514     0.0045180
 23.2800000    -0.0521113    -0.0102760     0.0064815
 23.3000000    -0.0535617    -0.0107053     0.0083001
 23.3200000    -0.0547994    -0.0113265     0.0099506
 23.3400000    -0.0557714    -0.0121213     0.0114133
 23.3600000    -0.0564253    -0.0130664     0.0126721
 23.3800000    -0.0567100    -0.0141339     0.0137152
 23.4000000    -0.0565777    -0.0152920     0.0145343
 23.4200000    -0.0559847    -0.0165054     0.0151255
 23.4400000    -0.0548930    -0.0177364     0.0154887
 23.4600000    -0.0532714    -0.0189451     0.0156273
 23.4800000    -0.0510961    -0.0200910     0.0155486
 23.5000000    -0.0483524    -0.0211332     0.0152628
 23.5200000    -0.0450346    -0.0220316     0.0147833
 23.5400000    -0.0411473    -0.0227477     0.0141257
 23.5600000    -0.0367049    -0.0232456     0.0133080
 23.5800000    -0.0317327    -0.0234923     0.0123498
 23.6000000    -0.0262659    -0.0234590     0.0112718
 23.6200000    -0.0203501    -0.0231217     0.0100957
 23.6400000    -0.0140401    -0.0224615     0.0088431
 23.6600000    -0.0073998    -0.0214652     0.0075359
 23.6800000    -0.0005009    -0.0201257     0.0061950
 23.7000000     0.0065783    -0.0184426     0.0048406
 23.7200000     0.0137535    -0.0164216     0.0034915
 23.7400000     0.0209364    -0.0140751     0.0021647
 23.7600000     0.0280360    -0.0114221     0.0008754
 23.7800000     0.0349600    -0.0084874    -0.0003634
 23.8000000     0.0416167    -0.0053019    -0.0015410
 23.8200000     0.0479161    -0.0019018    -0.0026490
 23.8400000     0.0537723     0.0016723    -0.0036816
 23.8600000     0.0591041     0.0053753    -0.0046352
 23.8800000     0.0638373     0.0091590    -0.0055088
 23.9000000     0.0679056     0.0129729    -0.0063034
 23.9200000     0.0712520     0.0167648    -0.0070220
 23.9400000     0.0738299     0.0204818    -0.0076697
 23.9600000     0.0756036     0.0240714    -0.0082527
 23.9800000     0.0765497     0.0274823    -0.0087788
 24.0000000     0.0766568     0.0306654    -0.0092564
 24.0200000     0.0759264     0.0335745    -0.0096948
 24.0400000     0.0743723     0.0361676    -0.0101034
 24.0600000     0.0720210     0.0384069    -0.0104913
 24.0800000     0.0689107     0.0402601    -0.0108676
 24.1000000     0.0650911     0.0417008    -0.0112404
 24.1200000     0.0606222     0.0427090    -0.0116166
 24.1400000     0.0555735     0.0432711    -0.0120023
 24.1600000     0.0500225     0.0433809    -0.0124016
 24.1800000     0.0440539     0.0430387    -0.0128172
 24.2000000     0.0377572     0.0422522    -0.0132499
 24.2200000     0.0312261     0.0410357    -0.0136986
 24.2400000     0.0245562     0.0394102    -0.0141602
 24.2600000     0.0178438     0.0374028    -0.0146299
 24.2800000     0.0111840     0.0350462    -0.0151007
 24.3000000     0.0046690     0.0323784    -0.0155643
 24.3200000    -0.0016131     0.0294414    -0.0160105
 24.3400000    -0.0075801     0.0262809    -0.0164280
 24.3600000    -0.0131568     0.0229454    -0.0168044
 24.3800000    -0.0182761     0.0194854    -0.0171262
 24.4000000    -0.0228805     0.0159521    -0.0173799
 24.4200000    -0.0269224     0.0123970    -0.0175514
 24.4400000    -0.0303649     0.0088707    -0.0176272
 24.4600000    -0.0331825     0.0054222    -0.0175939
 24.4800000    -0.0353608     0.0020979    -0.0174394
 24.5000000    -0.0368970    -0.0010590    -0.0171525
 24.5200000    -0.0377995    -0.0040091    -0.0167238
 24.5400000    -0.0380873    -0.0067178    -0.0161456
 24.5600000    -0.0377896    -0.0091554    -0.0154122
 24.5800000    -0.0369453    -0.0112977    -0.0145204
 24.6000000    -0.0356012    -0.0131262    -0.0134694
 24.6200000    -0.0338120    -0.0146282    -0.0122609
 24.6400000    -0.0316381    -0.0157973    -0.0108996
 24.6600000    -0.0291451    -0.0166328    -0.0093925
 24.6800000    -0.0264019    -0.0171398    -0.0077495
 24.7000000    -0.0234795    -0.0173288    -0.0059832
 24.7200000    -0.0204497    -0.0172154    -0.0041086
 24.7400000    -0.0173835    -0.0168201    -0.0021426
 24.7600000    -0.0143499    -0.0161670    -0.0001047
 24.7800000    -0.0114145    -0.0152842     0.0019842
 24.8000000    -0.0086385    -0.0142021     0.0041019
 24.8200000    -0.0060773    -0.0129534     0.0062249
 24.8400000    -0.0037798    -0.0115724     0.0083290
 24.8600000    -0.0017878    -0.0100935     0.0103900
 24.8800000    -0.0001349    -0.0085515     0.0123837
 24.9000000     0.0011537    -0.0069801     0.0142864
 24.9200000     0.0020615    -0.0054115     0.0160754
 24.9400000     0.0025809    -0.0038762     0.0177293
 24.9600000     0.0027130    -0.0024015     0.0192287
 24.9800000     0.0024675    -0.0010120     0.0205559
 25.0000000     0.0018622     0.0002714     0.0216959
 25.0200000     0.0009226     0.0014315     0.0226363
 25.0400000    -0.0003190     0.0024552     0.0233675
 25.0600000    -0.0018240     0.0033335     0.0238830
 25.0800000    -0.0035489     0.0040616     0.0241796
 25.1000000    -0.0054456     0.0046387     0.0242571
 25.1200000    -0.0074631     0.0050678     0.0241188
 25.1400000    -0.0095481     0.0053558     0.0237710
 25.1600000    -0.0116466     0.0055127     0.0232231
 25.1800000    -0.0137045     0.0055513     0.0224876
 25.2000000    -0.0156690     0.0054870     0.0215794
 25.2200000    -0.0174893     0.0053370     0.0205159
 25.2400000    -0.0191182     0.0051198     0.0193166
 25.2600000    -0.0205121     0.0048547     0.0180028
 25.2800000    -0.0216327     0.0045614     0.0165971
 25.3000000    -0.0224469     0.0042588     0.0151230
 25.3200000    -0.0229277     0.0039651     0.0136045
 25.3400000    -0.0230548     0.0036973     0.0120659
 25.3600000    -0.0228145     0.0034700     0.0105309
 25.3800000    -0.0222001     0.0032958     0.0090226
 25.4000000    -0.0212119     0.0031846     0.0075628
 25.4200000    -0.0198571     0.0031432     0.0061719
 25.4400000    -0.0181494     0.0031753     0.0048683
 25.4600000    -0.0161088     0.0032814     0.0036682
 25.4800000    -0.0137613     0.0034587     0.0025853
 25.5000000    -0.0111379     0.0037013     0.0016307
 25.5200000    -0.0082746     0.0039999     0.0008124
 25.5400000    -0.0052108     0.0043426     0.0001357
 25.5600000    -0.0019897     0.0047151    -0.0003974
 25.5800000     0.0013436     0.0051006    -0.0007878
 25.6000000     0.0047422     0.0054808    -0.0010395
 25.6200000     0.0081585     0.0058362    -0.0011592
 25.6400000     0.0115450     0.0061465    -0.0011565
 25.6600000     0.0148548     0.0063911    -0.0010433
 25.6800000     0.0180428     0.0065501    -0.0008338
 25.7000000     0.0210661     0.0066042    -0.0005442
 25.7200000     0.0238848     0.0065359    -0.0001920
 25.7400000     0.0264621     0.0063295     0.0002039
 25.7600000     0.0287656     0.0059718     0.0006239
 25.7800000     0.0307670     0.0054527     0.0010479
 25.8000000     0.0324427     0.0047652     0.0014560
 25.8200000     0.0337740     0.0039059     0.0018286
 25.8400000     0.0347472     0.0028752     0.0021470
 25.8600000     0.0353538     0.0016774     0.0023937
 25.8800000     0.0355901     0.0003209     0.0025527
 25.9000000     0.0354577    -0.0011822     0.0026101
 25.9200000     0.0349628    -0.0028158     0.0025539
 25.9400000     0.0341159    -0.0045605     0.0023748
 25.9600000     0.0329321    -0.0063935     0.0020661
 25.9800000     0.0314302    -0.0082889     0.0016237
 26.0000000     0.0296323    -0.0102189     0.0010466
 26.0200000     0.0275639    -0.0121534     0.0003366
 26.0400000     0.0252527    -0.0140611    -0.0005016
 26.0600000     0.0227289    -0.0159099    -0.0014605
 26.0800000     0.0200240    -0.0176678    -0.0025297
 26.1000000     0.0171711    -0.0193032    -0.0036965
 26.1200000     0.0142038    -0.0207858    -0.0049458
 26.1400000     0.0111560    -0.0220868    -0.0062605
 26.1600000     0.0080615    -0.0231804    -0.0076217
 26.1800000     0.0049539    -0.0240432    -0.0090093
 26.2000000     0.0018655    -0.0246556    -0.0104020
 26.2200000    -0.0011721    -0.0250020    -0.0117779
 26.2400000    -0.0041293    -0.0250707    -0.0131150
 26.2600000    -0.0069776    -0.0248550    -0.0143913
 26.2800000    -0.0096910    -0.0243527    -0.0155854
 26.3000000    -0.0122452    -0.0235666    -0.0166770
 26.3200000    -0.0146183    -0.0225043    -0.0176471
 26.3400000    -0.0167909    -0.0211782    -0.0184781
 26.3600000    -0.0187459    -0.0196053    -0.0191549
 26.3800000    -0.0204689    -0.0178069    -0.0196642
 26.4000000    -0.0219478    -0.0158084    -0.0199956
 26.4200000    -0.0231733    -0.0136384    -0.0201413
 26.4400000    -0.0241387    -0.0113288    -0.0200962
 26.4600000    -0.0248397    -0.0089136    -0.0198585
 26.4800000    -0.0252747    -0.0064289    -0.0194293
 26.5000000    -0.0254444    -0.0039117    -0.0188125
 26.5200000    -0.0253520    -0.0013995    -0.0180152
 26.5400000    -0.0250031     0.0010703    -0.0170473
 26.5600000    -0.0244055     0.0034615    -0.0159214
 26.5800000    -0.0235694     0.0057392    -0.0146524
 26.6000000    -0.0225069     0.0078711    -0.0132576
 26.6200000    -0.0212321     0.0098274    -0.0117561
 26.6400000    -0.0197612     0.0115818    -0.0101689
 26.6600000    -0.0181119     0.0131118    -0.0085178
 26.6800000    -0.0163038     0.0143992    -0.0068258
 26.7000000    -0.0143579     0.0154301    -0.0051164
 26.7200000    -0.0122966     0.0161955    -0.0034132
 26.7400000    -0.0101432     0.0166913    -0.0017395
 26.7600000    -0.0079223     0.0169180    -0.0001179
 26.7800000    -0.0056591     0.0168810     0.0014299
 26.8000000    -0.0033794     0.0165904     0.0028836
 26.8200000    -0.0011093     0.0160607     0.0042247
 26.8400000     0.0011253     0.0153100     0.0054365
 26.8600000     0.0032984     0.0143606     0.0065046
 26.8800000     0.0053847     0.0132373     0.0074173
 26.9000000     0.0073596     0.0119679     0.0081653
 26.9200000     0.0091998     0.0105820     0.0087420
 26.9400000     0.0108831     0.0091104     0.0091440
 26.9600000     0.0123892     0.0075849     0.0093703
 26.9800000     0.0136998     0.0060372     0.0094234
 27.0000000     0.0147988     0.0044983     0.0093080
 27.0200000     0.0156725     0.0029981     0.0090319
 27.0400000     0.0163101     0.0015649     0.0086053
 27.0600000     0.0167038     0.0002244     0.0080409
 27.0800000     0.0168486    -0.0010004     0.0073534
 27.1000000     0.0167431    -0.0020896     0.0065594
 27.1200000     0.0163890    -0.0030270     0.0056772
 27.1400000     0.0157916    -0.0038002     0.0047261
 27.1600000     0.0149594    -0.0044007     0.0037266
 27.1800000     0.0139041    -0.0048242     0.0026997
 27.2000000     0.0126410    -0.0050703     0.0016666
 27.2200000     0.0111881    -0.0051428     0.0006485
 27.2400000     0.0095662    -0.0050490    -0.0003339
 27.2600000     0.0077989    -0.0048001    -0.0012608
 27.2800000     0.0059117    -0.0044102    -0.0021133
 27.3000000     0.0039324    -0.0038964    -0.0028741
 27.3200000     0.0018898    -0.0032781    -0.0035273
 27.3400000    -0.0001859    -0.0025765    -0.0040590
 27.3600000    -0.0022642    -0.0018144    -0.0044576
 27.3800000    -0.0043143    -0.0010149    -0.0047136
 27.4000000    -0.0063057    -0.0002018    -0.0048197
 27.4200000    -0.0082092     0.0006018    -0.0047715
 27.4400000    -0.0099964     0.0013735    -0.0045668
 27.4600000    -0.0116410     0.0020924    -0.0042061
 27.4800000    -0.0131190     0.0027396    -0.0036924
 27.5000000    -0.0144088     0.0032983    -0.0030311
 27.5200000    -0.0154921     0.0037546    -0.0022299
 27.5400000    -0.0163537     0.0040976    -0.0012988
 27.5600000    -0.0169820     0.0043194    -0.0002497
 27.5800000    -0.0173691     0.0044158     0.0009035
 27.6000000    -0.0175112     0.0043860     0.0021456
 27.6200000    -0.0174082     0.0042324     0.0034598
 27.6400000    -0.0170639     0.0039611     0.0048284
 27.6600000    -0.0164862     0.0035812     0.0062327
 27.6800000    -0.0156864     0.0031047     0.0076538
 27.7000000    -0.0146794     0.0025465     0.0090723
 27.7200000    -0.0134830     0.0019234     0.0104690
 27.7400000    -0.0121182     0.0012544     0.0118248
 27.7600000    -0.0106080     0.0005596     0.0131215
 27.7800000    -0.0089777    -0.0001400     0.0143415
 27.8000000    -0.0072537    -0.0008230     0.0154685
 27.8200000    -0.0054637    -0.0014682     0.0164873
 27.8400000    -0.0036357    -0.0020553     0.0173843
 27.8600000    -0.0017976    -0.0025648     0.0181476
 27.8800000     0.0000232    -0.0029795     0.0187669
 27.9000000     0.0018007    -0.0032838     0.0192338
 27.9200000     0.0035100    -0.0034651     0.0195422
 27.9400000     0.0051288    -0.0035134     0.0196876
 27.9600000     0.0066367    -0.0034220     0.0196678
 27.9800000     0.0080164    -0.0031876     0.0194824
 28.0000000     0.0092536    -0.0028103     0.0191333
 28.0200000     0.0103372    -0.0022937     0.0186240
 28.0400000     0.0112594    -0.0016451     0.0179600
 28.0600000     0.0120161    -0.0008749     0.0171484
 28.0800000     0.0126065     0.0000032     0.0161981
 28.1000000     0.0130332     0.0009724     0.0151190
 28.1200000     0.0133021     0.0020137     0.0139227
 28.1400000     0.0134219     0.0031056     0.0126215
 28.1600000     0.0134042     0.0042250     0.0112289
 28.1800000     0.0132629     0.0053477     0.0097589
 28.2000000     0.0130138     0.0064486     0.0082260
 28.2200000     0.0126742     0.0075026     0.0066451
 28.2400000     0.0122626     0.0084850     0.0050311
 28.2600000     0.0117978     0.0093718     0.0033988
 28.2800000     0.0112988     0.0101409     0.0017629
 28.3000000     0.0107843     0.0107718     0.0001375
 28.3200000     0.0102719     0.0112468    -0.0014637
 28.3400000     0.0097778     0.0115509    -0.0030281
 28.3600000     0.0093166     0.0116724    -0.0045436
 28.3800000     0.0089006     0.0116032    -0.0059991
 28.4000000     0.0085395     0.0113389    -0.0073847
 28.4200000     0.0082406     0.0108789    -0.0086917
 28.4400000     0.0080079     0.0102269    -0.0099123
 28.4600000     0.0078426     0.0093902    -0.0110402
 28.4800000     0.0077428     0.0083800    -0.0120702
 28.5000000     0.0077035     0.0072115    -0.0129985
 28.5200000     0.0077168     0.0059028    -0.0138222
 28.5400000     0.0077721     0.0044753    -0.0145401
 28.5600000     0.0078563     0.0029531    -0.0151517
 28.5800000     0.0079541     0.0013623    -0.0156580
 28.6000000     0.0080487    -0.0002693    -0.0160606
 28.6200000     0.0081217    -0.0019126    -0.0163624
 28.6400000     0.0081542    -0.0035381    -0.0165670
 28.6600000     0.0081266    -0.0051164    -0.0166789
 28.6800000     0.0080198    -0.0066187    -0.0167031
 28.7000000     0.0078154    -0.0080172    -0.0166452
 28.7200000     0.0074962    -0.0092863    -0.0165113
 28.7400000     0.0070468    -0.0104022    -0.0163079
 28.7600000     0.0064541    -0.0113442    -0.0160416
 28.7800000     0.0057076    -0.0120948    -0.0157192
 28.8000000     0.0047999    -0.0126398    -0.0153474
 28.8200000     0.0037270    -0.0129692    -0.0149332
 28.8400000     0.0024886    -0.0130767    -0.0144831
 28.8600000     0.0010882    -0.0129604    -0.0140034
 28.8800000    -0.0004670    -0.0126225    -0.0135002
 28.9000000    -0.0021657    -0.0120696    -0.0129791
 28.9200000    -0.0039927    -0.0113122    -0.0124455
 28.9400000    -0.0059295    -0.0103645    -0.0119040
 28.9600000    -0.0079540    -0.0092446    -0.0113589
 28.9800000    -0.0100409    -0.0079736    -0.0108139
 29.0000000    -0.0121625    -0.0065754    -0.0102719
 29.0200000    -0.0142888    -0.0050764    -0.0097356
 29.0400000    -0.0163883    -0.0035046    -0.0092067
 29.0600000    -0.0184283    -0.0018893    -0.0086868
 29.0800000    -0.0203758    -0.0002606    -0.0081765
 29.1000000    -0.0221978     0.0013515    -0.0076760
 29.1200000    -0.0238625     0.0029174    -0.0071852
 29.1400000    -0.0253391     0.0044085    -0.0067033
 29.1600000    -0.0265994     0.0057980    -0.0062291
 29.1800000    -0.0276176     0.0070611    -0.0057611
 29.2000000    -0.0283712     0.0081757    -0.0052975
 29.2200000    -0.0288415     0.0091226    -0.0048362
 29.2400000    -0.0290140     0.0098861    -0.0043750
 29.2600000    -0.0288787     0.0104540    -0.0039114
 29.2800000    -0.0284302     0.0108181    -0.0034431
 29.3000000    -0.0276682     0.0109740    -0.0029675
 29.3200000    -0.0265976     0.0109213    -0.0024823
 29.3400000    -0.0252280     0.0106638    -0.0019852
 29.3600000    -0.0235739     0.0102089    -0.0014742
 29.3800000    -0.0216548     0.0095678    -0.0009475
 29.4000000    -0.0194941     0.0087550    -0.0004035
 29.4200000    -0.0171196     0.0077880     0.0001589
 29.4400000    -0.0145623     0.0066870     0.0007405
 29.4600000    -0.0118562     0.0054745     0.0013416
 29.4800000    -0.0090378     0.0041747     0.0019621
 29.5000000    -0.0061451     0.0028128     0.0026014
 29.5200000    -0.0032171     0.0014150     0.0032586
 29.5400000    -0.0002933     0.0000074     0.0039319
 29.5600000     0.0025873    -0.0013842     0.0046193
 29.5800000     0.0053871    -0.0027349     0.0053183
 29.6000000     0.0080698    -0.0040212     0.0060259
 29.6200000     0.0106020    -0.0052215     0.0067386
 29.6400000     0.0129530    -0.0063163     0.0074524
 29.6600000     0.0150960    -0.0072891     0.0081632
 29.6800000     0.0170079    -0.0081259     0.0088663
 29.7000000     0.0186703    -0.0088161     0.0095569
 29.7200000     0.0200693    -0.0093522     0.0102298
 29.7400000     0.0211961    -0.0097305     0.0108800
 29.7600000     0.0220466    -0.0099502     0.0115019
 29.7800000     0.0226220    -0.0100142     0.0120902
 29.8000000     0.0229282    -0.0099286     0.0126395
 29.8200000     0.0229758    -0.0097022     0.0131448
 29.8400000     0.0227799    -0.0093469     0.0136008
 29.8600000     0.0223592    -0.0088769     0.0140029
 29.8800000     0.0217365    -0.0083084     0.0143465
 29.9000000     0.0209371    -0.0076593     0.0146275
 29.9200000     0.0199888    -0.0069488     0.0148423
 29.9400000     0.0189214    -0.0061967     0.0149877
 29.9600000     0.0177655    -0.0054233     0.0150610

PDF 1 in G(r) format
  r, PDF (RMC), PDF (Expt)
 CURVES
         381 ,           2
      0.0200000       -0.3914600       -0.3914600
      0.0400000       -0.3914600       -0.3914600
      0.0600000       -0.3914600       -0.3914600
      0.0800000       -0.3914600       -0.3914600
      0.1000000       -0.3914600       -0.3914600
      0.1200000       -0.3914600       -0.3914600
      0.1400000       -0.3914600       -0.3914600
      0.1600000       -0.3914600       -0.3914600
      0.1800000       -0.3914600       -0.3914600
      0.2000000       -0.3914600       -0.3914600
      0.2200000       -0.3914600       -0.3914600
      0.2400000       -0.3914600       -0.3914600
      0.2600000       -0.3914600       -0.3914600
      0.2800000       -0.3914600       -0.3914600
      0.3000000       -0.3914600       -0.3914600
      0.3200000       -0.3914600       -0.3914600
      0.3400000       -0.3914600       -0.3914600
      0.3600000       -0.3914600       -0.3914600
      0.3800000       -0.3914600       -0.3914600
      0.4000000       -0.3914600       -0.3914600
      0.4200000       -0.3914600       -0.3914600
      0.4400000       -0.3914600       -0.3914600
      0.4600000       -0.3914600       -0.3914600
      0.4800000       -0.3914600       -0.3914600
      0.5000000       -0.3914600       -0.3914600
      0.5200000       -0.3914600       -0.3914600
      0.5400000       -0.3914600       -0.3914600
      0.5600000       -0.3914600       -0.3914600
      0.5800000       -0.3914600       -0.3914600
      0.6000000       -0.3914600       -0.3914600
      0.6200000       -0.3914600       -0.3914600
      0.6400000       -0.3914600       -0.3914600
      0.6600000       -0.3914600       -0.3914600
      0.6800000       -0.3914600       -0.3914600
      0.7000000       -0.3914600       -0.3914600
      0.7200000       -0.3914600       -0.3914600
      0.7400000       -0.3914600       -0.3914600
      0.7600000       -0.3914600       -0.3914600
      0.7800000       -0.3914600       -0.3914600
      0.8000000       -0.3914600       -0.3914600
      0.8200000       -0.3914600       -0.3914600
      0.8400000       -0.3914600       -0.3914600
      0.8600000       -0.3914600       -0.3914600
      0.8800000       -0.3914600       -0.3914600
      0.9000000       -0.3914600       -0.3914600
      0.9200000       -0.3914600       -0.3914600
      0.9400000       -0.3914600       -0.3914600
      0.9600000       -0.3914600       -0.3914600
      0.9800000       -0.3914600       -0.3914600
      1.0000000       -0.3914600       -0.3914600
      1.0200000       -0.3914600       -0.3754506
      1.0400000       -0.3914600       -0.3857189
      1.0600000       -0.3914600       -0.3975952
      1.0800000       -0.3914600       -0.4069307
      1.1000000       -0.3914600       -0.4105226
      1.1200000       -0.3914600       -0.4072057
      1.1400000       -0.3914600       -0.3982273
      1.1600000       -0.3914600       -0.3867874
      1.1800000       -0.3914600       -0.3769086
      1.2000000       -0.3914600       -0.3720333
      1.2200000       -0.3914600       -0.3738311
      1.2400000       -0.3914600       -0.3816289
      1.2600000       -0.3914600       -0.3926560
      1.2800000       -0.3914600       -0.4030178
      1.3000000       -0.3914600       -0.4090596
      1.3200000       -0.3914600       -0.4086469
      1.3400000       -0.3914600       -0.4019181
      1.3600000       -0.3914600       -0.3912442
      1.3800000       -0.3914600       -0.3804058
      1.4000000       -0.3914600       -0.3732689
      1.4200000       -0.3914600       -0.3724175
      1.4400000       -0.3914600       -0.3782214
      1.4600000       -0.3914600       -0.3886739
      1.4800000       -0.3914600       -0.4000678
      1.5000000       -0.3914600       -0.4082892
      1.5200000       -0.3914600       -0.4102849
      1.5400000       -0.3914600       -0.4051885
      1.5600000       -0.3914600       -0.3946958
      1.5800000       -0.3914600       -0.3825316
      1.6000000       -0.3914600       -0.3731657
      1.6200000       -0.3914600       -0.3702056
      1.6400000       -0.3914600       -0.3750272
      1.6600000       -0.3914600       -0.3861479
      1.6800000       -0.3914600       -0.3996093
      1.7000000       -0.3914600       -0.4102957
      1.7200000       -0.3914600       -0.4137784
      1.7400000       -0.3914600       -0.4080595
      1.7600000       -0.3914600       -0.3945725
      1.7800000       -0.3914600       -0.3779998
      1.8000000       -0.3914600       -0.3648309
      1.8200000       -0.3914600       -0.3610053
      1.8400000       -0.3914600       -0.3693201
      1.8600000       -0.3223383       -0.3874306
      1.8800000       -0.3238011       -0.4071637
      1.9000000       -0.3914600       -0.4155243
      1.9200000       -0.3590254       -0.3972961
      1.9400000       -0.3279214       -0.3386582
      1.9600000       -0.1113418       -0.2309034
      1.9800000       -0.0559748       -0.0732606
      2.0000000        0.0868078        0.1259762
      2.0200000        0.3411089        0.3503764
      2.0400000        0.5853944        0.5781787
      2.0600000        0.7073978        0.7862936
      2.0800000        0.9627337        0.9545099
      2.1000000        1.0455134        1.0688817
      2.1200000        1.0185288        1.1235203
      2.1400000        1.0706231        1.1204764
      2.1600000        1.1205552        1.0679279
      2.1800000        0.9419834        0.9773323
      2.2000000        0.9178493        0.8604364
      2.2200000        0.7245387        0.7269936
      2.2400000        0.5617219        0.5837500
      2.2600000        0.4044683        0.4348135
      2.2800000        0.2755622        0.2830696
      2.3000000        0.1283973        0.1319773
      2.3200000       -0.0360284       -0.0130134
      2.3400000       -0.1075872       -0.1440278
      2.3600000       -0.1205038       -0.2515706
      2.3800000       -0.2305812       -0.3263864
      2.4000000       -0.2540095       -0.3618224
      2.4200000       -0.1911587       -0.3559400
      2.4400000       -0.2020303       -0.3126665
      2.4600000       -0.2953473       -0.2415488
      2.4800000       -0.2180839       -0.1560808
      2.5000000       -0.2053366       -0.0710038
      2.5200000        0.0206969        0.0007117
      2.5400000        0.0142318        0.0503981
      2.5600000        0.0522930        0.0750742
      2.5800000        0.0891297        0.0773548
      2.6000000        0.0530842        0.0639854
      2.6200000        0.1734216        0.0434902
      2.6400000       -0.0159202        0.0236476
      2.6600000       -0.0626477        0.0095209
      2.6800000       -0.0270466        0.0025617
      2.7000000        0.0340626        0.0009493
      2.7200000        0.0016224        0.0009432
      2.7400000        0.0217293       -0.0012778
      2.7600000       -0.0096887       -0.0079377
      2.7800000        0.0099246       -0.0187116
      2.8000000       -0.0576126       -0.0307994
      2.8200000       -0.0501413       -0.0399755
      2.8400000       -0.0308939       -0.0422391
      2.8600000       -0.0359191       -0.0354916
      2.8800000       -0.0057780       -0.0206576
      2.9000000       -0.0456595       -0.0018476
      2.9200000        0.0405744        0.0145330
      2.9400000       -0.0325746        0.0214829
      2.9600000       -0.0152798        0.0134078
      2.9800000       -0.0530605       -0.0121848
      3.0000000       -0.0683285       -0.0538185
      3.0200000       -0.0832231       -0.1062850
      3.0400000       -0.0453076       -0.1619246
      3.0600000       -0.1533456       -0.2125806
      3.0800000       -0.1870843       -0.2516563
      3.1000000       -0.2603244       -0.2756814
      3.1200000       -0.3815016       -0.2849442
      3.1400000       -0.3324681       -0.2830327
      3.1600000       -0.3429204       -0.2754498
      3.1800000       -0.2951903       -0.2677378
      3.2000000       -0.3103887       -0.2636824
      3.2200000       -0.2833441       -0.2641253
      3.2400000       -0.2662059       -0.2667261
      3.2600000       -0.2348429       -0.2667220
      3.2800000       -0.3005877       -0.2584435
      3.3000000       -0.2657004       -0.2371288
      3.3200000       -0.1739307       -0.2005043
      3.3400000       -0.1323401       -0.1496828
      3.3600000        0.0054354       -0.0891345
      3.3800000       -0.0097136       -0.0257569
      3.4000000        0.0223790        0.0326837
      3.4200000        0.1574730        0.0793073
      3.4400000        0.0781512        0.1096068
      3.4600000        0.1574928        0.1223015
      3.4800000        0.0423823        0.1193832
      3.5000000        0.0828836        0.1054018
      3.5200000        0.0919719        0.0862292
      3.5400000        0.1183092        0.0676499
      3.5600000        0.0245697        0.0541302
      3.5800000       -0.0082853        0.0480351
      3.6000000        0.1345585        0.0494138
      3.6200000        0.1108061        0.0563262
      3.6400000        0.0693788        0.0655549
      3.6600000        0.0401693        0.0734941
      3.6800000        0.0762943        0.0770038
      3.7000000        0.0225660        0.0740744
      3.7200000        0.0781998        0.0642189
      3.7400000        0.0792839        0.0485783
      3.7600000       -0.0460883        0.0297696
      3.7800000        0.0311501        0.0115199
      3.8000000        0.0002256       -0.0018684
      3.8200000        0.0065234       -0.0061837
      3.8400000        0.0109332        0.0019498
      3.8600000        0.0182678        0.0243281
      3.8800000        0.0611040        0.0605446
      3.9000000        0.0920350        0.1076367
      3.9200000        0.1578306        0.1601494
      3.9400000        0.2087357        0.2107078
      3.9600000        0.2042235        0.2510952
      3.9800000        0.2306121        0.2736974
      4.0000000        0.3207054        0.2730554
      4.0200000        0.2381592        0.2471821
      4.0400000        0.2352894        0.1983045
      4.0600000        0.1157279        0.1327819
      4.0800000        0.0798874        0.0601295
      4.1000000       -0.0015956       -0.0087122
      4.1200000       -0.0378353       -0.0635141
      4.1400000       -0.1145014       -0.0968273
      4.1600000       -0.0344026       -0.1054926
      4.1800000       -0.0729990       -0.0912125
      4.2000000       -0.0727092       -0.0600241
      4.2200000       -0.0437844       -0.0207803
      4.2400000        0.0156766        0.0169978
      4.2600000        0.0731156        0.0453751
      4.2800000        0.0500867        0.0598041
      4.3000000        0.0161034        0.0600299
      4.3200000        0.0772753        0.0498839
      4.3400000       -0.0543354        0.0360380
      4.3600000        0.0450225        0.0260581
      4.3800000        0.1143816        0.0262711
      4.4000000       -0.0426013        0.0399992
      4.4200000        0.0994173        0.0666094
      4.4400000        0.1168534        0.1016013
      4.4600000        0.0817774        0.1376861
      4.4800000        0.1504221        0.1665528
      4.5000000        0.2184454        0.1808525
      4.5200000        0.1475755        0.1758985
      4.5400000        0.1746611        0.1506752
      4.5600000        0.0715697        0.1079475
      4.5800000        0.0387456        0.0535044
      4.6000000       -0.0184981       -0.0052128
      4.6200000       -0.0147572       -0.0607129
      4.6400000       -0.0926491       -0.1068803
      4.6600000       -0.1267835       -0.1399044
      4.6800000       -0.1639671       -0.1585594
      4.7000000       -0.1692109       -0.1638708
      4.7200000       -0.1339602       -0.1583652
      4.7400000       -0.1508354       -0.1451838
      4.7600000       -0.1375039       -0.1273327
      4.7800000       -0.1411271       -0.1072550
      4.8000000       -0.0418059       -0.0867727
      4.8200000       -0.0216139       -0.0673120
      4.8400000       -0.0743225       -0.0502306
      4.8600000       -0.0798013       -0.0370476
      4.8800000       -0.0960525       -0.0294277
      4.9000000       -0.0745020       -0.0288788
      4.9200000       -0.0730689       -0.0362446
      4.9400000        0.0338195       -0.0511725
      4.9600000       -0.1003564       -0.0717691
      4.9800000       -0.0527264       -0.0946213
      5.0000000       -0.1085088       -0.1152584
      5.0200000       -0.0891470       -0.1289938
      5.0400000       -0.1232567       -0.1319597
      5.0600000       -0.0689807       -0.1220701
      5.0800000       -0.0791316       -0.0996414
      5.1000000        0.0088561       -0.0674781
      5.1200000       -0.0216321       -0.0303662
      5.1400000       -0.0346122        0.0059273
      5.1600000        0.0285151        0.0359133
      5.1800000        0.0170237        0.0555883
      5.2000000       -0.0238317        0.0632901
      5.2200000        0.0533277        0.0599893
      5.2400000        0.0640189        0.0489505
      5.2600000        0.0360252        0.0348591
      5.2800000        0.0483355        0.0226444
      5.3000000        0.0111606        0.0163008
      5.3200000        0.0180520        0.0179976
      5.3400000       -0.0355621        0.0276840
      5.3600000        0.0462586        0.0432546
      5.3800000        0.0817921        0.0611980
      5.4000000        0.0784511        0.0775289
      5.4200000        0.0873925        0.0887463
      5.4400000        0.0722430        0.0925749
      5.4600000        0.0910672        0.0883264
      5.4800000        0.0482023        0.0768324
      5.5000000        0.0453461        0.0600249
      5.5200000        0.0113891        0.0403262
      5.5400000        0.0421822        0.0200477
      5.5600000        0.0165932        0.0009668
      5.5800000        0.0158906       -0.0158191
      5.6000000        0.0117112       -0.0297685
      5.6200000       -0.0423737       -0.0405921
      5.6400000       -0.0638414       -0.0479184
      5.6600000       -0.0589246       -0.0510801
      5.6800000       -0.0462743       -0.0491215
      5.7000000       -0.0129353       -0.0410498
      5.7200000       -0.0399958       -0.0262599
      5.7400000        0.0161828       -0.0049976
      5.7600000       -0.0214768        0.0213020
      5.7800000        0.0412559        0.0499365
      5.8000000        0.0382426        0.0771858
      5.8200000        0.1030093        0.0988649
      5.8400000        0.0886468        0.1110662
      5.8600000        0.1222554        0.1109220
      5.8800000        0.0895306        0.0972039
      5.9000000        0.0990754        0.0706172
      5.9200000        0.0060195        0.0337218
      5.9400000        0.0349254       -0.0094956
      5.9600000       -0.0926272       -0.0542914
      5.9800000       -0.0548375       -0.0959212
      6.0000000       -0.1216141       -0.1303216
      6.0200000       -0.1674086       -0.1545892
      6.0400000       -0.1066596       -0.1671985
      6.0600000       -0.1288315       -0.1679685
      6.0800000       -0.1640041       -0.1578476
      6.1000000       -0.1771481       -0.1386137
      6.1200000       -0.1185289       -0.1125819
      6.1400000       -0.0822321       -0.0823748
      6.1600000       -0.0187244       -0.0507633
      6.1800000       -0.0713295       -0.0205457
      6.2000000        0.0204928        0.0055916
      6.2200000        0.0003976        0.0252769
      6.2400000        0.0260781        0.0367322
      6.2600000        0.0066565        0.0390919
      6.2800000        0.0311139        0.0326826
      6.3000000        0.0327208        0.0191655
      6.3200000        0.0027892        0.0014511
      6.3400000        0.0045089       -0.0166544
      6.3600000       -0.0298227       -0.0310480
      6.3800000       -0.0471929       -0.0380767
      6.4000000       -0.0254990       -0.0352839
      6.4200000       -0.0056099       -0.0219857
      6.4400000        0.0123770        0.0004688
      6.4600000        0.0238269        0.0288337
      6.4800000        0.0560196        0.0584955
      6.5000000        0.0282108        0.0843006
      6.5200000        0.0773579        0.1015166
      6.5400000        0.0755192        0.1067325
      6.5600000        0.1421113        0.0985156
      6.5800000        0.0835631        0.0776963
      6.6000000        0.0385000        0.0472350
      6.6200000        0.0409252        0.0117079
      6.6400000       -0.0214164       -0.0234742
      6.6600000       -0.0521402       -0.0529587
      6.6800000       -0.0715377       -0.0722931
      6.7000000       -0.0616905       -0.0785774
      6.7200000       -0.0770125       -0.0708358
      6.7400000       -0.0655741       -0.0500789
      6.7600000       -0.0290450       -0.0190768
      6.7800000        0.0022398        0.0180942
      6.8000000        0.0719715        0.0566443
      6.8200000        0.0882003        0.0917129
      6.8400000        0.1573779        0.1189750
      6.8600000        0.1069649        0.1351422
      6.8800000        0.0865571        0.1383043
      6.9000000        0.1569852        0.1280806
      6.9200000        0.1069929        0.1055683
      6.9400000        0.0772244        0.0731032
      6.9600000        0.0227006        0.0338726
      6.9800000       -0.0258873       -0.0085552
      7.0000000       -0.0212399       -0.0507050
      7.0200000       -0.0925819       -0.0895872
      7.0400000       -0.1222681       -0.1229412
      7.0600000       -0.1297547       -0.1492946
      7.0800000       -0.1890587       -0.1678462
      7.1000000       -0.1574698       -0.1782308
      7.1200000       -0.1648161       -0.1802547
      7.1400000       -0.1646490       -0.1737039
      7.1600000       -0.1538411       -0.1583075
      7.1800000       -0.1084244       -0.1338896
      7.2000000       -0.0777851       -0.1006833
      7.2200000       -0.0399865       -0.0597132
      7.2400000       -0.0460121       -0.0131157
      7.2600000        0.0127589        0.0357445
      7.2800000        0.0757173        0.0824596
      7.3000000        0.1271292        0.1220960
      7.3200000        0.0962402        0.1499770
      7.3400000        0.1724446        0.1625791
      7.3600000        0.1171136        0.1583345
      7.3800000        0.1322369        0.1381302
      7.4000000        0.1384503        0.1053441
      7.4200000        0.0459642        0.0653620
      7.4400000       -0.0101701        0.0246428
      7.4600000        0.0305827       -0.0104864
      7.4800000       -0.0630840       -0.0350416
      7.5000000        0.0146617       -0.0463272
      7.5200000       -0.0380064       -0.0443910
      7.5400000       -0.0280495       -0.0318786
      7.5600000       -0.0490750       -0.0133194
      7.5800000        0.0037463        0.0059884
      7.6000000       -0.0231340        0.0212289
      7.6200000       -0.0352767        0.0291581

 Total S(Q)'s: Comparison with input data

  1474  2 are NQ and NPAR

       Q      S(Q)_RMC  S(Q)_Expt
      0.5000000     -0.3783908     -0.2590556
      0.5200000     -0.3679460     -0.2738462
      0.5400000     -0.3586048     -0.2876812
      0.5600000     -0.3504217     -0.3005436
      0.5800000     -0.3434376     -0.3124312
      0.6000000     -0.3376794     -0.3233561
      0.6200000     -0.3331597     -0.3333433
      0.6400000     -0.3298771     -0.3424297
      0.6600000     -0.3278163     -0.3506622
      0.6800000     -0.3269483     -0.3580963
      0.7000000     -0.3272312     -0.3647943
      0.7200000     -0.3286107     -0.3708233
      0.7400000     -0.3310207     -0.3762535
      0.7600000     -0.3343845     -0.3811563
      0.7800000     -0.3386158     -0.3856024
      0.8000000     -0.3436196     -0.3896601
      0.8200000     -0.3492937     -0.3933940
      0.8400000     -0.3555297     -0.3968628
      0.8600000     -0.3622145     -0.4001187
      0.8800000     -0.3692317     -0.4032060
      0.9000000     -0.3764629     -0.4061600
      0.9200000     -0.3837891     -0.4090066
      0.9400000     -0.3910921     -0.4117618
      0.9600000     -0.3982560     -0.4144315
      0.9800000     -0.4051681     -0.4170115
      1.0000000     -0.4117206     -0.4194879
      1.0200000     -0.4178116     -0.4218373
      1.0400000     -0.4233458     -0.4240281
      1.0600000     -0.4282362     -0.4260209
      1.0800000     -0.4324045     -0.4277699
      1.1000000     -0.4357816     -0.4292240
      1.1200000     -0.4383091     -0.4303282
      1.1400000     -0.4399387     -0.4310254
      1.1600000     -0.4406333     -0.4312572
      1.1800000     -0.4403671     -0.4309663
      1.2000000     -0.4391254     -0.4300974
      1.2200000     -0.4369046     -0.4285989
      1.2400000     -0.4337124     -0.4264247
      1.2600000     -0.4295669     -0.4235348
      1.2800000     -0.4244966     -0.4198972
      1.3000000     -0.4185397     -0.4154886
      1.3200000     -0.4117432     -0.4102954
      1.3400000     -0.4041626     -0.4043141
      1.3600000     -0.3958607     -0.3975525
      1.3800000     -0.3869070     -0.3900290
      1.4000000     -0.3773764     -0.3817736
      1.4200000     -0.3673485     -0.3728271
      1.4400000     -0.3569064     -0.3632408
      1.4600000     -0.3461358     -0.3530763
      1.4800000     -0.3351238     -0.3424043
      1.5000000     -0.3239581     -0.3313037
      1.5200000     -0.3127257     -0.3198607
      1.5400000     -0.3015122     -0.3081675
      1.5600000     -0.2904008     -0.2963207
      1.5800000     -0.2794714     -0.2844201
      1.6000000     -0.2687999     -0.2725669
      1.6200000     -0.2584574     -0.2608625
      1.6400000     -0.2485096     -0.2494069
      1.6600000     -0.2390166     -0.2382968
      1.6800000     -0.2300316     -0.2276247
      1.7000000     -0.2216015     -0.2174771
      1.7200000     -0.2137662     -0.2079337
      1.7400000     -0.2065583     -0.1990656
      1.7600000     -0.2000033     -0.1909349
      1.7800000     -0.1941196     -0.1835937
      1.8000000     -0.1889184     -0.1770835
      1.8200000     -0.1844040     -0.1714344
      1.8400000     -0.1805741     -0.1666655
      1.8600000     -0.1774201     -0.1627842
      1.8800000     -0.1749273     -0.1597866
      1.9000000     -0.1730758     -0.1576579
      1.9200000     -0.1718401     -0.1563725
      1.9400000     -0.1711907     -0.1558950
      1.9600000     -0.1710935     -0.1561810
      1.9800000     -0.1715111     -0.1571775
      2.0000000     -0.1724032     -0.1588245
      2.0200000     -0.1737268     -0.1610558
      2.0400000     -0.1754369     -0.1638001
      2.0600000     -0.1774872     -0.1669824
      2.0800000     -0.1798300     -0.1705249
      2.1000000     -0.1824175     -0.1743486
      2.1200000     -0.1852012     -0.1783741
      2.1400000     -0.1881332     -0.1825227
      2.1600000     -0.1911656     -0.1867179
      2.1800000     -0.1942516     -0.1908858
      2.2000000     -0.1973454     -0.1949561
      2.2200000     -0.2004021     -0.1988629
      2.2400000     -0.2033784     -0.2025454
      2.2600000     -0.2062321     -0.2059480
      2.2800000     -0.2089230     -0.2090210
      2.3000000     -0.2114120     -0.2117206
      2.3200000     -0.2136618     -0.2140090
      2.3400000     -0.2156366     -0.2158542
      2.3600000     -0.2173023     -0.2172303
      2.3800000     -0.2186261     -0.2181163
      2.4000000     -0.2195769     -0.2184969
      2.4200000     -0.2201249     -0.2183608
      2.4400000     -0.2202417     -0.2177011
      2.4600000     -0.2199005     -0.2165144
      2.4800000     -0.2190757     -0.2148000
      2.5000000     -0.2177430     -0.2125598
      2.5200000     -0.2158798     -0.2097970
      2.5400000     -0.2134646     -0.2065162
      2.5600000     -0.2104778     -0.2027225
      2.5800000     -0.2069011     -0.1984210
      2.6000000     -0.2027181     -0.1936165
      2.6200000     -0.1979141     -0.1883132
      2.6400000     -0.1924768     -0.1825144
      2.6600000     -0.1863957     -0.1762222
      2.6800000     -0.1796629     -0.1694378
      2.7000000     -0.1722733     -0.1621611
      2.7200000     -0.1642242     -0.1543911
      2.7400000     -0.1555163     -0.1461261
      2.7600000     -0.1461535     -0.1373641
      2.7800000     -0.1361431     -0.1281028
      2.8000000     -0.1254960     -0.1183405
      2.8200000     -0.1142272     -0.1080762
      2.8400000     -0.1023554     -0.0973107
      2.8600000     -0.0899036     -0.0860463
      2.8800000     -0.0768987     -0.0742884
      2.9000000     -0.0633722     -0.0620451
      2.9200000     -0.0493595     -0.0493284
      2.9400000     -0.0349004     -0.0361543
      2.9600000     -0.0200386     -0.0225435
      2.9800000     -0.0048220     -0.0085217
      3.0000000      0.0106980      0.0058802
      3.0200000      0.0264662      0.0206258
      3.0400000      0.0424244      0.0356732
      3.0600000      0.0585114      0.0509748
      3.0800000      0.0746633      0.0664775
      3.1000000      0.0908142      0.0821229
      3.1200000      0.1068964      0.0978478
      3.1400000      0.1228411      0.1135842
      3.1600000      0.1385785      0.1292603
      3.1800000      0.1540387      0.1448007
      3.2000000      0.1691519      0.1601273
      3.2200000      0.1838493      0.1751601
      3.2400000      0.1980631      0.1898178
      3.2600000      0.2117274      0.2040187
      3.2800000      0.2247785      0.2176819
      3.3000000      0.2371552      0.2307278
      3.3200000      0.2487997      0.2430789
      3.3400000      0.2596577      0.2546611
      3.3600000      0.2696784      0.2654042
      3.3800000      0.2788155      0.2752429
      3.4000000      0.2870270      0.2841171
      3.4200000      0.2942757      0.2919731
      3.4400000      0.3005290      0.2987634
      3.4600000      0.3057596      0.3044481
      3.4800000      0.3099448      0.3089943
      3.5000000      0.3130675      0.3123772
      3.5200000      0.3151152      0.3145795
      3.5400000      0.3160810      0.3155921
      3.5600000      0.3159625      0.3154134
      3.5800000      0.3147624      0.3140496
      3.6000000      0.3124883      0.3115146
      3.6200000      0.3091521      0.3078289
      3.6400000      0.3047704      0.3030201
      3.6600000      0.2993640      0.2971218
      3.6800000      0.2929579      0.2901735
      3.7000000      0.2855808      0.2822198
      3.7200000      0.2772652      0.2733098
      3.7400000      0.2680475      0.2634968
      3.7600000      0.2579670      0.2528375
      3.7800000      0.2470667      0.2413915
      3.8000000      0.2353924      0.2292206
      3.8200000      0.2229929      0.2163887
      3.8400000      0.2099201      0.2029607
      3.8600000      0.1962284      0.1890026
      3.8800000      0.1819749      0.1745812
      3.9000000      0.1672193      0.1597632
      3.9200000      0.1520237      0.1446155
      3.9400000      0.1364526      0.1292047
      3.9600000      0.1205727      0.1135971
      3.9800000      0.1044526      0.0978584
      4.0000000      0.0881633      0.0820540
      4.0200000      0.0717771      0.0662486
      4.0400000      0.0553683      0.0505062
      4.0600000      0.0390123      0.0348906
      4.0800000      0.0227857      0.0194648
      4.1000000      0.0067659      0.0042912
      4.1200000     -0.0089696     -0.0105682
      4.1400000     -0.0243428     -0.0250520
      4.1600000     -0.0392766     -0.0390996
      4.1800000     -0.0536947     -0.0526512
      4.2000000     -0.0675223     -0.0656477
      4.2200000     -0.0806867     -0.0780316
      4.2400000     -0.0931182     -0.0897467
      4.2600000     -0.1047502     -0.1007385
      4.2800000     -0.1155204     -0.1109552
      4.3000000     -0.1253714     -0.1203475
      4.3200000     -0.1342512     -0.1288695
      4.3400000     -0.1421140     -0.1364790
      4.3600000     -0.1489212     -0.1431387
      4.3800000     -0.1546416     -0.1488162
      4.4000000     -0.1592523     -0.1534849
      4.4200000     -0.1627392     -0.1571250
      4.4400000     -0.1650973     -0.1597235
      4.4600000     -0.1663316     -0.1612755
      4.4800000     -0.1664569     -0.1617841
      4.5000000     -0.1654981     -0.1612614
      4.5200000     -0.1634907     -0.1597287
      4.5400000     -0.1604801     -0.1572169
      4.5600000     -0.1565220     -0.1537664
      4.5800000     -0.1516818     -0.1494274
      4.6000000     -0.1460341     -0.1442598
      4.6200000     -0.1396623     -0.1383330
      4.6400000     -0.1326576     -0.1317253
      4.6600000     -0.1251184     -0.1245232
      4.6800000     -0.1171490     -0.1168213
      4.7000000     -0.1088587     -0.1087207
      4.7200000     -0.1003604     -0.1003283
      4.7400000     -0.0917694     -0.0917556
      4.7600000     -0.0832017     -0.0831172
      4.7800000     -0.0747729     -0.0745295
      4.8000000     -0.0665963     -0.0661093
      4.8200000     -0.0587817     -0.0579718
      4.8400000     -0.0514335     -0.0502294
      4.8600000     -0.0446497     -0.0429894
      4.8800000     -0.0385200     -0.0363532
      4.9000000     -0.0331245     -0.0304140
      4.9200000     -0.0285327     -0.0252553
      4.9400000     -0.0248021     -0.0209499
      4.9600000     -0.0219773     -0.0175579
      4.9800000     -0.0200894     -0.0151261
      5.0000000     -0.0191548     -0.0136867
      5.0200000     -0.0191755     -0.0132565
      5.0400000     -0.0201382     -0.0138365
      5.0600000     -0.0220148     -0.0154116
      5.0800000     -0.0247625     -0.0179501
      5.1000000     -0.0283242     -0.0214043
      5.1200000     -0.0326291     -0.0257112
      5.1400000     -0.0375939     -0.0307924
      5.1600000     -0.0431237     -0.0365558
      5.1800000     -0.0491135     -0.0428968
      5.2000000     -0.0554495     -0.0496992
      5.2200000     -0.0620110     -0.0568377
      5.2400000     -0.0686722     -0.0641792
      5.2600000     -0.0753037     -0.0715850
      5.2800000     -0.0817752     -0.0789130
      5.3000000     -0.0879571     -0.0860201
      5.3200000     -0.0937224     -0.0927645
      5.3400000     -0.0989493     -0.0990078
      5.3600000     -0.1035229     -0.1046175
      5.3800000     -0.1073368     -0.1094695
      5.4000000     -0.1102956     -0.1134498
      5.4200000     -0.1123160     -0.1164570
      5.4400000     -0.1133284     -0.1184038
      5.4600000     -0.1132782     -0.1192188
      5.4800000     -0.1121268     -0.1188478
      5.5000000     -0.1098525     -0.1172550
      5.5200000     -0.1064510     -0.1144236
      5.5400000     -0.1019352     -0.1103567
      5.5600000     -0.0963359     -0.1050769
      5.5800000     -0.0897008     -0.0986267
      5.6000000     -0.0820945     -0.0910676
      5.6200000     -0.0735969     -0.0824795
      5.6400000     -0.0643025     -0.0729593
      5.6600000     -0.0543191     -0.0626196
      5.6800000     -0.0437656     -0.0515870
      5.7000000     -0.0327707     -0.0400000
      5.7200000     -0.0214708     -0.0280068
      5.7400000     -0.0100074     -0.0157630
      5.7600000      0.0014745     -0.0034289
      5.7800000      0.0128292      0.0088330
      5.8000000      0.0239126      0.0208608
      5.8200000      0.0345841      0.0324959
      5.8400000      0.0447096      0.0435853
      5.8600000      0.0541630      0.0539848
      5.8800000      0.0628288      0.0635609
      5.9000000      0.0706036      0.0721933
      5.9200000      0.0773981      0.0797769
      5.9400000      0.0831384      0.0862233
      5.9600000      0.0877672      0.0914628
      5.9800000      0.0912448      0.0954452
      6.0000000      0.0935496      0.0981407
      6.0200000      0.0946786      0.0995404
      6.0400000      0.0946476      0.0996564
      6.0600000      0.0934902      0.0985215
      6.0800000      0.0912579      0.0961888
      6.1000000      0.0880190      0.0927304
      6.1200000      0.0838572      0.0882363
      6.1400000      0.0788702      0.0828130
      6.1600000      0.0731683      0.0765810
      6.1800000      0.0668721      0.0696734
      6.2000000      0.0601105      0.0622327
      6.2200000      0.0530188      0.0544093
      6.2400000      0.0457359      0.0463579
      6.2600000      0.0384023      0.0382355
      6.2800000      0.0311575      0.0301981
      6.3000000      0.0241376      0.0223985
      6.3200000      0.0174731      0.0149833
      6.3400000      0.0112867      0.0080905
      6.3600000      0.0056912      0.0018472
      6.3800000      0.0007876     -0.0036325
      6.4000000     -0.0033365     -0.0082498
      6.4200000     -0.0066083     -0.0119221
      6.4400000     -0.0089710     -0.0145850
      6.4600000     -0.0103844     -0.0161926
      6.4800000     -0.0108260     -0.0167188
      6.5000000     -0.0102906     -0.0161571
      6.5200000     -0.0087906     -0.0145208
      6.5400000     -0.0063554     -0.0118422
      6.5600000     -0.0030309     -0.0081722
      6.5800000      0.0011216     -0.0035788
      6.6000000      0.0060265      0.0018538
      6.6200000      0.0115959      0.0080275
      6.6400000      0.0177304      0.0148320
      6.6600000      0.0243221      0.0221466
      6.6800000      0.0312556      0.0298432
      6.7000000      0.0384109      0.0377880
      6.7200000      0.0456652      0.0458445
      6.7400000      0.0528954      0.0538759
      6.7600000      0.0599799      0.0617475
      6.7800000      0.0668014      0.0693290
      6.8000000      0.0732484      0.0764972
      6.8200000      0.0792173      0.0831378
      6.8400000      0.0846144      0.0891472
      6.8600000      0.0893569      0.0944350
      6.8800000      0.0933750      0.0989243
      6.9000000      0.0966121      0.1025537
      6.9200000      0.0990263      0.1052781
      6.9400000      0.1005905      0.1070685
      6.9600000      0.1012928      0.1079131
      6.9800000      0.1011363      0.1078166
      7.0000000      0.1001387      0.1068000
      7.0200000      0.0983321      0.1048996
      7.0400000      0.0957614      0.1021660
      7.0600000      0.0924836      0.0986632
      7.0800000      0.0885664      0.0944663
      7.1000000      0.0840865      0.0896604
      7.1200000      0.0791278      0.0843382
      7.1400000      0.0737799      0.0785983
      7.1600000      0.0681360      0.0725428
      7.1800000      0.0622909      0.0662755
      7.2000000      0.0563388      0.0598990
      7.2200000      0.0503721      0.0535135
      7.2400000      0.0444787      0.0472141
      7.2600000      0.0387407      0.0410893
      7.2800000      0.0332328      0.0352191
      7.3000000      0.0280209      0.0296735
      7.3200000      0.0231605      0.0245112
      7.3400000      0.0186962      0.0197788
      7.3600000      0.0146608      0.0155098
      7.3800000      0.0110746      0.0117242
      7.4000000      0.0079456      0.0084286
      7.4200000      0.0052692      0.0056159
      7.4400000      0.0030286      0.0032661
      7.4600000      0.0011956      0.0013468
      7.4800000     -0.0002689     -0.0001855
      7.5000000     -0.0014134     -0.0013848
      7.5200000     -0.0022951     -0.0023135
      7.5400000     -0.0029778     -0.0030410
      7.5600000     -0.0035309     -0.0036422
      7.5800000     -0.0040274     -0.0041954
      7.6000000     -0.0045421     -0.0047804
      7.6200000     -0.0051499     -0.0054764
      7.6400000     -0.0059239     -0.0063603
      7.6600000     -0.0069336     -0.0075046
      7.6800000     -0.0082435     -0.0089758
      7.7000000     -0.0099109     -0.0108325
      7.7200000     -0.0119851     -0.0131242
      7.7400000     -0.0145057     -0.0158895
      7.7600000     -0.0175017     -0.0191558
      7.7800000     -0.0209905     -0.0229377
      7.8000000     -0.0249777     -0.0272370
      7.8200000     -0.0294561     -0.0320421
      7.8400000     -0.0344062     -0.0373282
      7.8600000     -0.0397962     -0.0430576
      7.8800000     -0.0455821     -0.0491801
      7.9000000     -0.0517089     -0.0556341
      7.9200000     -0.0581113     -0.0623474
      7.9400000     -0.0647149     -0.0692387
      7.9600000     -0.0714373     -0.0762190
      7.9800000     -0.0781900     -0.0831936
      8.0000000     -0.0848799     -0.0900634
      8.0200000     -0.0914111     -0.0967272
      8.0400000     -0.0976865     -0.1030837
      8.0600000     -0.1036100     -0.1090331
      8.0800000     -0.1090883     -0.1144794
      8.1000000     -0.1140325     -0.1193322
      8.1200000     -0.1183601     -0.1235087
      8.1400000     -0.1219965     -0.1269348
      8.1600000     -0.1248765     -0.1295473
      8.1800000     -0.1269456     -0.1312946
      8.2000000     -0.1281612     -0.1321381
      8.2200000     -0.1284933     -0.1320530
      8.2400000     -0.1279253     -0.1310285
      8.2600000     -0.1264542     -0.1290685
      8.2800000     -0.1240911     -0.1261915
      8.3000000     -0.1208603     -0.1224298
      8.3200000     -0.1167997     -0.1178297
      8.3400000     -0.1119598     -0.1124501
      8.3600000     -0.1064025     -0.1063618
      8.3800000     -0.1002005     -0.0996458
      8.4000000     -0.0934356     -0.0923923
      8.4200000     -0.0861974     -0.0846984
      8.4400000     -0.0785816     -0.0766670
      8.4600000     -0.0706879     -0.0684044
      8.4800000     -0.0626190     -0.0600187
      8.5000000     -0.0544778     -0.0516174
      8.5200000     -0.0463664     -0.0433060
      8.5400000     -0.0383834     -0.0351856
      8.5600000     -0.0306230     -0.0273516
      8.5800000     -0.0231726     -0.0198915
      8.6000000     -0.0161120     -0.0128838
      8.6200000     -0.0095115     -0.0063967
      8.6400000     -0.0034310     -0.0004867
      8.6600000      0.0020810      0.0048019
      8.6800000      0.0069879      0.0094379
      8.7000000      0.0112657      0.0134033
      8.7200000      0.0149032      0.0166935
      8.7400000      0.0179017      0.0193171
      8.7600000      0.0202749      0.0212954
      8.7800000      0.0220483      0.0226618
      8.8000000      0.0232585      0.0234606
      8.8200000      0.0239520      0.0237462
      8.8400000      0.0241843      0.0235817
      8.8600000      0.0240183      0.0230370
      8.8800000      0.0235230      0.0221879
      8.9000000      0.0227719      0.0211138
      8.9200000      0.0218415      0.0198964
      8.9400000      0.0208091      0.0186175
      8.9600000      0.0197517      0.0173575
      8.9800000      0.0187443      0.0161940
      9.0000000      0.0178577      0.0151994
      9.0200000      0.0171580      0.0144403
      9.0400000      0.0167044      0.0139756
      9.0600000      0.0165485      0.0138554
      9.0800000      0.0167332      0.0141206
      9.1000000      0.0172918      0.0148012
      9.1200000      0.0182474      0.0159168
      9.1400000      0.0196128      0.0174756
      9.1600000      0.0213901      0.0194749
      9.1800000      0.0235707      0.0219008
      9.2000000      0.0261359      0.0247291
      9.2200000      0.0290575      0.0279258
      9.2400000      0.0322982      0.0314479
      9.2600000      0.0358126      0.0352445
      9.2800000      0.0395486      0.0392582
      9.3000000      0.0434484      0.0434260
      9.3200000      0.0474495      0.0476813
      9.3400000      0.0514871      0.0519548
      9.3600000      0.0554942      0.0561765
      9.3800000      0.0594045      0.0602772
      9.4000000      0.0631525      0.0641897
      9.4200000      0.0666762      0.0678504
      9.4400000      0.0699173      0.0712009
      9.4600000      0.0728232      0.0741888
      9.4800000      0.0753477      0.0767687
      9.5000000      0.0774521      0.0789037
      9.5200000      0.0791058      0.0805655
      9.5400000      0.0802870      0.0817351
      9.5600000      0.0809830      0.0824031
      9.5800000      0.0811903      0.0825695
      9.6000000      0.0809146      0.0822440
      9.6200000      0.0801704      0.0814453
      9.6400000      0.0789807      0.0802003
      9.6600000      0.0773763      0.0785440
      9.6800000      0.0753948      0.0765178
      9.7000000      0.0730797      0.0741690
      9.7200000      0.0704794      0.0715493
      9.7400000      0.0676458      0.0687134
      9.7600000      0.0646332      0.0657180
      9.7800000      0.0614966      0.0626200
      9.8000000      0.0582908      0.0594754
      9.8200000      0.0550689      0.0563378
      9.8400000      0.0518809      0.0532572
      9.8600000      0.0487725      0.0502787
      9.8800000      0.0457843      0.0474413
      9.9000000      0.0429505      0.0447774
      9.9200000      0.0402982      0.0423117
      9.9400000      0.0378470      0.0400606
      9.9600000      0.0356083      0.0380320
      9.9800000      0.0335851      0.0362250
     10.0000000      0.0317720      0.0346304
     10.0200000      0.0301556      0.0332301
     10.0400000      0.0287144      0.0319984
     10.0600000      0.0274199      0.0309023
     10.0800000      0.0262371      0.0299026
     10.1000000      0.0251255      0.0289544
     10.1200000      0.0240401      0.0280091
     10.1400000      0.0229326      0.0270148
     10.1600000      0.0217531      0.0259185
     10.1800000      0.0204508      0.0246669
     10.2000000      0.0189760      0.0232082
     10.2200000      0.0172810      0.0214934
     10.2400000      0.0153221      0.0194778
     10.2600000      0.0130604      0.0171225
     10.2800000      0.0104630      0.0143950
     10.3000000      0.0075045      0.0112710
     10.3200000      0.0041677      0.0077351
     10.3400000      0.0004445      0.0037813
     10.3600000     -0.0036639     -0.0005861
     10.3800000     -0.0081460     -0.0053526
     10.4000000     -0.0129803     -0.0104930
     10.4200000     -0.0181352     -0.0159716
     10.4400000     -0.0235695     -0.0217430
     10.4600000     -0.0292327     -0.0277524
     10.4800000     -0.0350657     -0.0339361
     10.5000000     -0.0410020     -0.0402233
     10.5200000     -0.0469687     -0.0465368
     10.5400000     -0.0528880     -0.0527944
     10.5600000     -0.0586783     -0.0589109
     10.5800000     -0.0642561     -0.0647990
     10.6000000     -0.0695373     -0.0703717
     10.6200000     -0.0744393     -0.0755437
     10.6400000     -0.0788824     -0.0802330
     10.6600000     -0.0827917     -0.0843630
     10.6800000     -0.0860984     -0.0878639
     10.7000000     -0.0887416     -0.0906743
     10.7200000     -0.0906696     -0.0927426
     10.7400000     -0.0918411     -0.0940280
     10.7600000     -0.0922263     -0.0945019
     10.7800000     -0.0918075     -0.0941483
     10.8000000     -0.0905801     -0.0929648
     10.8200000     -0.0885527     -0.0909624
     10.8400000     -0.0857471     -0.0881658
     10.8600000     -0.0821982     -0.0846132
     10.8800000     -0.0779539     -0.0803557
     10.9000000     -0.0730737     -0.0754565
     10.9200000     -0.0676284     -0.0699900
     10.9400000     -0.0616987     -0.0640404
     10.9600000     -0.0553737     -0.0577002
     10.9800000     -0.0487495     -0.0510689
     11.0000000     -0.0419273     -0.0442510
     11.0200000     -0.0350119     -0.0373537
     11.0400000     -0.0281094     -0.0304858
     11.0600000     -0.0213254     -0.0237549
     11.0800000     -0.0147632     -0.0172657
     11.1000000     -0.0085215     -0.0111180
     11.1200000     -0.0026927     -0.0054049
     11.1400000      0.0026388     -0.0002108
     11.1600000      0.0073980      0.0043902
     11.1800000      0.0115214      0.0083353
     11.2000000      0.0149576      0.0115749
     11.2200000      0.0176684      0.0140729
     11.2400000      0.0196298      0.0158079
     11.2600000      0.0208321      0.0167734
     11.2800000      0.0212806      0.0169778
     11.3000000      0.0209946      0.0164446
     11.3200000      0.0200079      0.0152115
     11.3400000      0.0183677      0.0133300
     11.3600000      0.0161337      0.0108641
     11.3800000      0.0133766      0.0078894
     11.4000000      0.0101773      0.0044911
     11.4200000      0.0066248      0.0007628
     11.4400000      0.0028144     -0.0031958
     11.4600000     -0.0011539     -0.0072807
     11.4800000     -0.0051779     -0.0113854
     11.5000000     -0.0091548     -0.0154039
     11.5200000     -0.0129835     -0.0192318
     11.5400000     -0.0165670     -0.0227692
     11.5600000     -0.0198136     -0.0259223
     11.5800000     -0.0226395     -0.0286054
     11.6000000     -0.0249701     -0.0307430
     11.6200000     -0.0267419     -0.0322708
     11.6400000     -0.0279034     -0.0331374
     11.6600000     -0.0284163     -0.0333053
     11.6800000     -0.0282565     -0.0327516
     11.7000000     -0.0274145     -0.0314686
     11.7200000     -0.0258953     -0.0294643
     11.7400000     -0.0237191     -0.0267616
     11.7600000     -0.0209199     -0.0233985
     11.7800000     -0.0175456     -0.0194271
     11.8000000     -0.0136567     -0.0149127
     11.8200000     -0.0093252     -0.0099325
     11.8400000     -0.0046331     -0.0045740
     11.8600000      0.0003295      0.0010667
     11.8800000      0.0054657      0.0068866
     11.9000000      0.0106746      0.0127782
     11.9200000      0.0158526      0.0186315
     11.9400000      0.0208960      0.0243362
     11.9600000      0.0257030      0.0297839
     11.9800000      0.0301758      0.0348706
     12.0000000      0.0342230      0.0394984
     12.0200000      0.0377610      0.0435779
     12.0400000      0.0407162      0.0470298
     12.0600000      0.0430265      0.0497867
     12.0800000      0.0446425      0.0517945
     12.1000000      0.0455288      0.0530136
     12.1200000      0.0456647      0.0534197
     12.1400000      0.0450451      0.0530048
     12.1600000      0.0436801      0.0517768
     12.1800000      0.0415955      0.0497599
     12.2000000      0.0388320      0.0469943
     12.2200000      0.0354450      0.0435353
     12.2400000      0.0315028      0.0394523
     12.2600000      0.0270863      0.0348278
     12.2800000      0.0222867      0.0297555
     12.3000000      0.0172040      0.0243389
     12.3200000      0.0119454      0.0186891
     12.3400000      0.0066226      0.0129228
     12.3600000      0.0013502      0.0071598
     12.3800000     -0.0037569      0.0015211
     12.4000000     -0.0085859     -0.0038738
     12.4200000     -0.0130278     -0.0089088
     12.4400000     -0.0169801     -0.0134743
     12.4600000     -0.0203488     -0.0174683
     12.4800000     -0.0230501     -0.0207992
     12.5000000     -0.0250123     -0.0233874
     12.5200000     -0.0261772     -0.0251669
     12.5400000     -0.0265015     -0.0260866
     12.5600000     -0.0259577     -0.0261114
     12.5800000     -0.0245346     -0.0252229
     12.6000000     -0.0222379     -0.0234203
     12.6200000     -0.0190901     -0.0207197
     12.6400000     -0.0151302     -0.0171546
     12.6600000     -0.0104130     -0.0127753
     12.6800000     -0.0050085     -0.0076476
     12.7000000      0.0009996     -0.0018520
     12.7200000      0.0075154      0.0045177
     12.7400000      0.0144323      0.0113562
     12.7600000      0.0216352      0.0185486
     12.7800000      0.0290021      0.0259724
     12.8000000      0.0364069      0.0334997
     12.8200000      0.0437214      0.0409995
     12.8400000      0.0508175      0.0483404
     12.8600000      0.0575699      0.0553926
     12.8800000      0.0638580      0.0620301
     12.9000000      0.0695685      0.0681336
     12.9200000      0.0745968      0.0735922
     12.9400000      0.0788499      0.0783053
     12.9600000      0.0822471      0.0821846
     12.9800000      0.0847217      0.0851557
     13.0000000      0.0862228      0.0871591
     13.0200000      0.0867152      0.0881516
     13.0400000      0.0861805      0.0881067
     13.0600000      0.0846176      0.0870148
     13.0800000      0.0820420      0.0848840
     13.1000000      0.0784859      0.0817391
     13.1200000      0.0739975      0.0776212
     13.1400000      0.0686398      0.0725874
     13.1600000      0.0624896      0.0667088
     13.1800000      0.0556360      0.0600699
     13.2000000      0.0481783      0.0527662
     13.2200000      0.0402250      0.0449031
     13.2400000      0.0318907      0.0365937
     13.2600000      0.0232951      0.0279563
     13.2800000      0.0145598      0.0191128
     13.3000000      0.0058068      0.0101863
     13.3200000     -0.0028438      0.0012988
     13.3400000     -0.0112761     -0.0074310
     13.3600000     -0.0193804     -0.0158895
     13.3800000     -0.0270548     -0.0239702
     13.4000000     -0.0342071     -0.0315756
     13.4200000     -0.0407560     -0.0386187
     13.4400000     -0.0466329     -0.0450243
     13.4600000     -0.0517821     -0.0507300
     13.4800000     -0.0561622     -0.0556873
     13.5000000     -0.0597462     -0.0598618
     13.5200000     -0.0625216     -0.0632338
     13.5400000     -0.0644903     -0.0657981
     13.5600000     -0.0656685     -0.0675635
     13.5800000     -0.0660855     -0.0685526
     13.6000000     -0.0657831     -0.0688007
     13.6200000     -0.0648142     -0.0683551
     13.6400000     -0.0632419     -0.0672731
     13.6600000     -0.0611375     -0.0656213
     13.6800000     -0.0585788     -0.0634736
     13.7000000     -0.0556489     -0.0609095
     13.7200000     -0.0524339     -0.0580125
     13.7400000     -0.0490210     -0.0548681
     13.7600000     -0.0454972     -0.0515618
     13.7800000     -0.0419467     -0.0481778
     13.8000000     -0.0384501     -0.0447967
     13.8200000     -0.0350822     -0.0414943
     13.8400000     -0.0319107     -0.0383400
     13.8600000     -0.0289952     -0.0353955
     13.8800000     -0.0263859     -0.0327136
     13.9000000     -0.0241227     -0.0303373
     13.9200000     -0.0222352     -0.0282994
     13.9400000     -0.0207415     -0.0266217
     13.9600000     -0.0196489     -0.0253152
     13.9800000     -0.0189534     -0.0243797
     14.0000000     -0.0186406     -0.0238047
     14.0200000     -0.0186858     -0.0235694
     14.0400000     -0.0190556     -0.0236437
     14.0600000     -0.0197080     -0.0239892
     14.0800000     -0.0205941     -0.0245601
     14.1000000     -0.0216595     -0.0253049
     14.1200000     -0.0228453     -0.0261672
     14.1400000     -0.0240900     -0.0270878
     14.1600000     -0.0253309     -0.0280058
     14.1800000     -0.0265054     -0.0288601
     14.2000000     -0.0275530     -0.0295914
     14.2200000     -0.0284163     -0.0301433
     14.2400000     -0.0290428     -0.0304636
     14.2600000     -0.0293855     -0.0305060
     14.2800000     -0.0294048     -0.0302308
     14.3000000     -0.0290689     -0.0296064
     14.3200000     -0.0283546     -0.0286095
     14.3400000     -0.0272480     -0.0272262
     14.3600000     -0.0257448     -0.0254518
     14.3800000     -0.0238501     -0.0232918
     14.4000000     -0.0215787     -0.0207610
     14.4200000     -0.0189548     -0.0178837
     14.4400000     -0.0160108     -0.0146930
     14.4600000     -0.0127874     -0.0112303
     14.4800000     -0.0093321     -0.0075440
     14.5000000     -0.0056986     -0.0036889
     14.5200000     -0.0019452      0.0002752
     14.5400000      0.0018664      0.0042848
     14.5600000      0.0056723      0.0082742
     14.5800000      0.0094080      0.0121767
     14.6000000      0.0130097      0.0159265
     14.6200000      0.0164158      0.0194595
     14.6400000      0.0195684      0.0227155
     14.6600000      0.0224144      0.0256390
     14.6800000      0.0249065      0.0281808
     14.7000000      0.0270048      0.0302987
     14.7200000      0.0286772      0.0319589
     14.7400000      0.0299004      0.0331367
     14.7600000      0.0306603      0.0338170
     14.7800000      0.0309523      0.0339945
     14.8000000      0.0307816      0.0336743
     14.8200000      0.0301629      0.0328717
     14.8400000      0.0291203      0.0316117
     14.8600000      0.0276866      0.0299288
     14.8800000      0.0259027      0.0278665
     14.9000000      0.0238170      0.0254758
     14.9200000      0.0214839      0.0228146
     14.9400000      0.0189628      0.0199468
     14.9600000      0.0163171      0.0169402
     14.9800000      0.0136126      0.0138657
     15.0000000      0.0109160      0.0107957
     15.0200000      0.0082937      0.0078025
     15.0400000      0.0058105      0.0049567
     15.0600000      0.0035276      0.0023259
     15.0800000      0.0015019     -0.0000269
     15.1000000     -0.0002154     -0.0020444
     15.1200000     -0.0015801     -0.0036765
     15.1400000     -0.0025557     -0.0048814
     15.1600000     -0.0031143     -0.0056262
     15.1800000     -0.0032375     -0.0058878
     15.2000000     -0.0029162     -0.0056537
     15.2200000     -0.0021515     -0.0049218
     15.2400000     -0.0009540     -0.0037009
     15.2600000      0.0006557     -0.0020103
     15.2800000      0.0026477      0.0001204
     15.3000000      0.0049836      0.0026519
     15.3200000      0.0076170      0.0055359
     15.3400000      0.0104945      0.0087162
     15.3600000      0.0135570      0.0121298
     15.3800000      0.0167405      0.0157080
     15.4000000      0.0199779      0.0193781
     15.4200000      0.0232001      0.0230645
     15.4400000      0.0263375      0.0266906
     15.4600000      0.0293213      0.0301800
     15.4800000      0.0320855      0.0334584
     15.5000000      0.0345673      0.0364550
     15.5200000      0.0367094      0.0391038
     15.5400000      0.0384607      0.0413452
     15.5600000      0.0397771      0.0431271
     15.5800000      0.0406233      0.0444061
     15.6000000      0.0409726      0.0451481
     15.6200000      0.0408080      0.0453295
     15.6400000      0.0401227      0.0449372
     15.6600000      0.0389197      0.0439694
     15.6800000      0.0372123      0.0424352
     15.7000000      0.0350237      0.0403547
     15.7200000      0.0323862      0.0377586
     15.7400000      0.0293411      0.0346874
     15.7600000      0.0259378      0.0311911
     15.7800000      0.0222323      0.0273276
     15.8000000      0.0182867      0.0231619
     15.8200000      0.0141676      0.0187647
     15.8400000      0.0099449      0.0142111
     15.8600000      0.0056903      0.0095790
     15.8800000      0.0014759      0.0049475
     15.9000000     -0.0026271      0.0003955
     15.9200000     -0.0065501     -0.0040001
     15.9400000     -0.0102281     -0.0081657
     15.9600000     -0.0136016     -0.0120328
     15.9800000     -0.0166171     -0.0155391
     16.0000000     -0.0192285     -0.0186296
     16.0200000     -0.0213982     -0.0212582
     16.0400000     -0.0230974     -0.0233881
     16.0600000     -0.0243070     -0.0249929
     16.0800000     -0.0250178     -0.0260567
     16.1000000     -0.0252307     -0.0265749
     16.1200000     -0.0249567     -0.0265538
     16.1400000     -0.0242166     -0.0260108
     16.1600000     -0.0230406     -0.0249738
     16.1800000     -0.0214673     -0.0234806
     16.2000000     -0.0195437     -0.0215784
     16.2200000     -0.0173234     -0.0193224
     16.2400000     -0.0148658     -0.0167750
     16.2600000     -0.0122351     -0.0140043
     16.2800000     -0.0094985     -0.0110828
     16.3000000     -0.0067252     -0.0080859
     16.3200000     -0.0039850     -0.0050901
     16.3400000     -0.0013464     -0.0021720
     16.3600000      0.0011243      0.0005938
     16.3800000      0.0033645      0.0031363
     16.4000000      0.0053169      0.0053890
     16.4200000      0.0069302      0.0072918
     16.4400000      0.0081605      0.0087920
     16.4600000      0.0089719      0.0098455
     16.4800000      0.0093377      0.0104177
     16.5000000      0.0092405      0.0104843
     16.5200000      0.0086728      0.0100315
     16.5400000      0.0076373      0.0090568
     16.5600000      0.0061465      0.0075689
     16.5800000      0.0042229      0.0055874
     16.6000000      0.0018982      0.0031426
     16.6200000     -0.0007870      0.0002749
     16.6400000     -0.0037844     -0.0029657
     16.6600000     -0.0070382     -0.0065212
     16.6800000     -0.0104871     -0.0103260
     16.7000000     -0.0140648     -0.0143088
     16.7200000     -0.0177015     -0.0183933
     16.7400000     -0.0213257     -0.0225005
     16.7600000     -0.0248646     -0.0265496
     16.7800000     -0.0282468     -0.0304598
     16.8000000     -0.0314024     -0.0341519
     16.8200000     -0.0342655     -0.0375500
     16.8400000     -0.0367748     -0.0405826
     16.8600000     -0.0388750     -0.0431845
     16.8800000     -0.0405180     -0.0452976
     16.9000000     -0.0416635     -0.0468726
     16.9200000     -0.0422803     -0.0478693
     16.9400000     -0.0423465     -0.0482582
     16.9600000     -0.0418503     -0.0480202
     16.9800000     -0.0407897     -0.0471481
     17.0000000     -0.0391733     -0.0456455
     17.0200000     -0.0370195     -0.0435281
     17.0400000     -0.0343566     -0.0408223
     17.0600000     -0.0312221     -0.0375653
     17.0800000     -0.0276621     -0.0338046
     17.1000000     -0.0237303     -0.0295964
     17.1200000     -0.0194872     -0.0250056
     17.1400000     -0.0149989     -0.0201036
     17.1600000     -0.0103359     -0.0149677
     17.1800000     -0.0055719     -0.0096792
     17.2000000     -0.0007821     -0.0043223
     17.2200000      0.0039577      0.0010176
     17.2400000      0.0085727      0.0062557
     17.2600000      0.0129904      0.0113090
     17.2800000      0.0171421      0.0160978
     17.3000000      0.0209638      0.0205475
     17.3200000      0.0243975      0.0245896
     17.3400000      0.0273922      0.0281631
     17.3600000      0.0299050      0.0312154
     17.3800000      0.0319012      0.0337035
     17.4000000      0.0333555      0.0355942
     17.4200000      0.0342521      0.0368654
     17.4400000      0.0345851      0.0375059
     17.4600000      0.0343582      0.0375154
     17.4800000      0.0335848      0.0369049
     17.5000000      0.0322876      0.0356964
     17.5200000      0.0304983      0.0339218
     17.5400000      0.0282567      0.0316230
     17.5600000      0.0256098      0.0288506
     17.5800000      0.0226114      0.0256629
     17.6000000      0.0193207      0.0221253
     17.6200000      0.0158010      0.0183082
     17.6400000      0.0121190      0.0142866
     17.6600000      0.0083433      0.0101378
     17.6800000      0.0045431      0.0059408
     17.7000000      0.0007872      0.0017743
     17.7200000     -0.0028574     -0.0022845
     17.7400000     -0.0063267     -0.0061614
     17.7600000     -0.0095608     -0.0097862
     17.7800000     -0.0125046     -0.0130944
     17.8000000     -0.0151092     -0.0160279
     17.8200000     -0.0173323     -0.0185362
     17.8400000     -0.0191392     -0.0205769
     17.8600000     -0.0205029     -0.0221170
     17.8800000     -0.0214047     -0.0231326
     17.9000000     -0.0218346     -0.0236097
     17.9200000     -0.0217909     -0.0235444
     17.9400000     -0.0212805     -0.0229425
     17.9600000     -0.0203184     -0.0218193
     17.9800000     -0.0189274     -0.0201994
     18.0000000     -0.0171375     -0.0181161
     18.0200000     -0.0149855     -0.0156106
     18.0400000     -0.0125138     -0.0127311
     18.0600000     -0.0097699     -0.0095319
     18.0800000     -0.0068055     -0.0060723
     18.1000000     -0.0036751     -0.0024156
     18.1200000     -0.0004356      0.0013723
     18.1400000      0.0028555      0.0052239
     18.1600000      0.0061402      0.0090716
     18.1800000      0.0093619      0.0128487
     18.2000000      0.0124660      0.0164904
     18.2200000      0.0154005      0.0199353
     18.2400000      0.0181174      0.0231263
     18.2600000      0.0205734      0.0260114
     18.2800000      0.0227301      0.0285447
     18.3000000      0.0245552      0.0306867
     18.3200000      0.0260222      0.0324056
     18.3400000      0.0271116      0.0336771
     18.3600000      0.0278105      0.0344847
     18.3800000      0.0281127      0.0348202
     18.4000000      0.0280190      0.0346834
     18.4200000      0.0275367      0.0340821
     18.4400000      0.0266797      0.0330315
     18.4600000      0.0254675      0.0315541
     18.4800000      0.0239255      0.0296790
     18.5000000      0.0220838      0.0274412
     18.5200000      0.0199770      0.0248811
     18.5400000      0.0176430      0.0220433
     18.5600000      0.0151231      0.0189759
     18.5800000      0.0124601      0.0157298
     18.6000000      0.0096987      0.0123575
     18.6200000      0.0068839      0.0089122
     18.6400000      0.0040603      0.0054468
     18.6600000      0.0012717      0.0020134
     18.6800000     -0.0014397     -0.0013381
     18.7000000     -0.0040341     -0.0045603
     18.7200000     -0.0064749     -0.0076096
     18.7400000     -0.0087286     -0.0104461
     18.7600000     -0.0107659     -0.0130347
     18.7800000     -0.0125617     -0.0153454
     18.8000000     -0.0140955     -0.0173534
     18.8200000     -0.0153515     -0.0190397
     18.8400000     -0.0163190     -0.0203911
     18.8600000     -0.0169919     -0.0213999
     18.8800000     -0.0173694     -0.0220643
     18.9000000     -0.0174550     -0.0223880
     18.9200000     -0.0172568     -0.0223796
     18.9400000     -0.0167872     -0.0220531
     18.9600000     -0.0160625     -0.0214264
     18.9800000     -0.0151023     -0.0205216
     19.0000000     -0.0139292     -0.0193643
     19.0200000     -0.0125685     -0.0179827
     19.0400000     -0.0110475     -0.0164075
     19.0600000     -0.0093949     -0.0146707
     19.0800000     -0.0076405     -0.0128057
     19.1000000     -0.0058147     -0.0108461
     19.1200000     -0.0039478     -0.0088253
     19.1400000     -0.0020695     -0.0067761
     19.1600000     -0.0002089     -0.0047302
     19.1800000      0.0016065     -0.0027173
     19.2000000      0.0033509     -0.0007655
     19.2200000      0.0050003      0.0010998
     19.2400000      0.0065333      0.0028558
     19.2600000      0.0079307      0.0044827
     19.2800000      0.0091763      0.0059634
     19.3000000      0.0102565      0.0072843
     19.3200000      0.0111607      0.0084347
     19.3400000      0.0118812      0.0094070
     19.3600000      0.0124131      0.0101967
     19.3800000      0.0127544      0.0108022
     19.4000000      0.0129056      0.0112245
     19.4200000      0.0128700      0.0114670
     19.4400000      0.0126530      0.0115355
     19.4600000      0.0122624      0.0114376
     19.4800000      0.0117077      0.0111825
     19.5000000      0.0110003      0.0107811
     19.5200000      0.0101529      0.0102450
     19.5400000      0.0091793      0.0095869
     19.5600000      0.0080945      0.0088198
     19.5800000      0.0069139      0.0079571
     19.6000000      0.0056536      0.0070123
     19.6200000      0.0043296      0.0059987
     19.6400000      0.0029583      0.0049292
     19.6600000      0.0015555      0.0038163
     19.6800000      0.0001368      0.0026719
     19.7000000     -0.0012828      0.0015072
     19.7200000     -0.0026888      0.0003326
     19.7400000     -0.0040678     -0.0008420
     19.7600000     -0.0054071     -0.0020078
     19.7800000     -0.0066950     -0.0031566
     19.8000000     -0.0079209     -0.0042808
     19.8200000     -0.0090751     -0.0053737
     19.8400000     -0.0101493     -0.0064289
     19.8600000     -0.0111360     -0.0074408
     19.8800000     -0.0120290     -0.0084041
     19.9000000     -0.0128231     -0.0093138
     19.9200000     -0.0135141     -0.0101652
     19.9400000     -0.0140992     -0.0109542
     19.9600000     -0.0145760     -0.0116763
     19.9800000     -0.0149437     -0.0123277
     20.0000000     -0.0152019     -0.0129044
     20.0200000     -0.0153514     -0.0134026
     20.0400000     -0.0153938     -0.0138187
     20.0600000     -0.0153313     -0.0141494
     20.0800000     -0.0151671     -0.0143913
     20.1000000     -0.0149048     -0.0145415
     20.1200000     -0.0145489     -0.0145974
     20.1400000     -0.0141045     -0.0145569
     20.1600000     -0.0135771     -0.0144183
     20.1800000     -0.0129728     -0.0141805
     20.2000000     -0.0122982     -0.0138432
     20.2200000     -0.0115602     -0.0134068
     20.2400000     -0.0107661     -0.0128727
     20.2600000     -0.0099236     -0.0122431
     20.2800000     -0.0090405     -0.0115213
     20.3000000     -0.0081249     -0.0107115
     20.3200000     -0.0071847     -0.0098191
     20.3400000     -0.0062283     -0.0088505
     20.3600000     -0.0052637     -0.0078133
     20.3800000     -0.0042988     -0.0067157
     20.4000000     -0.0033415     -0.0055673
     20.4200000     -0.0023992     -0.0043781
     20.4400000     -0.0014790     -0.0031592
     20.4600000     -0.0005876     -0.0019221
     20.4800000      0.0002688     -0.0006787
     20.5000000      0.0010848      0.0005589
     20.5200000      0.0018554      0.0017782
     20.5400000      0.0025765      0.0029671
     20.5600000      0.0032447      0.0041138
     20.5800000      0.0038575      0.0052069
     20.6000000      0.0044130      0.0062356
     20.6200000      0.0049105      0.0071902
     20.6400000      0.0053498      0.0080619
     20.6600000      0.0057317      0.0088430
     20.6800000      0.0060579      0.0095273
     20.7000000      0.0063306      0.0101100
     20.7200000      0.0065529      0.0105877
     20.7400000      0.0067285      0.0109585
     20.7600000      0.0068615      0.0112224
     20.7800000      0.0069565      0.0113805
     20.8000000      0.0070184      0.0114359
     20.8200000      0.0070525      0.0113928
     20.8400000      0.0070639      0.0112568
     20.8600000      0.0070579      0.0110348
     20.8800000      0.0070393      0.0107347
     20.9000000      0.0070129      0.0103653
     20.9200000      0.0069831      0.0099360
     20.9400000      0.0069535      0.0094568
     20.9600000      0.0069274      0.0089377
     20.9800000      0.0069071      0.0083890
     21.0000000      0.0068944      0.0078206
     21.0200000      0.0068899      0.0072421
     21.0400000      0.0068937      0.0066625
     21.0600000      0.0069047      0.0060898
     21.0800000      0.0069212      0.0055313
     21.1000000      0.0069405      0.0049931
     21.1200000      0.0069589      0.0044799
     21.1400000      0.0069725      0.0039954
     21.1600000      0.0069762      0.0035418
     21.1800000      0.0069647      0.0031199
     21.2000000      0.0069323      0.0027293
     21.2200000      0.0068730      0.0023682
     21.2400000      0.0067807      0.0020338
     21.2600000      0.0066494      0.0017219
     21.2800000      0.0064734      0.0014278
     21.3000000      0.0062474      0.0011459
     21.3200000      0.0059666      0.0008699
     21.3400000      0.0056270      0.0005936
     21.3600000      0.0052257      0.0003103
     21.3800000      0.0047605      0.0000136
     21.4000000      0.0042306     -0.0003024
     21.4200000      0.0036365     -0.0006430
     21.4400000      0.0029799     -0.0010130
     21.4600000      0.0022640     -0.0014158
     21.4800000      0.0014933     -0.0018537
     21.5000000      0.0006739     -0.0023277
     21.5200000     -0.0001869     -0.0028375
     21.5400000     -0.0010805     -0.0033809
     21.5600000     -0.0019969     -0.0039545
     21.5800000     -0.0029253     -0.0045529
     21.6000000     -0.0038538     -0.0051695
     21.6200000     -0.0047697     -0.0057961
     21.6400000     -0.0056600     -0.0064231
     21.6600000     -0.0065112     -0.0070397
     21.6800000     -0.0073097     -0.0076343
     21.7000000     -0.0080422     -0.0081942
     21.7200000     -0.0086957     -0.0087065
     21.7400000     -0.0092580     -0.0091579
     21.7600000     -0.0097175     -0.0095351
     21.7800000     -0.0100641     -0.0098252
     21.8000000     -0.0102889     -0.0100161
     21.8200000     -0.0103846     -0.0100964
     21.8400000     -0.0103456     -0.0100562
     21.8600000     -0.0101684     -0.0098871
     21.8800000     -0.0098512     -0.0095824
     21.9000000     -0.0093947     -0.0091375
     21.9200000     -0.0088014     -0.0085501
     21.9400000     -0.0080761     -0.0078201
     21.9600000     -0.0072260     -0.0069501
     21.9800000     -0.0062600     -0.0059450
     22.0000000     -0.0051892     -0.0048126
     22.0200000     -0.0040265     -0.0035628
     22.0400000     -0.0027865     -0.0022082
     22.0600000     -0.0014850     -0.0007637
     22.0800000     -0.0001393      0.0007539
     22.1000000      0.0012325      0.0023257
     22.1200000      0.0026116      0.0039315
     22.1400000      0.0039790      0.0055496
     22.1600000      0.0053154      0.0071576
     22.1800000      0.0066019      0.0087324
     22.2000000      0.0078204      0.0102509
     22.2200000      0.0089533      0.0116903
     22.2400000      0.0099845      0.0130284
     22.2600000      0.0108992      0.0142440
     22.2800000      0.0116844      0.0153175
     22.3000000      0.0123290      0.0162311
     22.3200000      0.0128240      0.0169693
     22.3400000      0.0131626      0.0175188
     22.3600000      0.0133406      0.0178694
     22.3800000      0.0133559      0.0180135
     22.4000000      0.0132092      0.0179470
     22.4200000      0.0129036      0.0176686
     22.4400000      0.0124444      0.0171807
     22.4600000      0.0118393      0.0164886
     22.4800000      0.0110982      0.0156011
     22.5000000      0.0102329      0.0145298
     22.5200000      0.0092570      0.0132894
     22.5400000      0.0081855      0.0118969
     22.5600000      0.0070346      0.0103720
     22.5800000      0.0058217      0.0087363
     22.6000000      0.0045645      0.0070128
     22.6200000      0.0032812      0.0052261
     22.6400000      0.0019899      0.0034013
     22.6600000      0.0007084      0.0015640
     22.6800000     -0.0005460     -0.0002604
     22.7000000     -0.0017571     -0.0020467
     22.7200000     -0.0029098     -0.0037711
     22.7400000     -0.0039904     -0.0054108
     22.7600000     -0.0049869     -0.0069449
     22.7800000     -0.0058890     -0.0083547
     22.8000000     -0.0066886     -0.0096237
     22.8200000     -0.0073794     -0.0107382
     22.8400000     -0.0079573     -0.0116873
     22.8600000     -0.0084205     -0.0124633
     22.8800000     -0.0087690     -0.0130613
     22.9000000     -0.0090051     -0.0134799
     22.9200000     -0.0091331     -0.0137205
     22.9400000     -0.0091587     -0.0137878
     22.9600000     -0.0090898     -0.0136892
     22.9800000     -0.0089352     -0.0134349
     23.0000000     -0.0087052     -0.0130374
     23.0200000     -0.0084109     -0.0125116
     23.0400000     -0.0080643     -0.0118739
     23.0600000     -0.0076775     -0.0111425
     23.0800000     -0.0072630     -0.0103362
     23.1000000     -0.0068329     -0.0094748
     23.1200000     -0.0063990     -0.0085782
     23.1400000     -0.0059726     -0.0076663
     23.1600000     -0.0055639     -0.0067582
     23.1800000     -0.0051819     -0.0058721
     23.2000000     -0.0048346     -0.0050252
     23.2200000     -0.0045284     -0.0042326
     23.2400000     -0.0042680     -0.0035077
     23.2600000     -0.0040566     -0.0028620
     23.2800000     -0.0038958     -0.0023041
     23.3000000     -0.0037854     -0.0018406
     23.3200000     -0.0037234     -0.0014753
     23.3400000     -0.0037065     -0.0012095
     23.3600000     -0.0037298     -0.0010418
     23.3800000     -0.0037870     -0.0009684
     23.4000000     -0.0038708     -0.0009832
     23.4200000     -0.0039726     -0.0010778
     23.4400000     -0.0040834     -0.0012420
     23.4600000     -0.0041936     -0.0014639
     23.4800000     -0.0042931     -0.0017301
     23.5000000     -0.0043722     -0.0020265
     23.5200000     -0.0044210     -0.0023379
     23.5400000     -0.0044303     -0.0026491
     23.5600000     -0.0043917     -0.0029450
     23.5800000     -0.0042976     -0.0032106
     23.6000000     -0.0041415     -0.0034320
     23.6200000     -0.0039184     -0.0035961
     23.6400000     -0.0036246     -0.0036916
     23.6600000     -0.0032581     -0.0037085
     23.6800000     -0.0028185     -0.0036390
     23.7000000     -0.0023072     -0.0034771
     23.7200000     -0.0017272     -0.0032195
     23.7400000     -0.0010834     -0.0028648
     23.7600000     -0.0003820     -0.0024142
     23.7800000      0.0003690     -0.0018713
     23.8000000      0.0011603     -0.0012420
     23.8200000      0.0019813     -0.0005344
     23.8400000      0.0028204      0.0002415
     23.8600000      0.0036653      0.0010737
     23.8800000      0.0045031      0.0019487
     23.9000000      0.0053203      0.0028517
     23.9200000      0.0061038      0.0037667
     23.9400000      0.0068403      0.0046774
     23.9600000      0.0075171      0.0055670
     23.9800000      0.0081223      0.0064186
     24.0000000      0.0086449      0.0072159
     24.0200000      0.0090750      0.0079432
     24.0400000      0.0094043      0.0085860
     24.0600000      0.0096259      0.0091312
     24.0800000      0.0097348      0.0095670
     24.1000000      0.0097275      0.0098839
     24.1200000      0.0096028      0.0100744
     24.1400000      0.0093614      0.0101331
     24.1600000      0.0090056      0.0100572
     24.1800000      0.0085402      0.0098461
     24.2000000      0.0079715      0.0095020
     24.2200000      0.0073075      0.0090293
     24.2400000      0.0065582      0.0084347
     24.2600000      0.0057347      0.0077272
     24.2800000      0.0048495      0.0069180
     24.3000000      0.0039161      0.0060199
     24.3200000      0.0029489      0.0050474
     24.3400000      0.0019627      0.0040161
     24.3600000      0.0009725      0.0029429
     24.3800000     -0.0000065      0.0018451
     24.4000000     -0.0009594      0.0007404
     24.4200000     -0.0018721     -0.0003535
     24.4400000     -0.0027309     -0.0014192
     24.4600000     -0.0035235     -0.0024402
     24.4800000     -0.0042385     -0.0034008
     24.5000000     -0.0048662     -0.0042865
     24.5200000     -0.0053984     -0.0050847
     24.5400000     -0.0058286     -0.0057842
     24.5600000     -0.0061521     -0.0063761
     24.5800000     -0.0063662     -0.0068532
     24.6000000     -0.0064700     -0.0072108
     24.6200000     -0.0064645     -0.0074465
     24.6400000     -0.0063528     -0.0075601
     24.6600000     -0.0061394     -0.0075534
     24.6800000     -0.0058307     -0.0074308
     24.7000000     -0.0054346     -0.0071984
     24.7200000     -0.0049604     -0.0068643
     24.7400000     -0.0044182     -0.0064381
     24.7600000     -0.0038196     -0.0059312
     24.7800000     -0.0031764     -0.0053558
     24.8000000     -0.0025013     -0.0047251
     24.8200000     -0.0018068     -0.0040530
     24.8400000     -0.0011056     -0.0033537
     24.8600000     -0.0004103     -0.0026414
     24.8800000      0.0002673     -0.0019297
     24.9000000      0.0009160     -0.0012322
     24.9200000      0.0015254     -0.0005611
     24.9400000      0.0020863      0.0000721
     24.9600000      0.0025908      0.0006574
     24.9800000      0.0030323      0.0011862
     25.0000000      0.0034056      0.0016517
     25.0200000      0.0037072      0.0020486
     25.0400000      0.0039351      0.0023736
     25.0600000      0.0040889      0.0026252
     25.0800000      0.0041695      0.0028036
     25.1000000      0.0041797      0.0029111
     25.1200000      0.0041234      0.0029514
     25.1400000      0.0040057      0.0029298
     25.1600000      0.0038331      0.0028530
     25.1800000      0.0036128      0.0027291
     25.2000000      0.0033530      0.0025668
     25.2200000      0.0030624      0.0023759
     25.2400000      0.0027499      0.0021664
     25.2600000      0.0024247      0.0019489
     25.2800000      0.0020962      0.0017336
     25.3000000      0.0017731      0.0015306
     25.3200000      0.0014641      0.0013495
     25.3400000      0.0011769      0.0011991
     25.3600000      0.0009187      0.0010870
     25.3800000      0.0006956      0.0010200
     25.4000000      0.0005127      0.0010033
     25.4200000      0.0003739      0.0010407
     25.4400000      0.0002819      0.0011345
     25.4600000      0.0002380      0.0012853
     25.4800000      0.0002423      0.0014920
     25.5000000      0.0002935      0.0017520
     25.5200000      0.0003893      0.0020611
     25.5400000      0.0005257      0.0024135
     25.5600000      0.0006982      0.0028022
     25.5800000      0.0009008      0.0032188
     25.6000000      0.0011269      0.0036542
     25.6200000      0.0013692      0.0040980
     25.6400000      0.0016198      0.0045397
     25.6600000      0.0018705      0.0049681
     25.6800000      0.0021128      0.0053721
     25.7000000      0.0023384      0.0057405
     25.7200000      0.0025391      0.0060628
     25.7400000      0.0027071      0.0063288
     25.7600000      0.0028351      0.0065295
     25.7800000      0.0029167      0.0066567
     25.8000000      0.0029463      0.0067036
     25.8200000      0.0029192      0.0066646
     25.8400000      0.0028319      0.0065360
     25.8600000      0.0026821      0.0063155
     25.8800000      0.0024688      0.0060025
     25.9000000      0.0021922      0.0055983
     25.9200000      0.0018538      0.0051057
     25.9400000      0.0014565      0.0045295
     25.9600000      0.0010042      0.0038759
     25.9800000      0.0005022      0.0031527
     26.0000000     -0.0000431      0.0023689
     26.0200000     -0.0006246      0.0015349
     26.0400000     -0.0012342      0.0006621
     26.0600000     -0.0018631     -0.0002374
     26.0800000     -0.0025021     -0.0011510
     26.1000000     -0.0031414     -0.0020656
     26.1200000     -0.0037714     -0.0029682
     26.1400000     -0.0043823     -0.0038457
     26.1600000     -0.0049644     -0.0046857
     26.1800000     -0.0055087     -0.0054763
     26.2000000     -0.0060063     -0.0062063
     26.2200000     -0.0064494     -0.0068659
     26.2400000     -0.0068307     -0.0074462
     26.2600000     -0.0071443     -0.0079398
     26.2800000     -0.0073849     -0.0083409
     26.3000000     -0.0075487     -0.0086451
     26.3200000     -0.0076329     -0.0088498
     26.3400000     -0.0076361     -0.0089540
     26.3600000     -0.0075583     -0.0089585
     26.3800000     -0.0074005     -0.0088657
     26.4000000     -0.0071652     -0.0086793
     26.4200000     -0.0068559     -0.0084048
     26.4400000     -0.0064775     -0.0080491
     26.4600000     -0.0060357     -0.0076199
     26.4800000     -0.0055372     -0.0071263
     26.5000000     -0.0049895     -0.0065781
     26.5200000     -0.0044007     -0.0059857
     26.5400000     -0.0037796     -0.0053600
     26.5600000     -0.0031352     -0.0047121
     26.5800000     -0.0024768     -0.0040532
     26.6000000     -0.0018136     -0.0033940
     26.6200000     -0.0011547     -0.0027452
     26.6400000     -0.0005091     -0.0021167
     26.6600000      0.0001148     -0.0015175
     26.6800000      0.0007090     -0.0009561
     26.7000000      0.0012663     -0.0004396
     26.7200000      0.0017802      0.0000259
     26.7400000      0.0022451      0.0004354
     26.7600000      0.0026563      0.0007854
     26.7800000      0.0030102      0.0010735
     26.8000000      0.0033041      0.0012987
     26.8200000      0.0035364      0.0014611
     26.8400000      0.0037065      0.0015622
     26.8600000      0.0038149      0.0016044
     26.8800000      0.0038629      0.0015914
     26.9000000      0.0038530      0.0015276
     26.9200000      0.0037881      0.0014182
     26.9400000      0.0036724      0.0012690
     26.9600000      0.0035103      0.0010865
     26.9800000      0.0033069      0.0008773
     27.0000000      0.0030680      0.0006482
     27.0200000      0.0027993      0.0004061
     27.0400000      0.0025069      0.0001577
     27.0600000      0.0021972     -0.0000906
     27.0800000      0.0018762     -0.0003327
     27.1000000      0.0015501     -0.0005631
     27.1200000      0.0012246     -0.0007769
     27.1400000      0.0009053     -0.0009699
     27.1600000      0.0005973     -0.0011387
     27.1800000      0.0003051     -0.0012805
     27.2000000      0.0000330     -0.0013935
     27.2200000     -0.0002156     -0.0014766
     27.2400000     -0.0004378     -0.0015296
     27.2600000     -0.0006313     -0.0015528
     27.2800000     -0.0007945     -0.0015475
     27.3000000     -0.0009262     -0.0015153
     27.3200000     -0.0010262     -0.0014586
     27.3400000     -0.0010945     -0.0013799
     27.3600000     -0.0011318     -0.0012823
     27.3800000     -0.0011392     -0.0011690
     27.4000000     -0.0011183     -0.0010434
     27.4200000     -0.0010711     -0.0009086
     27.4400000     -0.0009996     -0.0007679
     27.4600000     -0.0009065     -0.0006242
     27.4800000     -0.0007942     -0.0004803
     27.5000000     -0.0006654     -0.0003384
     27.5200000     -0.0005228     -0.0002004
     27.5400000     -0.0003691     -0.0000677
     27.5600000     -0.0002068      0.0000588
     27.5800000     -0.0000383      0.0001789
     27.6000000      0.0001341      0.0002927
     27.6200000      0.0003085      0.0004010
     27.6400000      0.0004829      0.0005049
     27.6600000      0.0006560      0.0006061
     27.6800000      0.0008263      0.0007066
     27.7000000      0.0009930      0.0008086
     27.7200000      0.0011553      0.0009146
     27.7400000      0.0013125      0.0010273
     27.7600000      0.0014643      0.0011492
     27.7800000      0.0016107      0.0012829
     27.8000000      0.0017515      0.0014307
     27.8200000      0.0018869      0.0015947
     27.8400000      0.0020169      0.0017765
     27.8600000      0.0021418      0.0019774
     27.8800000      0.0022616      0.0021980
     27.9000000      0.0023766      0.0024385
     27.9200000      0.0024867      0.0026982
     27.9400000      0.0025917      0.0029761
     27.9600000      0.0026915      0.0032703
     27.9800000      0.0027857      0.0035780
     28.0000000      0.0028735      0.0038963
     28.0200000      0.0029544      0.0042211
     28.0400000      0.0030273      0.0045482
     28.0600000      0.0030911      0.0048726
     28.0800000      0.0031446      0.0051891
     28.1000000      0.0031864      0.0054920
     28.1200000      0.0032149      0.0057757
     28.1400000      0.0032285      0.0060342
     28.1600000      0.0032257      0.0062618
     28.1800000      0.0032049      0.0064528
     28.2000000      0.0031645      0.0066019
     28.2200000      0.0031031      0.0067041
     28.2400000      0.0030194      0.0067552
     28.2600000      0.0029123      0.0067513
     28.2800000      0.0027809      0.0066895
     28.3000000      0.0026247      0.0065676
     28.3200000      0.0024435      0.0063844
     28.3400000      0.0022372      0.0061395
     28.3600000      0.0020064      0.0058338
     28.3800000      0.0017520      0.0054687
     28.4000000      0.0014750      0.0050470
     28.4200000      0.0011773      0.0045723
     28.4400000      0.0008608      0.0040493
     28.4600000      0.0005279      0.0034832
     28.4800000      0.0001813      0.0028802
     28.5000000     -0.0001758      0.0022473
     28.5200000     -0.0005402      0.0015918
     28.5400000     -0.0009082      0.0009215
     28.5600000     -0.0012763      0.0002447
     28.5800000     -0.0016404     -0.0004305
     28.6000000     -0.0019967     -0.0010956
     28.6200000     -0.0023413     -0.0017425
     28.6400000     -0.0026704     -0.0023634
     28.6600000     -0.0029803     -0.0029508
     28.6800000     -0.0032675     -0.0034977
     28.7000000     -0.0035288     -0.0039979
     28.7200000     -0.0037614     -0.0044460
     28.7400000     -0.0039626     -0.0048375
     28.7600000     -0.0041305     -0.0051687
     28.7800000     -0.0042634     -0.0054370
     28.8000000     -0.0043601     -0.0056410
     28.8200000     -0.0044200     -0.0057801
     28.8400000     -0.0044430     -0.0058550
     28.8600000     -0.0044295     -0.0058672
     28.8800000     -0.0043803     -0.0058196
     28.9000000     -0.0042969     -0.0057155
     28.9200000     -0.0041811     -0.0055596
     28.9400000     -0.0040352     -0.0053570
     28.9600000     -0.0038620     -0.0051135
     28.9800000     -0.0036645     -0.0048355
     29.0000000     -0.0034459     -0.0045298
     29.0200000     -0.0032097     -0.0042035
     29.0400000     -0.0029598     -0.0038635
     29.0600000     -0.0026997     -0.0035172
     29.0800000     -0.0024333     -0.0031713
     29.1000000     -0.0021644     -0.0028326
     29.1200000     -0.0018964     -0.0025072
     29.1400000     -0.0016329     -0.0022009
     29.1600000     -0.0013770     -0.0019186
     29.1800000     -0.0011315     -0.0016648
     29.2000000     -0.0008991     -0.0014429
     29.2200000     -0.0006819     -0.0012555
     29.2400000     -0.0004816     -0.0011045
     29.2600000     -0.0002996     -0.0009908
     29.2800000     -0.0001366     -0.0009143
     29.3000000      0.0000068     -0.0008741
     29.3200000      0.0001307     -0.0008685
     29.3400000      0.0002356     -0.0008950
     29.3600000      0.0003223     -0.0009505
     29.3800000      0.0003921     -0.0010312
     29.4000000      0.0004465     -0.0011327
     29.4200000      0.0004873     -0.0012503
     29.4400000      0.0005167     -0.0013791
     29.4600000      0.0005369     -0.0015139
     29.4800000      0.0005503     -0.0016495
     29.5000000      0.0005592     -0.0017808
     29.5200000      0.0005662     -0.0019029
     29.5400000      0.0005735     -0.0020111
     29.5600000      0.0005835     -0.0021013
     29.5800000      0.0005982     -0.0021697
     29.6000000      0.0006193     -0.0022133
     29.6200000      0.0006486     -0.0022295
     29.6400000      0.0006871     -0.0022167
     29.6600000      0.0007360     -0.0021736
     29.6800000      0.0007956     -0.0021001
     29.7000000      0.0008662     -0.0019965
     29.7200000      0.0009476     -0.0018640
     29.7400000      0.0010393     -0.0017045
     29.7600000      0.0011403     -0.0015205
     29.7800000      0.0012494     -0.0013151
     29.8000000      0.0013649     -0.0010918
     29.8200000      0.0014851     -0.0008548
     29.8400000      0.0016079     -0.0006082
     29.8600000      0.0017310     -0.0003568
     29.8800000      0.0018520     -0.0001051
     29.9000000      0.0019684      0.0001420
     29.9200000      0.0020779      0.0003801
     29.9400000      0.0021778      0.0006046
     29.9600000      0.0022658      0.0008115
