       2500
     
       0.000000      -0.380068       0.000000
       0.020000      -0.380068       0.000000
       0.040000      -0.380068       0.000000
       0.060000      -0.380068       0.000000
       0.080000      -0.380068       0.000000
       0.100000      -0.380068       0.000000
       0.120000      -0.380068       0.000000
       0.140000      -0.380068       0.000000
       0.160000      -0.380068       0.271548
       0.180000      -0.380067       0.151720
       0.200000      -0.380067       0.091786
       0.220000       0.022216       0.061653
       0.240000      -0.124740       0.045353
       0.260000      -0.357475       0.036148
       0.280000      -0.482513       0.030223
       0.300000      -0.508972       0.026447
       0.320000      -0.587711       0.023929
       0.340000      -0.606831       0.022037
       0.360000      -0.608121       0.020921
       0.380000      -0.619396       0.020255
       0.400000      -0.666888       0.019962
       0.420000      -0.636277       0.021721
       0.440000      -0.605126       0.020802
       0.460000      -0.674264       0.017723
       0.480000      -0.697087       0.015056
       0.500000      -0.669539       0.013001
       0.520000      -0.655244       0.011288
       0.540000      -0.656914       0.009920
       0.560000      -0.639937       0.008921
       0.580000      -0.653023       0.008148
       0.600000      -0.657517       0.007587
       0.620000      -0.690222       0.007312
       0.640000      -0.695133       0.007057
       0.660000      -0.700770       0.006851
       0.680000      -0.692412       0.006707
       0.700000      -0.695965       0.006621
       0.720000      -0.695201       0.006609
       0.740000      -0.691066       0.006652
       0.760000      -0.690989       0.006704
       0.780000      -0.686095       0.006761
       0.800000      -0.691848       0.006830
       0.820000      -0.696226       0.006906
       0.840000      -0.693374       0.006991
       0.860000      -0.685448       0.007100
       0.880000      -0.678872       0.007204
       0.900000      -0.678122       0.007287
       0.920000      -0.685446       0.007377
       0.940000      -0.675728       0.007473
       0.960000      -0.676971       0.007516
       0.980000      -0.673852       0.007484
       1.000000      -0.685019       0.007330
       1.020000      -0.677338       0.007104
       1.040000      -0.668982       0.006813
       1.060000      -0.667118       0.006498
       1.080000      -0.674731       0.006205
       1.100000      -0.672643       0.005936
       1.120000      -0.666927       0.005689
       1.140000      -0.663938       0.005476
       1.160000      -0.651874       0.005288
       1.180000      -0.645021       0.005106
       1.200000      -0.608509       0.004967
       1.220000      -0.550769       0.004861
       1.240000      -0.534799       0.004733
       1.260000      -0.583165       0.004577
       1.280000      -0.625179       0.004434
       1.300000      -0.642232       0.004321
       1.320000      -0.643525       0.004231
       1.340000      -0.643495       0.004148
       1.360000      -0.645453       0.004074
       1.380000      -0.645611       0.004008
       1.400000      -0.644949       0.003942
       1.420000      -0.644953       0.003870
       1.440000      -0.642688       0.003804
       1.460000      -0.646688       0.003747
       1.480000      -0.646022       0.003708
       1.500000      -0.639859       0.003678
       1.520000      -0.642819       0.003654
       1.540000      -0.641522       0.003653
       1.560000      -0.637668       0.003662
       1.580000      -0.638291       0.003681
       1.600000      -0.635890       0.003702
       1.620000      -0.616787       0.003727
       1.640000      -0.580747       0.003759
       1.660000      -0.431863       0.003854
       1.680000      -0.095676       0.004050
       1.700000       0.172565       0.004214
       1.720000       0.055821       0.004175
       1.740000      -0.243689       0.004036
       1.760000      -0.470405       0.003912
       1.780000      -0.578833       0.003849
       1.800000      -0.610173       0.003834
       1.820000      -0.619411       0.003827
       1.840000      -0.622996       0.003819
       1.860000      -0.619690       0.003823
       1.880000      -0.609520       0.003830
       1.900000      -0.585599       0.003849
       1.920000      -0.486947       0.003909
       1.940000      -0.152405       0.004104
       1.960000       0.600787       0.004508
       1.980000       1.553796       0.004978
       2.000000       1.540189       0.004982
       2.020000       0.379325       0.004423
       2.040000      -0.291906       0.004064
       2.060000      -0.502638       0.003948
       2.080000      -0.547235       0.003930
       2.100000      -0.540613       0.003937
       2.120000      -0.514261       0.003956
       2.140000      -0.498130       0.003968
       2.160000      -0.468873       0.003985
       2.180000      -0.343524       0.004051
       2.200000      -0.097489       0.004188
       2.220000       0.060469       0.004278
       2.240000      -0.240797       0.004116
       2.260000      -0.504200       0.003964
       2.280000      -0.599837       0.003914
       2.300000      -0.618998       0.003910
       2.320000      -0.622984       0.003900
       2.340000      -0.623617       0.003902
       2.360000      -0.595498       0.003919
       2.380000      -0.528375       0.003958
       2.400000      -0.433657       0.004011
       2.420000      -0.417107       0.004030
       2.440000      -0.476124       0.003999
       2.460000      -0.478249       0.003989
       2.480000      -0.398433       0.004024
       2.500000      -0.236772       0.004101
       2.520000      -0.121935       0.004157
       2.540000      -0.330823       0.004038
       2.560000      -0.525625       0.003930
       2.580000      -0.592165       0.003882
       2.600000      -0.610642       0.003863
       2.620000      -0.608667       0.003861
       2.640000      -0.591129       0.003861
       2.660000      -0.513047       0.003896
       2.680000      -0.371837       0.003966
       2.700000      -0.251099       0.004027
       2.720000      -0.046864       0.004128
       2.740000       0.460698       0.004370
       2.760000       0.704475       0.004472
       2.780000       0.167467       0.004218
       2.800000      -0.109431       0.004088
       2.820000       0.034103       0.004150
       2.840000       0.446028       0.004337
       2.860000       0.820350       0.004494
       2.880000       1.058890       0.004580
       2.900000       0.509066       0.004331
       2.920000      -0.158603       0.004016
       2.940000      -0.429705       0.003884
       2.960000      -0.521373       0.003845
       2.980000      -0.539110       0.003850
       3.000000      -0.523389       0.003879
       3.020000      -0.485510       0.003908
       3.040000      -0.383348       0.003969
       3.060000      -0.217389       0.004057
       3.080000       0.246563       0.004281
       3.100000       1.185814       0.004694
       3.120000       1.423154       0.004805
       3.140000       0.659984       0.004496
       3.160000       0.146580       0.004283
       3.180000      -0.224603       0.004121
       3.200000      -0.450433       0.004021
       3.220000      -0.528134       0.003989
       3.240000      -0.554673       0.003984
       3.260000      -0.567663       0.003986
       3.280000      -0.562190       0.003993
       3.300000      -0.523971       0.004021
       3.320000      -0.452891       0.004057
       3.340000      -0.253188       0.004148
       3.360000       0.198314       0.004356
       3.380000       1.002664       0.004710
       3.400000       1.806089       0.005029
       3.420000       1.920447       0.005047
       3.440000       2.501619       0.005242
       3.460000       3.690888       0.005651
       3.480000       3.720159       0.005629
       3.500000       2.701745       0.005223
       3.520000       1.486759       0.004713
       3.540000       0.670605       0.004325
       3.560000      -0.025351       0.003970
       3.580000      -0.357933       0.003777
       3.600000      -0.477513       0.003685
       3.620000      -0.508338       0.003643
       3.640000      -0.474383       0.003637
       3.660000      -0.350756       0.003678
       3.680000      -0.058388       0.003796
       3.700000       0.510339       0.004032
       3.720000       0.746287       0.004107
       3.740000       0.301953       0.003879
       3.760000       0.253582       0.003823
       3.780000       0.789143       0.004030
       3.800000       1.339565       0.004226
       3.820000       1.040120       0.004076
       3.840000       0.421317       0.003782
       3.860000      -0.055216       0.003540
       3.880000      -0.123350       0.003482
       3.900000       0.071995       0.003551
       3.920000      -0.036907       0.003475
       3.940000      -0.272065       0.003343
       3.960000      -0.352880       0.003279
       3.980000      -0.420076       0.003225
       4.000000      -0.394539       0.003218
       4.020000      -0.199984       0.003306
       4.040000       0.341492       0.003553
       4.060000       1.574799       0.004047
       4.080000       2.318300       0.004297
       4.100000       1.158287       0.003812
       4.120000       0.103970       0.003312
       4.140000      -0.249863       0.003089
       4.160000      -0.295271       0.003007
       4.180000      -0.314227       0.002931
       4.200000      -0.262283       0.002878
       4.220000      -0.150112       0.002849
       4.240000       0.380999       0.002995
       4.260000       0.623603       0.003022
       4.280000      -0.154533       0.002676
       4.300000      -0.404547       0.002548
       4.320000      -0.343548       0.002560
       4.340000      -0.208029       0.002619
       4.360000      -0.321070       0.002580
       4.380000      -0.194771       0.002637
       4.400000      -0.107910       0.002674
       4.420000      -0.063564       0.002687
       4.440000      -0.275005       0.002597
       4.460000      -0.536934       0.002483
       4.480000      -0.623633       0.002449
       4.500000      -0.653863       0.002439
       4.520000      -0.665226       0.002441
       4.540000      -0.665474       0.002446
       4.560000      -0.652340       0.002449
       4.580000      -0.627081       0.002463
       4.600000      -0.572545       0.002491
       4.620000      -0.481286       0.002537
       4.640000      -0.266539       0.002634
       4.660000      -0.100858       0.002706
       4.680000      -0.193860       0.002667
       4.700000      -0.186489       0.002670
       4.720000      -0.082084       0.002716
       4.740000       0.378707       0.002909
       4.760000       0.444140       0.002944
       4.780000      -0.112500       0.002731
       4.800000      -0.289661       0.002670
       4.820000      -0.287531       0.002682
       4.840000      -0.277370       0.002696
       4.860000      -0.240659       0.002717
       4.880000      -0.063521       0.002803
       4.900000      -0.159605       0.002773
       4.920000      -0.129791       0.002783
       4.940000       0.201719       0.002925
       4.960000       0.633150       0.003107
       4.980000       0.942427       0.003237
       5.000000       0.366299       0.003023
       5.020000      -0.084718       0.002844
       5.040000      -0.180626       0.002815
       5.060000      -0.048028       0.002887
       5.080000       0.443937       0.003108
       5.100000       0.580511       0.003182
       5.120000       0.010214       0.002968
       5.140000      -0.143327       0.002918
       5.160000      -0.091437       0.002956
       5.180000      -0.059183       0.002978
       5.200000      -0.328845       0.002861
       5.220000      -0.532080       0.002771
       5.240000      -0.591376       0.002746
       5.260000      -0.596286       0.002730
       5.280000      -0.597721       0.002724
       5.300000      -0.600861       0.002727
       5.320000      -0.565567       0.002746
       5.340000      -0.476555       0.002796
       5.360000      -0.283359       0.002894
       5.380000       0.134994       0.003096
       5.400000       0.366228       0.003209
       5.420000       0.273765       0.003174
       5.440000      -0.108848       0.003005
       5.460000      -0.224569       0.002951
       5.480000      -0.412217       0.002861
       5.500000      -0.463183       0.002841
       5.520000      -0.500841       0.002827
       5.540000      -0.485084       0.002843
       5.560000      -0.332748       0.002929
       5.580000      -0.146988       0.003030
       5.600000      -0.177694       0.003022
       5.620000      -0.094553       0.003075
       5.640000       0.008602       0.003131
       5.660000       0.312249       0.003283
       5.680000       0.766799       0.003497
       5.700000       0.566116       0.003415
       5.720000       0.206834       0.003259
       5.740000       0.256865       0.003290
       5.760000       0.484680       0.003402
       5.780000       0.297775       0.003320
       5.800000      -0.060271       0.003154
       5.820000      -0.318943       0.003029
       5.840000      -0.409073       0.002991
       5.860000      -0.371286       0.003018
       5.880000      -0.400996       0.003007
       5.900000      -0.381956       0.003020
       5.920000      -0.213179       0.003116
       5.940000       0.029947       0.003252
       5.960000       0.296463       0.003393
       5.980000       0.040588       0.003269
       6.000000       0.013692       0.003265
       6.020000       0.101383       0.003322
       6.040000       0.191182       0.003376
       6.060000       0.545065       0.003561
       6.080000       1.031461       0.003798
       6.100000       0.945949       0.003770
       6.120000       0.400724       0.003517
       6.140000      -0.027014       0.003297
       6.160000      -0.193864       0.003203
       6.180000      -0.147626       0.003230
       6.200000      -0.080739       0.003273
       6.220000      -0.096745       0.003273
       6.240000      -0.106894       0.003275
       6.260000      -0.009251       0.003337
       6.280000       0.387578       0.003558
       6.300000       0.564721       0.003658
       6.320000       0.382644       0.003574
       6.340000       0.024381       0.003388
       6.360000      -0.055702       0.003350
       6.380000       0.024078       0.003404
       6.400000      -0.063261       0.003360
       6.420000      -0.234436       0.003267
       6.440000      -0.303435       0.003230
       6.460000      -0.259524       0.003260
       6.480000      -0.123225       0.003345
       6.500000       0.007428       0.003431
       6.520000       0.063020       0.003468
       6.540000       0.030302       0.003457
       6.560000      -0.114403       0.003378
       6.580000      -0.189039       0.003340
       6.600000      -0.125725       0.003384
       6.620000       0.050647       0.003499
       6.640000       0.092127       0.003532
       6.660000      -0.085286       0.003439
       6.680000      -0.021395       0.003489
       6.700000       0.252687       0.003659
       6.720000       0.553827       0.003836
       6.740000       0.670027       0.003911
       6.760000       0.831163       0.004004
       6.780000       0.602314       0.003885
       6.800000       0.293104       0.003716
       6.820000      -0.000441       0.003548
       6.840000      -0.233177       0.003406
       6.860000      -0.257526       0.003400
       6.880000      -0.243482       0.003418
       6.900000      -0.246125       0.003423
       6.920000      -0.161986       0.003486
       6.940000      -0.074199       0.003551
       6.960000       0.000272       0.003604
       6.980000       0.072003       0.003653
       7.000000       0.134680       0.003699
       7.020000       0.073572       0.003666
       7.040000       0.174223       0.003736
       7.060000       0.528443       0.003957
       7.080000       1.074161       0.004271
       7.100000       1.047291       0.004266
       7.120000       0.427057       0.003918
       7.140000       0.057257       0.003703
       7.160000       0.017874       0.003682
       7.180000       0.012018       0.003687
       7.200000      -0.010820       0.003677
       7.220000      -0.013849       0.003676
       7.240000      -0.033131       0.003668
       7.260000      -0.083582       0.003641
       7.280000      -0.030438       0.003682
       7.300000      -0.014172       0.003702
       7.320000      -0.046005       0.003691
       7.340000       0.027916       0.003747
       7.360000       0.042676       0.003765
       7.380000       0.018439       0.003756
       7.400000       0.070660       0.003798
       7.420000       0.210643       0.003897
       7.440000       0.101760       0.003833
       7.460000      -0.076691       0.003726
       7.480000      -0.089678       0.003725
       7.500000      -0.031975       0.003771
       7.520000      -0.070895       0.003752
       7.540000      -0.116817       0.003726
       7.560000      -0.061720       0.003772
       7.580000       0.050319       0.003853
       7.600000       0.135538       0.003918
       7.620000       0.210704       0.003973
       7.640000       0.208658       0.003980
       7.660000       0.085037       0.003906
       7.680000       0.040445       0.003885
       7.700000       0.009893       0.003871
       7.720000      -0.044555       0.003841
       7.740000      -0.108000       0.003802
       7.760000      -0.132483       0.003790
       7.780000       0.026054       0.003904
       7.800000       0.222259       0.004048
       7.820000       0.107388       0.003983
       7.840000      -0.149131       0.003812
       7.860000      -0.272708       0.003730
       7.880000      -0.266886       0.003743
       7.900000      -0.247682       0.003765
       7.920000      -0.324527       0.003715
       7.940000      -0.414816       0.003656
       7.960000      -0.455544       0.003630
       7.980000      -0.457248       0.003640
       8.000000      -0.421813       0.003676
       8.020000      -0.336029       0.003742
       8.040000      -0.187283       0.003859
       8.059999      -0.016239       0.003987
       8.080000       0.085988       0.004065
       8.099999       0.019268       0.004024
       8.120000      -0.082475       0.003953
       8.139999      -0.146339       0.003910
       8.160000      -0.221984       0.003855
       8.179999      -0.297354       0.003805
       8.200000      -0.302976       0.003803
       8.220000      -0.194871       0.003894
       8.240000       0.007570       0.004050
       8.260000       0.123433       0.004138
       8.280000      -0.039049       0.004021
       8.300000      -0.159809       0.003938
       8.320000      -0.146239       0.003949
       8.340000      -0.134497       0.003964
       8.360000      -0.153914       0.003955
       8.380000      -0.202194       0.003923
       8.400000      -0.307158       0.003841
       8.420000      -0.364975       0.003797
       8.440000      -0.387279       0.003789
       8.460000      -0.354093       0.003818
       8.480000      -0.303735       0.003862
       8.500000      -0.215880       0.003933
       8.520000      -0.196093       0.003958
       8.540000      -0.231164       0.003929
       8.559999      -0.271764       0.003906
       8.580000      -0.274104       0.003909
       8.599999      -0.230585       0.003950
       8.620000      -0.112416       0.004043
       8.639999       0.082692       0.004197
       8.660000       0.269315       0.004335
       8.679999       0.347273       0.004399
       8.700000       0.321635       0.004385
       8.720000       0.286521       0.004363
       8.740000       0.265533       0.004354
       8.760000       0.125970       0.004257
       8.780000      -0.061625       0.004119
       8.800000      -0.170200       0.004039
       8.820000      -0.167600       0.004043
       8.840000      -0.140416       0.004071
       8.860000      -0.050427       0.004148
       8.880000       0.115730       0.004278
       8.900000       0.238037       0.004383
       8.920000       0.353652       0.004476
       8.940000       0.393160       0.004512
       8.960000       0.273491       0.004433
       8.980000       0.032904       0.004260
       9.000000      -0.113409       0.004147
       9.020000      -0.173460       0.004107
       9.040000      -0.209537       0.004084
       9.059999      -0.216361       0.004084
       9.080000      -0.119823       0.004169
       9.099999       0.022376       0.004287
       9.120000       0.116096       0.004368
       9.139999       0.153051       0.004398
       9.160000       0.114594       0.004372
       9.179999       0.078384       0.004346
       9.200000       0.136690       0.004396
       9.220000       0.231181       0.004477
       9.240000       0.211567       0.004465
       9.260000       0.044348       0.004343
       9.280000      -0.101962       0.004229
       9.300000      -0.134982       0.004207
       9.320000      -0.063261       0.004271
       9.340000       0.075311       0.004391
       9.360000       0.180295       0.004474
       9.380000       0.220088       0.004513
       9.400000       0.203065       0.004506
       9.420000       0.153778       0.004474
       9.440000       0.153268       0.004485
       9.460000       0.176699       0.004506
       9.480000       0.166251       0.004503
       9.500000       0.080562       0.004441
       9.520000       0.077422       0.004442
       9.540000       0.184430       0.004530
       9.559999       0.322384       0.004645
       9.580000       0.318673       0.004643
       9.599999       0.212107       0.004565
       9.620000       0.134842       0.004513
       9.639999       0.114771       0.004507
       9.660000       0.102391       0.004506
       9.679999       0.045845       0.004466
       9.700000      -0.015967       0.004423
       9.719999      -0.023202       0.004420
       9.740000      -0.009368       0.004434
       9.760000       0.019281       0.004463
       9.780000       0.038000       0.004484
       9.800000       0.043855       0.004493
       9.820000       0.082610       0.004534
       9.840000       0.149231       0.004593
       9.860000       0.225060       0.004661
       9.880000       0.335160       0.004754
       9.900000       0.375602       0.004792
       9.920000       0.327611       0.004757
       9.940000       0.286783       0.004734
       9.960000       0.277430       0.004729
       9.980000       0.310845       0.004757
      10.000000       0.308503       0.004754
      10.020000       0.196250       0.004666
      10.040000       0.041995       0.004544
      10.059999      -0.052150       0.004463
      10.080000      -0.131799       0.004405
      10.099999      -0.189649       0.004360
      10.120000      -0.165382       0.004387
      10.139999      -0.107357       0.004439
      10.160000      -0.096618       0.004444
      10.179999      -0.109928       0.004437
      10.200000      -0.099824       0.004450
      10.219999      -0.061879       0.004489
      10.240000      -0.034537       0.004519
      10.260000      -0.046766       0.004517
      10.280000      -0.093237       0.004485
      10.300000      -0.106112       0.004475
      10.320000      -0.088537       0.004495
      10.340000      -0.033168       0.004543
      10.360000      -0.026675       0.004549
      10.380000      -0.082541       0.004509
      10.400000      -0.085569       0.004511
      10.420000      -0.015153       0.004573
      10.440000       0.091672       0.004669
      10.460000       0.172723       0.004739
      10.480000       0.163244       0.004730
      10.500000       0.105614       0.004686
      10.520000       0.082505       0.004666
      10.540000       0.096641       0.004678
      10.559999       0.063225       0.004648
      10.580000      -0.009988       0.004594
      10.599999      -0.039797       0.004568
      10.620000      -0.053805       0.004561
      10.639999      -0.114671       0.004516
      10.660000      -0.202980       0.004438
      10.679999      -0.252549       0.004398
      10.700000      -0.281101       0.004375
      10.719999      -0.293716       0.004365
      10.740000      -0.314835       0.004349
      10.760000      -0.345745       0.004329
      10.780000      -0.360462       0.004318
      10.800000      -0.352089       0.004332
      10.820000      -0.318921       0.004367
      10.840000      -0.283645       0.004401
      10.860000      -0.267398       0.004420
      10.880000      -0.231217       0.004457
      10.900000      -0.171319       0.004514
      10.920000      -0.157735       0.004534
      10.940000      -0.153348       0.004541
      10.960000      -0.148147       0.004556
      10.980000      -0.099427       0.004604
      11.000000      -0.042721       0.004658
      11.020000      -0.038061       0.004664
      11.040000      -0.072562       0.004638
      11.059999      -0.071569       0.004645
      11.080000      -0.025905       0.004685
      11.099999       0.020016       0.004737
      11.120000       0.033111       0.004753
      11.139999       0.013879       0.004742
      11.160000      -0.023529       0.004709
      11.179999      -0.053135       0.004682
      11.200000      -0.022731       0.004715
      11.219999       0.059848       0.004793
      11.240000       0.128958       0.004860
      11.259999       0.122696       0.004863
      11.280000       0.069715       0.004818
      11.300000       0.018052       0.004775
      11.320000      -0.008646       0.004752
      11.340000       0.010300       0.004775
      11.360000       0.061348       0.004820
      11.380000       0.099927       0.004860
      11.400000       0.099867       0.004866
      11.420000       0.069887       0.004845
      11.440000       0.007840       0.004799
      11.460000      -0.024143       0.004776
      11.480000      -0.032873       0.004773
      11.500000      -0.064797       0.004746
      11.520000      -0.082793       0.004737
      11.540000      -0.094694       0.004733
      11.559999      -0.095089       0.004740
      11.580000      -0.064095       0.004772
      11.599999      -0.045981       0.004795
      11.620000      -0.065415       0.004782
      11.639999      -0.099557       0.004755
      11.660000      -0.119365       0.004743
      11.679999      -0.128148       0.004737
      11.700000      -0.114962       0.004750
      11.719999      -0.116509       0.004757
      11.740000      -0.126381       0.004748
      11.759999      -0.158233       0.004724
      11.780000      -0.204521       0.004686
      11.800000      -0.207458       0.004690
      11.820000      -0.180288       0.004727
      11.840000      -0.122751       0.004793
      11.860000      -0.056698       0.004858
      11.880000       0.015458       0.004927
      11.900000       0.087417       0.005008
      11.920000       0.167077       0.005090
      11.940000       0.175892       0.005105
      11.960000       0.153412       0.005086
      11.980000       0.108146       0.005047
      12.000000       0.089568       0.005040
      12.020000       0.121895       0.005073
      12.040000       0.163539       0.005116
      12.059999       0.204846       0.005160
      12.080000       0.213676       0.005177
      12.099999       0.239563       0.005199
      12.120000       0.261228       0.005228
      12.139999       0.248563       0.005217
      12.160000       0.197642       0.005176
      12.179999       0.152233       0.005145
      12.200000       0.115299       0.005117
      12.219999       0.083538       0.005089
      12.240000       0.017373       0.005033
      12.259999      -0.042869       0.004976
      12.280000      -0.079964       0.004946
      12.300000      -0.100133       0.004932
      12.320000      -0.132197       0.004912
      12.340000      -0.151188       0.004896
      12.360000      -0.150863       0.004903
      12.380000      -0.126434       0.004932
      12.400000      -0.104022       0.004940
      12.420000      -0.123778       0.004924
      12.440000      -0.127780       0.004916
      12.460000      -0.114457       0.004933
      12.480000      -0.089180       0.004966
      12.500000      -0.078999       0.004989
      12.520000      -0.072324       0.004998
      12.540000      -0.045322       0.005032
      12.559999       0.002853       0.005090
      12.580000       0.056330       0.005148
      12.599999       0.100044       0.005198
      12.620000       0.098143       0.005202
      12.639999       0.076825       0.005181
      12.660000       0.049602       0.005154
      12.679999       0.014402       0.005127
      12.700000       0.012254       0.005124
      12.719999       0.024893       0.005139
      12.740000       0.069433       0.005191
      12.759999       0.120245       0.005247
      12.780000       0.123131       0.005249
      12.799999       0.060666       0.005190
      12.820000      -0.018616       0.005117
      12.840000      -0.042640       0.005089
      12.860000      -0.014406       0.005125
      12.880000       0.048821       0.005198
      12.900000       0.117804       0.005258
      12.920000       0.153127       0.005295
      12.940000       0.161747       0.005306
      12.960000       0.162660       0.005315
      12.980000       0.166489       0.005322
      13.000000       0.174353       0.005328
      13.020000       0.175337       0.005339
      13.040000       0.156889       0.005324
      13.059999       0.115404       0.005288
      13.080000       0.089065       0.005259
      13.099999       0.099452       0.005269
      13.120000       0.129487       0.005295
      13.139999       0.150458       0.005318
      13.160000       0.134282       0.005308
      13.179999       0.093051       0.005274
      13.200000       0.066695       0.005255
      13.219999       0.068691       0.005258
      13.240000       0.069214       0.005264
      13.259999       0.098066       0.005301
      13.280000       0.118948       0.005320
      13.299999       0.091707       0.005294
      13.320000       0.011347       0.005221
      13.340000      -0.081098       0.005132
      13.360000      -0.151658       0.005063
      13.380000      -0.190034       0.005022
      13.400000      -0.203441       0.005007
      13.420000      -0.204451       0.005008
      13.440000      -0.179407       0.005029
      13.460000      -0.144784       0.005070
      13.480000      -0.088871       0.005130
      13.500000      -0.042573       0.005186
      13.520000      -0.015751       0.005227
      13.540000      -0.021790       0.005232
      13.559999      -0.042245       0.005217
      13.580000      -0.064794       0.005201
      13.599999      -0.084225       0.005180
      13.620000      -0.084523       0.005173
      13.639999      -0.091130       0.005171
      13.660000      -0.112916       0.005158
      13.679999      -0.120801       0.005149
      13.700000      -0.135811       0.005141
      13.719999      -0.155021       0.005124
      13.740000      -0.182494       0.005095
      13.759999      -0.220282       0.005055
      13.780000      -0.242773       0.005028
      13.799999      -0.244686       0.005032
      13.820000      -0.220934       0.005066
      13.840000      -0.182604       0.005116
      13.860000      -0.133711       0.005175
      13.880000      -0.081447       0.005232
      13.900000      -0.047251       0.005274
      13.920000      -0.038387       0.005288
      13.940000      -0.037136       0.005299
      13.960000      -0.050203       0.005291
      13.980000      -0.068933       0.005272
      14.000000      -0.086970       0.005258
      14.020000      -0.110766       0.005238
      14.040000      -0.115819       0.005231
      14.059999      -0.094427       0.005258
      14.080000      -0.063964       0.005299
      14.099999      -0.040288       0.005333
      14.120000      -0.032401       0.005349
      14.139999      -0.031506       0.005360
      14.160000      -0.036807       0.005358
      14.179999      -0.033493       0.005365
      14.200000      -0.035030       0.005371
      14.219999      -0.033317       0.005375
      14.240000      -0.042710       0.005374
      14.259999      -0.049471       0.005374
      14.280000      -0.054469       0.005374
      14.299999      -0.072577       0.005365
      14.320000      -0.075999       0.005367
      14.340000      -0.084625       0.005368
      14.360000      -0.084147       0.005375
      14.380000      -0.066874       0.005395
      14.400000      -0.054804       0.005411
      14.420000      -0.048170       0.005423
      14.440000      -0.064446       0.005407
      14.460000      -0.085885       0.005386
      14.480000      -0.094983       0.005381
      14.500000      -0.095362       0.005390
      14.520000      -0.082414       0.005414
      14.540000      -0.077967       0.005424
      14.559999      -0.064796       0.005438
      14.580000      -0.041623       0.005465
      14.599999      -0.004989       0.005502
      14.620000       0.043067       0.005555
      14.639999       0.079456       0.005600
      14.660000       0.110651       0.005634
      14.679999       0.111658       0.005639
      14.700000       0.103194       0.005634
      14.719999       0.076963       0.005615
      14.740000       0.056260       0.005602
      14.759999       0.036678       0.005595
      14.780000       0.011961       0.005574
      14.799999      -0.010305       0.005552
      14.820000      -0.015170       0.005554
      14.839999       0.017454       0.005593
      14.860000       0.055494       0.005643
      14.880000       0.090890       0.005687
      14.900000       0.100015       0.005708
      14.920000       0.092321       0.005703
      14.940000       0.076069       0.005694
      14.960000       0.056533       0.005675
      14.980000       0.025964       0.005640
      15.000000      -0.011967       0.005604
      15.020000      -0.047148       0.005568
      15.040000      -0.070523       0.005557
      15.059999      -0.092439       0.005545
      15.080000      -0.089942       0.005550
      15.099999      -0.073948       0.005570
      15.120000      -0.045403       0.005611
      15.139999      -0.012469       0.005652
      15.160000       0.011915       0.005683
      15.179999       0.026920       0.005700
      15.200000       0.010887       0.005685
      15.219999      -0.014984       0.005660
      15.240000      -0.039605       0.005630
      15.259999      -0.058455       0.005617
      15.280000      -0.057514       0.005624
      15.299999      -0.040594       0.005652
      15.320000      -0.020409       0.005692
      15.339999       0.016247       0.005739
      15.360000       0.019204       0.005756
      15.380000       0.021628       0.005758
      15.400000       0.028284       0.005771
      15.420000       0.032317       0.005784
      15.440000       0.055962       0.005823
      15.460000       0.081818       0.005850
      15.480000       0.106833       0.005888
      15.500000       0.112180       0.005893
      15.520000       0.106095       0.005879
      15.540000       0.089064       0.005869
      15.559999       0.092510       0.005875
      15.580000       0.085725       0.005879
      15.599999       0.077266       0.005878
      15.620000       0.054203       0.005869
      15.639999       0.018394       0.005835
      15.660000      -0.008677       0.005805
      15.679999      -0.040357       0.005774
      15.700000      -0.050968       0.005769
      15.719999      -0.035778       0.005788
      15.740000      -0.024488       0.005817
      15.759999       0.006398       0.005852
      15.780000       0.038272       0.005898
      15.799999       0.079193       0.005946
      15.820000       0.103847       0.005974
      15.839999       0.129264       0.006008
      15.860000       0.120722       0.006007
      15.880000       0.101884       0.005993
      15.900000       0.062518       0.005963
      15.920000       0.019516       0.005925
      15.940000      -0.015104       0.005889
      15.960000      -0.049407       0.005854
      15.980000      -0.065346       0.005840
      16.000000      -0.074818       0.005829
      16.020000      -0.072148       0.005835
      16.039999      -0.086097       0.005821
      16.059999      -0.096207       0.005814
      16.080000      -0.118752       0.005797
      16.100000      -0.121590       0.005792
      16.119999      -0.109782       0.005816
      16.139999      -0.090816       0.005848
      16.160000      -0.086159       0.005862
      16.180000      -0.072186       0.005884
      16.199999      -0.063278       0.005900
      16.219999      -0.057299       0.005901
      16.240000      -0.061270       0.005903
      16.260000      -0.047681       0.005920
      16.279999      -0.041491       0.005931
      16.299999      -0.021211       0.005964
      16.320000       0.003645       0.005998
      16.340000       0.021311       0.006024
      16.359999       0.023684       0.006033
      16.379999       0.011170       0.006024
      16.400000      -0.009580       0.006006
      16.420000      -0.013614       0.006013
      16.440001      -0.020548       0.006014
      16.459999      -0.016908       0.006032
      16.480000       0.011902       0.006073
      16.500000       0.028218       0.006099
      16.520000       0.052979       0.006135
      16.539999       0.068884       0.006161
      16.559999       0.065187       0.006159
      16.580000       0.039170       0.006132
      16.600000       0.003885       0.006100
      16.619999      -0.035080       0.006065
      16.639999      -0.061961       0.006037
      16.660000      -0.069419       0.006039
      16.680000      -0.072875       0.006039
      16.699999      -0.084903       0.006031
      16.719999      -0.088159       0.006027
      16.740000      -0.087010       0.006030
      16.760000      -0.095232       0.006030
      16.779999      -0.098026       0.006030
      16.799999      -0.092792       0.006039
      16.820000      -0.092912       0.006039
      16.840000      -0.089002       0.006051
      16.859999      -0.084984       0.006061
      16.879999      -0.084227       0.006071
      16.900000      -0.086578       0.006077
      16.920000      -0.076864       0.006094
      16.940001      -0.073230       0.006107
      16.959999      -0.085674       0.006109
      16.980000      -0.097833       0.006107
      17.000000      -0.101563       0.006101
      17.020000      -0.101909       0.006107
      17.039999      -0.103696       0.006113
      17.059999      -0.096941       0.006122
      17.080000      -0.095979       0.006129
      17.100000      -0.085139       0.006148
      17.119999      -0.071019       0.006181
      17.139999      -0.048186       0.006221
      17.160000      -0.026442       0.006254
      17.180000      -0.008394       0.006287
      17.199999      -0.001092       0.006292
      17.219999       0.004931       0.006304
      17.240000       0.010513       0.006317
      17.260000       0.017147       0.006336
      17.279999       0.026098       0.006361
      17.299999       0.045266       0.006386
      17.320000       0.038929       0.006386
      17.340000       0.033187       0.006373
      17.359999       0.026990       0.006373
      17.379999       0.026544       0.006387
      17.400000       0.041879       0.006409
      17.420000       0.044890       0.006417
      17.440001       0.045890       0.006428
      17.459999       0.047288       0.006438
      17.480000       0.040086       0.006434
      17.500000       0.041450       0.006441
      17.520000       0.048880       0.006452
      17.539999       0.060927       0.006474
      17.559999       0.062315       0.006493
      17.580000       0.068889       0.006514
      17.600000       0.065598       0.006516
      17.619999       0.047804       0.006505
      17.639999       0.022291       0.006472
      17.660000      -0.001469       0.006444
      17.680000      -0.005612       0.006439
      17.699999      -0.008365       0.006448
      17.719999      -0.013203       0.006455
      17.740000      -0.008555       0.006475
      17.760000      -0.005697       0.006484
      17.779999      -0.002796       0.006490
      17.799999      -0.003621       0.006496
      17.820000      -0.027152       0.006466
      17.840000      -0.040345       0.006450
      17.859999      -0.046587       0.006443
      17.879999      -0.055493       0.006443
      17.900000      -0.060338       0.006441
      17.920000      -0.065750       0.006448
      17.940001      -0.062589       0.006466
      17.959999      -0.065223       0.006470
      17.980000      -0.066069       0.006467
      18.000000      -0.063691       0.006476
      18.020000      -0.063112       0.006490
      18.039999      -0.059890       0.006512
      18.059999      -0.044365       0.006529
      18.080000      -0.033175       0.006548
      18.100000      -0.034890       0.006552
      18.119999      -0.036553       0.006563
      18.139999      -0.029752       0.006574
      18.160000      -0.015268       0.006592
      18.180000       0.019629       0.006648
      18.199999       0.042602       0.006682
      18.219999       0.051068       0.006705
      18.240000       0.061425       0.006727
      18.260000       0.073755       0.006748
      18.279999       0.084170       0.006767
      18.299999       0.091687       0.006792
      18.320000       0.106974       0.006824
      18.340000       0.112413       0.006819
      18.359999       0.100364       0.006811
      18.379999       0.085399       0.006803
      18.400000       0.068296       0.006792
      18.420000       0.050111       0.006777
      18.440001       0.026681       0.006752
      18.459999       0.012678       0.006755
      18.480000      -0.001174       0.006747
      18.500000       0.008146       0.006766
      18.520000       0.004174       0.006767
      18.539999       0.005218       0.006770
      18.559999       0.012973       0.006784
      18.580000       0.032000       0.006816
      18.600000       0.033604       0.006828
      18.619999       0.022224       0.006832
      18.639999       0.031948       0.006831
      18.660000       0.017233       0.006825
      18.680000       0.008994       0.006810
      18.699999       0.005504       0.006808
      18.719999       0.001158       0.006824
      18.740000      -0.007292       0.006822
      18.760000      -0.019480       0.006815
      18.779999      -0.015485       0.006836
      18.799999      -0.025700       0.006832
      18.820000      -0.041390       0.006819
      18.840000      -0.047496       0.006810
      18.859999      -0.050533       0.006812
      18.879999      -0.068311       0.006791
      18.900000      -0.066322       0.006812
      18.920000      -0.066118       0.006814
      18.939999      -0.049162       0.006847
      18.959999      -0.042593       0.006860
      18.980000      -0.045665       0.006869
      19.000000      -0.046746       0.006877
      19.020000      -0.037934       0.006898
      19.039999      -0.042983       0.006900
      19.059999      -0.049694       0.006907
      19.080000      -0.033205       0.006936
      19.100000      -0.043113       0.006927
      19.119999      -0.036979       0.006940
      19.139999      -0.026361       0.006961
      19.160000      -0.013329       0.006977
      19.180000       0.000716       0.007001
      19.199999       0.012132       0.007032
      19.219999       0.009060       0.007033
      19.240000       0.001538       0.007034
      19.260000      -0.000003       0.007048
      19.279999       0.008130       0.007072
      19.299999       0.023697       0.007093
      19.320000       0.026136       0.007099
      19.340000       0.018128       0.007096
      19.359999       0.031350       0.007116
      19.379999       0.030737       0.007121
      19.400000       0.021086       0.007126
      19.420000       0.018769       0.007135
      19.439999       0.022572       0.007142
      19.459999       0.029189       0.007159
      19.480000       0.039193       0.007186
      19.500000       0.040656       0.007200
      19.520000       0.040085       0.007213
      19.539999       0.038063       0.007207
      19.559999       0.036309       0.007202
      19.580000       0.027615       0.007206
      19.600000       0.007359       0.007196
      19.619999       0.004786       0.007194
      19.639999      -0.003263       0.007206
      19.660000       0.000050       0.007214
      19.680000      -0.004162       0.007218
      19.699999      -0.016293       0.007205
      19.719999      -0.014541       0.007212
      19.740000      -0.022709       0.007205
      19.760000      -0.017798       0.007228
      19.779999      -0.014927       0.007237
      19.799999      -0.017391       0.007254
      19.820000      -0.018812       0.007269
      19.840000      -0.013436       0.007287
      19.859999      -0.011166       0.007294
      19.879999       0.003120       0.007312
      19.900000      -0.002187       0.007316
      19.920000      -0.006521       0.007321
      19.939999      -0.006600       0.007324
      19.959999      -0.022085       0.007316
      19.980000      -0.031258       0.007320
      20.000000      -0.030584       0.007326
      20.020000      -0.034500       0.007327
      20.039999      -0.032585       0.007330
      20.059999      -0.025403       0.007343
      20.080000      -0.008508       0.007373
      20.100000      -0.006694       0.007384
      20.119999      -0.009293       0.007388
      20.139999      -0.001808       0.007405
      20.160000      -0.023126       0.007385
      20.180000      -0.035357       0.007377
      20.199999      -0.051992       0.007363
      20.219999      -0.049007       0.007372
      20.240000      -0.035717       0.007408
      20.260000      -0.016070       0.007435
      20.279999      -0.000504       0.007460
      20.299999       0.004093       0.007480
      20.320000       0.000970       0.007498
      20.340000       0.003876       0.007521
      20.359999       0.000101       0.007520
      20.379999       0.002561       0.007532
      20.400000       0.008770       0.007550
      20.420000       0.004858       0.007546
      20.439999       0.008787       0.007550
      20.459999      -0.002933       0.007550
      20.480000      -0.002225       0.007559
      20.500000      -0.009918       0.007554
      20.520000      -0.015855       0.007558
      20.539999      -0.021044       0.007564
      20.559999      -0.017691       0.007566
      20.580000      -0.009509       0.007580
      20.600000      -0.003427       0.007602
      20.619999       0.006358       0.007626
      20.639999       0.015101       0.007647
      20.660000       0.026051       0.007673
      20.680000       0.026179       0.007678
      20.699999       0.027406       0.007689
      20.719999       0.032392       0.007705
      20.740000       0.034374       0.007716
      20.760000       0.043042       0.007729
      20.779999       0.040131       0.007742
      20.799999       0.038998       0.007745
      20.820000       0.039212       0.007738
      20.840000       0.033244       0.007741
      20.859999       0.040672       0.007762
      20.879999       0.050777       0.007781
      20.900000       0.040115       0.007783
      20.920000       0.036944       0.007786
      20.939999       0.015671       0.007771
      20.959999       0.019957       0.007774
      20.980000       0.020041       0.007774
      21.000000       0.019352       0.007787
      21.020000       0.014676       0.007792
      21.039999       0.010547       0.007811
      21.059999       0.017376       0.007838
      21.080000       0.023226       0.007852
      21.100000       0.029498       0.007863
      21.119999       0.026831       0.007869
      21.139999       0.018226       0.007853
      21.160000       0.027994       0.007867
      21.180000       0.025775       0.007873
      21.199999       0.009569       0.007872
      21.219999       0.021957       0.007875
      21.240000       0.014781       0.007894
      21.260000       0.006650       0.007903
      21.279999      -0.002778       0.007888
      21.299999      -0.002635       0.007901
      21.320000      -0.001159       0.007909
      21.340000      -0.008869       0.007900
      21.359999      -0.014058       0.007905
      21.379999      -0.019417       0.007906
      21.400000      -0.009502       0.007937
      21.420000      -0.010863       0.007942
      21.439999      -0.013422       0.007940
      21.459999       0.001229       0.007940
      21.480000      -0.003463       0.007952
      21.500000      -0.000130       0.007962
      21.520000       0.002132       0.007982
      21.539999       0.000133       0.007996
      21.559999      -0.009135       0.007989
      21.580000      -0.006065       0.008007
      21.600000      -0.001551       0.008023
      21.619999       0.013597       0.008039
      21.639999       0.013837       0.008050
      21.660000       0.021530       0.008078
      21.680000       0.025142       0.008092
      21.699999       0.021607       0.008095
      21.719999       0.006255       0.008078
      21.740000       0.014970       0.008100
      21.760000       0.003901       0.008088
      21.779999      -0.014940       0.008064
      21.799999      -0.003814       0.008076
      21.820000      -0.014459       0.008079
      21.840000      -0.015983       0.008094
      21.859999      -0.020412       0.008090
      21.879999      -0.014626       0.008115
      21.900000      -0.025799       0.008110
      21.920000      -0.036253       0.008105
      21.939999      -0.028933       0.008113
      21.959999      -0.030476       0.008115
      21.980000      -0.027910       0.008133
      22.000000      -0.021663       0.008143
      22.020000      -0.007920       0.008167
      22.039999      -0.000839       0.008191
      22.059999      -0.005291       0.008205
      22.080000      -0.001992       0.008231
      22.100000       0.026483       0.008267
      22.119999       0.019779       0.008257
      22.139999       0.007795       0.008254
      22.160000       0.023145       0.008270
      22.180000       0.028103       0.008305
      22.199999       0.034439       0.008303
      22.219999       0.034252       0.008316
      22.240000       0.029286       0.008332
      22.260000       0.047755       0.008350
      22.279999       0.045842       0.008360
      22.299999       0.050259       0.008376
      22.320000       0.053806       0.008378
      22.340000       0.058940       0.008384
      22.359999       0.047056       0.008396
      22.379999       0.039252       0.008395
      22.400000       0.028011       0.008387
      22.420000       0.029053       0.008402
      22.439999       0.015042       0.008399
      22.459999       0.030881       0.008429
      22.480000       0.035443       0.008449
      22.500000       0.052057       0.008479
      22.519999       0.056681       0.008495
      22.539999       0.035507       0.008484
      22.559999       0.046622       0.008492
      22.580000       0.029488       0.008484
      22.600000       0.033049       0.008476
      22.619999       0.016146       0.008467
      22.639999       0.024068       0.008476
      22.660000       0.011563       0.008481
      22.680000       0.005530       0.008495
      22.699999       0.005384       0.008498
      22.719999       0.007609       0.008514
      22.740000       0.000549       0.008507
      22.760000      -0.010506       0.008496
      22.779999      -0.011592       0.008491
      22.799999      -0.021063       0.008490
      22.820000      -0.024846       0.008484
      22.840000      -0.039840       0.008472
      22.859999      -0.033905       0.008489
      22.879999      -0.040042       0.008489
      22.900000      -0.042058       0.008509
      22.920000      -0.041108       0.008518
      22.939999      -0.033512       0.008523
      22.959999      -0.039287       0.008514
      22.980000      -0.033070       0.008532
      23.000000      -0.027927       0.008553
      23.019999      -0.024280       0.008585
      23.039999      -0.014907       0.008621
      23.059999      -0.014547       0.008633
      23.080000       0.000657       0.008654
      23.100000      -0.000813       0.008655
      23.119999       0.000420       0.008664
      23.139999       0.006422       0.008679
      23.160000       0.010297       0.008695
      23.180000       0.013194       0.008718
      23.199999       0.014770       0.008743
      23.219999       0.014602       0.008749
      23.240000       0.007678       0.008750
      23.260000       0.015502       0.008757
      23.279999       0.003960       0.008747
      23.299999      -0.007823       0.008734
      23.320000       0.007575       0.008759
      23.340000       0.000700       0.008761
      23.359999      -0.002218       0.008767
      23.379999       0.007716       0.008768
      23.400000       0.000622       0.008776
      23.420000      -0.000048       0.008803
      23.439999      -0.008991       0.008794
      23.459999      -0.011186       0.008796
      23.480000      -0.003511       0.008808
      23.500000      -0.016760       0.008785
      23.519999      -0.007958       0.008829
      23.539999      -0.007959       0.008823
      23.559999      -0.020162       0.008809
      23.580000      -0.019474       0.008817
      23.600000      -0.028984       0.008828
      23.619999      -0.031155       0.008827
      23.639999      -0.025637       0.008866
      23.660000       0.002063       0.008908
      23.680000       0.000782       0.008931
      23.699999      -0.005574       0.008927
      23.719999       0.030057       0.008977
      23.740000       0.026984       0.008967
      23.760000       0.002688       0.008947
      23.779999       0.009406       0.008953
      23.799999       0.007542       0.008958
      23.820000       0.012661       0.008986
      23.840000       0.017504       0.009003
      23.859999       0.019826       0.009026
      23.879999       0.022113       0.009051
      23.900000       0.027118       0.009048
      23.920000       0.027653       0.009060
      23.939999       0.023923       0.009046
      23.959999       0.015205       0.009060
      23.980000       0.016539       0.009067
      24.000000       0.014813       0.009101
      24.019999       0.015856       0.009109
      24.039999       0.010278       0.009094
      24.059999       0.018766       0.009115
      24.080000       0.011796       0.009129
      24.100000       0.003385       0.009125
      24.119999       0.017241       0.009145
      24.139999       0.026840       0.009189
      24.160000       0.002759       0.009170
      24.180000      -0.002964       0.009164
      24.199999       0.009394       0.009183
      24.219999       0.005267       0.009189
      24.240000       0.004186       0.009202
      24.260000       0.008101       0.009216
      24.279999       0.003377       0.009232
      24.299999       0.025600       0.009255
      24.320000       0.024696       0.009247
      24.340000       0.008499       0.009245
      24.359999       0.005492       0.009257
      24.379999       0.016039       0.009267
      24.400000       0.016697       0.009271
      24.420000       0.003453       0.009279
      24.439999       0.008063       0.009296
      24.459999       0.018962       0.009309
      24.480000       0.008741       0.009300
      24.500000       0.018101       0.009320
      24.519999       0.016697       0.009341
      24.539999       0.014165       0.009349
      24.559999       0.003292       0.009349
      24.580000       0.003185       0.009353
      24.600000      -0.012793       0.009340
      24.619999      -0.020804       0.009331
      24.639999      -0.031628       0.009323
      24.660000      -0.025331       0.009355
      24.680000      -0.018767       0.009360
      24.699999      -0.019836       0.009362
      24.719999      -0.028284       0.009367
      24.740000      -0.038054       0.009345
      24.760000      -0.028878       0.009368
      24.779999      -0.012023       0.009375
      24.799999      -0.020574       0.009384
      24.820000      -0.022616       0.009394
      24.840000      -0.014445       0.009434
      24.859999      -0.018387       0.009441
      24.879999      -0.019152       0.009463
      24.900000      -0.005038       0.009471
      24.920000      -0.009921       0.009484
      24.939999       0.002590       0.009496
      24.959999       0.006384       0.009502
      24.980000      -0.000203       0.009503
      25.000000       0.006250       0.009537
      25.019999       0.010043       0.009538
      25.039999       0.006478       0.009547
      25.059999       0.022536       0.009583
      25.080000       0.016992       0.009591
      25.100000       0.023806       0.009610
      25.119999       0.035166       0.009650
      25.139999       0.028998       0.009654
      25.160000       0.027906       0.009668
      25.180000       0.017645       0.009655
      25.199999       0.019590       0.009656
      25.219999       0.015208       0.009674
      25.240000       0.003410       0.009636
      25.260000       0.003335       0.009666
      25.279999       0.003538       0.009674
      25.299999       0.006522       0.009655
      25.320000      -0.011724       0.009656
      25.340000      -0.001424       0.009671
      25.359999      -0.006625       0.009645
      25.379999      -0.000597       0.009668
      25.400000      -0.009518       0.009672
      25.420000      -0.005330       0.009695
      25.439999      -0.025854       0.009685
      25.459999      -0.017163       0.009688
      25.480000      -0.015155       0.009730
      25.500000      -0.008847       0.009740
      25.519999      -0.003552       0.009738
      25.539999      -0.003103       0.009777
      25.559999      -0.005924       0.009788
      25.580000      -0.011618       0.009779
      25.599998       0.005897       0.009808
      25.619999       0.013224       0.009812
      25.639999       0.013622       0.009837
      25.660000       0.010629       0.009840
      25.680000       0.021757       0.009878
      25.699999       0.006992       0.009886
      25.719999       0.013438       0.009890
      25.740000       0.020509       0.009913
      25.760000       0.034574       0.009924
      25.779999       0.029817       0.009921
      25.799999       0.020727       0.009927
      25.820000       0.022448       0.009929
      25.840000       0.023296       0.009942
      25.859999       0.015213       0.009934
      25.879999       0.027127       0.009979
      25.900000       0.019677       0.009955
      25.920000       0.016272       0.009951
      25.939999       0.018022       0.009983
      25.959999       0.008908       0.009990
      25.980000       0.002020       0.009983
      26.000000       0.001989       0.009990
      26.019999      -0.007673       0.009990
      26.039999      -0.001887       0.010009
      26.059999       0.005035       0.010038
      26.080000      -0.002594       0.010044
      26.099998      -0.004116       0.010051
      26.119999      -0.010304       0.010050
      26.139999      -0.022612       0.010044
      26.160000      -0.021574       0.010030
      26.180000      -0.024534       0.010025
      26.199999      -0.019375       0.010037
      26.219999      -0.010281       0.010045
      26.240000      -0.017542       0.010061
      26.260000      -0.027368       0.010060
      26.279999      -0.039127       0.010040
      26.299999      -0.041721       0.010046
      26.320000      -0.030732       0.010061
      26.340000      -0.027951       0.010079
      26.359999      -0.038665       0.010101
      26.379999      -0.028591       0.010133
      26.400000      -0.024810       0.010156
      26.420000      -0.029812       0.010148
      26.439999      -0.015427       0.010153
      26.459999      -0.010200       0.010152
      26.480000      -0.019330       0.010150
      26.500000      -0.009336       0.010181
      26.519999       0.005797       0.010223
      26.539999       0.002521       0.010262
      26.559999       0.001135       0.010275
      26.580000       0.004885       0.010265
      26.599998       0.009000       0.010268
      26.619999       0.011398       0.010282
      26.639999       0.013727       0.010306
      26.660000       0.025812       0.010351
      26.680000       0.012111       0.010353
      26.699999       0.009164       0.010356
      26.719999       0.006331       0.010356
      26.740000       0.023711       0.010365
      26.760000       0.000584       0.010330
      26.779999      -0.012803       0.010306
      26.799999      -0.003234       0.010326
      26.820000      -0.012168       0.010356
      26.840000      -0.013212       0.010362
      26.859999      -0.028273       0.010357
      26.879999      -0.022966       0.010377
      26.900000      -0.028396       0.010371
      26.920000      -0.017417       0.010385
      26.939999      -0.022800       0.010409
      26.959999      -0.006481       0.010439
      26.980000      -0.013781       0.010438
      27.000000      -0.020967       0.010453
      27.019999      -0.013578       0.010464
      27.039999       0.001803       0.010484
      27.059999      -0.027239       0.010471
      27.080000      -0.011981       0.010486
      27.099998       0.003647       0.010514
      27.119999      -0.004088       0.010519
      27.139999       0.013057       0.010540
      27.160000       0.002574       0.010543
      27.180000       0.011620       0.010578
      27.199999      -0.000456       0.010568
      27.219999       0.011645       0.010621
      27.240000       0.001263       0.010620
      27.260000       0.009164       0.010620
      27.279999       0.010625       0.010629
      27.299999      -0.010705       0.010626
      27.320000       0.003334       0.010635
      27.340000      -0.011527       0.010625
      27.359999      -0.005770       0.010640
      27.379999       0.016093       0.010677
      27.400000       0.005273       0.010674
      27.420000      -0.002428       0.010689
      27.439999      -0.011005       0.010659
      27.459999       0.005320       0.010700
      27.480000      -0.002113       0.010693
      27.500000      -0.007121       0.010701
      27.519999       0.013098       0.010736
      27.539999      -0.003910       0.010728
      27.559999      -0.008886       0.010714
      27.580000      -0.008079       0.010736
      27.599998      -0.006811       0.010770
      27.619999      -0.015168       0.010761
      27.639999      -0.024243       0.010765
      27.660000      -0.034329       0.010756
      27.680000      -0.019267       0.010775
      27.699999      -0.013903       0.010785
      27.719999      -0.026425       0.010741
      27.740000      -0.009538       0.010782
      27.760000      -0.024859       0.010783
      27.779999      -0.013718       0.010833
      27.799999      -0.012424       0.010855
      27.820000      -0.003564       0.010886
      27.840000       0.008672       0.010917
      27.859999       0.007892       0.010933
      27.879999       0.004046       0.010924
      27.900000       0.007760       0.010929
      27.920000      -0.000751       0.010931
      27.939999       0.003970       0.010933
      27.959999       0.012097       0.010953
      27.980000       0.010979       0.010977
      28.000000       0.022982       0.011007
      28.019999       0.020460       0.011027
      28.039999       0.014301       0.011016
      28.059999       0.027424       0.011033
      28.080000       0.026712       0.011042
      28.099998       0.014429       0.011059
      28.119999       0.000101       0.011047
      28.139999       0.006302       0.011068
      28.160000       0.007804       0.011089
      28.180000       0.006474       0.011099
      28.199999      -0.002056       0.011098
      28.219999      -0.002808       0.011085
      28.240000      -0.000339       0.011075
      28.260000       0.005385       0.011097
      28.279999       0.005801       0.011109
      28.299999       0.000370       0.011108
      28.320000      -0.016834       0.011122
      28.340000      -0.001001       0.011140
      28.359999       0.005246       0.011149
      28.379999       0.000792       0.011154
      28.400000      -0.005277       0.011139
      28.420000      -0.003368       0.011164
      28.439999       0.002317       0.011187
      28.459999      -0.000146       0.011206
      28.480000      -0.009772       0.011221
      28.500000      -0.007658       0.011220
      28.519999      -0.012159       0.011209
      28.539999      -0.006152       0.011221
      28.559999       0.003555       0.011247
      28.580000      -0.006844       0.011259
      28.599998      -0.015577       0.011245
      28.619999      -0.016941       0.011248
      28.639999      -0.007870       0.011270
      28.660000      -0.017513       0.011279
      28.680000      -0.002939       0.011295
      28.699999       0.001543       0.011298
      28.719999      -0.001327       0.011312
      28.740000      -0.012803       0.011331
      28.760000      -0.007909       0.011344
      28.779999      -0.010462       0.011365
      28.799999      -0.007948       0.011394
      28.820000      -0.005001       0.011427
      28.840000      -0.023463       0.011420
      28.859999      -0.023079       0.011399
      28.879999      -0.018210       0.011406
      28.900000      -0.019990       0.011419
      28.920000      -0.028567       0.011400
      28.939999      -0.021741       0.011403
      28.959999      -0.019105       0.011416
      28.980000      -0.028861       0.011422
      29.000000      -0.025468       0.011432
      29.019999      -0.028623       0.011417
      29.039999      -0.017191       0.011467
      29.059999      -0.021490       0.011472
      29.080000      -0.005453       0.011520
      29.099998      -0.005983       0.011510
      29.119999      -0.021917       0.011484
      29.139999      -0.018930       0.011513
      29.160000      -0.008951       0.011517
      29.179998      -0.008762       0.011519
      29.199999      -0.012772       0.011544
      29.219999       0.005876       0.011594
      29.240000       0.002674       0.011629
      29.260000      -0.005796       0.011629
      29.279999      -0.001355       0.011620
      29.299999      -0.003791       0.011605
      29.320000      -0.021009       0.011579
      29.340000       0.003597       0.011631
      29.359999      -0.007704       0.011623
      29.379999      -0.022408       0.011618
      29.400000      -0.007501       0.011690
      29.420000       0.000856       0.011730
      29.439999      -0.009583       0.011730
      29.459999      -0.020165       0.011717
      29.480000      -0.010311       0.011726
      29.500000      -0.011033       0.011705
      29.519999      -0.028250       0.011696
      29.539999      -0.020986       0.011709
      29.559999      -0.003718       0.011736
      29.580000      -0.006747       0.011730
      29.599998      -0.013749       0.011733
      29.619999      -0.004949       0.011762
      29.639999      -0.020376       0.011762
      29.660000      -0.001017       0.011819
      29.679998      -0.003339       0.011840
      29.699999      -0.006878       0.011831
      29.719999      -0.003010       0.011829
      29.740000      -0.016040       0.011788
      29.760000      -0.018620       0.011817
      29.779999      -0.000178       0.011870
      29.799999       0.002082       0.011896
      29.820000      -0.003372       0.011910
      29.840000      -0.000429       0.011923
      29.859999      -0.010158       0.011921
      29.879999       0.009267       0.011953
      29.900000       0.006486       0.011957
      29.920000      -0.024694       0.011928
      29.939999       0.001396       0.011986
      29.959999       0.004857       0.012007
      29.980000       0.008748       0.012016
      30.000000      -0.000211       0.011982
      30.019999      -0.017988       0.011968
      30.039999      -0.020149       0.011948
      30.059999      -0.025593       0.011978
      30.080000      -0.013709       0.012032
      30.099998      -0.020399       0.012042
      30.119999      -0.026625       0.012037
      30.139999      -0.035111       0.012009
      30.160000      -0.022761       0.012018
      30.179998      -0.015094       0.012063
      30.199999      -0.020009       0.012079
      30.219999      -0.018536       0.012076
      30.240000      -0.018613       0.012080
      30.260000      -0.000019       0.012136
      30.279999      -0.003552       0.012128
      30.299999      -0.005392       0.012127
      30.320000      -0.022134       0.012096
      30.340000      -0.019791       0.012128
      30.359999      -0.025963       0.012137
      30.379999      -0.000925       0.012174
      30.400000      -0.000166       0.012216
      30.420000      -0.029813       0.012189
      30.439999      -0.006030       0.012218
      30.459999      -0.033302       0.012179
      30.480000      -0.038975       0.012154
      30.500000      -0.031218       0.012189
      30.519999      -0.042003       0.012150
      30.539999      -0.023275       0.012190
      30.559999      -0.020324       0.012212
      30.580000      -0.019765       0.012222
      30.599998      -0.008580       0.012251
      30.619999      -0.000574       0.012306
      30.639999      -0.011077       0.012306
      30.660000      -0.016640       0.012325
      30.679998      -0.004446       0.012333
      30.699999       0.003185       0.012347
      30.719999      -0.013290       0.012355
      30.740000       0.002835       0.012384
      30.760000      -0.015772       0.012369
      30.779999      -0.015741       0.012404
      30.799999      -0.014415       0.012400
      30.820000      -0.013567       0.012372
      30.840000      -0.033481       0.012330
      30.859999      -0.025319       0.012371
      30.879999      -0.010939       0.012429
      30.900000      -0.001516       0.012426
      30.920000      -0.012741       0.012436
      30.939999      -0.013425       0.012466
      30.959999      -0.026062       0.012479
      30.980000      -0.035019       0.012453
      31.000000      -0.019561       0.012479
      31.019999      -0.005948       0.012510
      31.039999      -0.014877       0.012528
      31.059999      -0.008444       0.012563
      31.080000      -0.011634       0.012556
      31.099998      -0.017397       0.012534
      31.119999       0.002483       0.012594
      31.139999       0.002004       0.012588
      31.160000      -0.012710       0.012575
      31.179998      -0.013157       0.012592
      31.199999      -0.007923       0.012629
      31.219999      -0.014925       0.012631
      31.240000      -0.014630       0.012634
      31.260000      -0.017975       0.012641
      31.279999      -0.014589       0.012659
      31.299999      -0.017901       0.012638
      31.320000      -0.016938       0.012638
      31.340000      -0.014652       0.012670
      31.359999      -0.022699       0.012703
      31.379999      -0.006697       0.012732
      31.400000       0.009914       0.012783
      31.420000       0.004919       0.012795
      31.439999       0.005090       0.012771
      31.459999       0.002673       0.012786
      31.480000      -0.000102       0.012766
      31.500000      -0.002832       0.012788
      31.519999      -0.008603       0.012782
      31.539999       0.000225       0.012816
      31.559999      -0.021039       0.012803
      31.580000      -0.023338       0.012796
      31.599998      -0.038836       0.012784
      31.619999      -0.016294       0.012835
      31.639999       0.012428       0.012888
      31.660000       0.012127       0.012913
      31.679998       0.018341       0.012928
      31.699999       0.001884       0.012909
      31.719999       0.002605       0.012898
      31.740000      -0.023329       0.012883
      31.760000      -0.006777       0.012946
      31.779999       0.013236       0.013002
      31.799999      -0.003023       0.012971
      31.820000      -0.028697       0.012926
      31.840000      -0.029340       0.012922
      31.859999      -0.036126       0.012893
      31.879999      -0.019308       0.012941
      31.900000      -0.017903       0.012951
      31.920000      -0.026942       0.013006
      31.939999      -0.005664       0.013005
      31.959999      -0.025599       0.013000
      31.980000      -0.007455       0.013026
      32.000000      -0.014089       0.013019
      32.020000      -0.003679       0.013016
      32.040001      -0.021499       0.012998
      32.059998      -0.013012       0.013061
      32.079998      -0.018047       0.013051
      32.099998       0.000252       0.013114
      32.119999       0.006383       0.013096
      32.139999      -0.007133       0.013102
      32.160000      -0.008848       0.013089
      32.180000      -0.012988       0.013108
      32.200001      -0.029477       0.013151
      32.219997      -0.016903       0.013213
      32.239998      -0.016596       0.013211
      32.259998      -0.016060       0.013189
      32.279999      -0.035735       0.013166
      32.299999      -0.031939       0.013130
      32.320000      -0.031088       0.013123
      32.340000      -0.023420       0.013160
      32.360001      -0.025541       0.013193
      32.380001      -0.032790       0.013183
      32.399998      -0.008457       0.013240
      32.419998       0.003437       0.013276
      32.439999      -0.008897       0.013288
      32.459999      -0.003501       0.013325
      32.480000      -0.014193       0.013294
      32.500000      -0.003593       0.013355
      32.520000      -0.032171       0.013312
      32.540001      -0.033324       0.013297
      32.559998      -0.017646       0.013312
      32.579998      -0.034372       0.013313
      32.599998      -0.001893       0.013375
      32.619999      -0.010472       0.013408
      32.639999       0.000893       0.013434
      32.660000      -0.021095       0.013412
      32.680000      -0.020773       0.013404
      32.700001       0.000302       0.013423
      32.719997      -0.004302       0.013442
      32.739998      -0.024225       0.013408
      32.759998      -0.002020       0.013457
      32.779999      -0.006152       0.013466
      32.799999      -0.017113       0.013461
      32.820000      -0.011801       0.013434
      32.840000      -0.012853       0.013449
      32.860001      -0.026517       0.013444
      32.880001      -0.010544       0.013496
      32.899998      -0.021044       0.013497
      32.919998      -0.022839       0.013536
      32.939999      -0.033117       0.013543
      32.959999      -0.040939       0.013542
      32.980000      -0.008764       0.013591
      33.000000      -0.017177       0.013574
      33.020000      -0.026690       0.013554
      33.040001      -0.038085       0.013540
      33.059998      -0.022614       0.013555
      33.079998      -0.012965       0.013559
      33.099998      -0.010064       0.013578
      33.119999      -0.022356       0.013580
      33.139999      -0.025785       0.013593
      33.160000      -0.012246       0.013631
      33.180000      -0.010835       0.013649
      33.200001      -0.012574       0.013682
      33.219997      -0.029300       0.013647
      33.239998      -0.031927       0.013664
      33.259998      -0.027992       0.013654
      33.279999      -0.022387       0.013650
      33.299999      -0.019467       0.013712
      33.320000      -0.023373       0.013713
      33.340000      -0.034597       0.013702
      33.360001      -0.030302       0.013743
      33.380001      -0.004042       0.013771
      33.399998      -0.027459       0.013745
      33.419998       0.005618       0.013824
      33.439999      -0.015657       0.013805
      33.459999      -0.022230       0.013816
      33.480000      -0.018383       0.013854
      33.500000      -0.012297       0.013824
      33.520000      -0.032222       0.013873
      33.540001      -0.005150       0.013904
      33.559998      -0.006353       0.013902
      33.579998      -0.007906       0.013895
      33.599998      -0.017423       0.013898
      33.619999      -0.020792       0.013891
      33.639999      -0.024076       0.013889
      33.660000      -0.029333       0.013876
      33.680000      -0.029946       0.013909
      33.700001      -0.003896       0.013980
      33.719997      -0.002537       0.014007
      33.739998      -0.037887       0.013964
      33.759998      -0.026610       0.013995
      33.779999      -0.020591       0.014009
      33.799999      -0.030357       0.014007
      33.820000      -0.007308       0.014032
      33.840000      -0.029389       0.014010
      33.860001      -0.018894       0.014042
      33.880001      -0.014498       0.014043
      33.899998      -0.023698       0.014047
      33.919998      -0.020767       0.014042
      33.939999      -0.023352       0.014051
      33.959999      -0.032179       0.014038
      33.980000      -0.031394       0.014065
      34.000000      -0.011342       0.014113
      34.020000      -0.007940       0.014098
      34.040001      -0.026550       0.014106
      34.059998      -0.029406       0.014100
      34.079998      -0.019810       0.014137
      34.099998      -0.020553       0.014168
      34.119999      -0.027018       0.014196
      34.139999      -0.027408       0.014212
      34.160000      -0.034331       0.014175
      34.180000      -0.025655       0.014185
      34.200001      -0.032337       0.014171
      34.219997      -0.038716       0.014165
      34.239998      -0.015787       0.014190
      34.259998      -0.011947       0.014231
      34.279999      -0.030987       0.014206
      34.299999      -0.013157       0.014278
      34.320000      -0.020335       0.014267
      34.340000      -0.017893       0.014313
      34.360001      -0.001095       0.014358
      34.380001      -0.005364       0.014345
      34.399998      -0.022481       0.014343
      34.419998      -0.013573       0.014351
      34.439999       0.002361       0.014396
      34.459999      -0.004476       0.014434
      34.480000      -0.028196       0.014418
      34.500000      -0.000062       0.014450
      34.520000      -0.019867       0.014410
      34.540001      -0.015195       0.014439
      34.559998      -0.018401       0.014413
      34.579998      -0.028881       0.014406
      34.599998      -0.001688       0.014474
      34.619999      -0.034948       0.014457
      34.639999      -0.009332       0.014514
      34.660000      -0.011220       0.014495
      34.680000      -0.026797       0.014469
      34.700001      -0.012264       0.014475
      34.719997      -0.013329       0.014466
      34.739998      -0.031491       0.014452
      34.759998      -0.010624       0.014501
      34.779999      -0.016491       0.014542
      34.799999      -0.034449       0.014562
      34.820000      -0.015583       0.014639
      34.840000      -0.018432       0.014621
      34.860001      -0.019966       0.014612
      34.880001      -0.008977       0.014609
      34.899998      -0.015787       0.014631
      34.919998      -0.024951       0.014594
      34.939999      -0.028525       0.014619
      34.959999      -0.016914       0.014669
      34.980000      -0.011259       0.014690
      35.000000      -0.000594       0.014658
      35.020000      -0.022671       0.014633
      35.040001      -0.033826       0.014640
      35.059998      -0.035094       0.014680
      35.079998      -0.014161       0.014730
      35.099998      -0.008693       0.014759
      35.119999      -0.003532       0.014803
      35.139999      -0.005042       0.014800
      35.160000      -0.006679       0.014778
      35.180000      -0.015620       0.014744
      35.200001      -0.021860       0.014769
      35.219997      -0.038803       0.014763
      35.239998      -0.036906       0.014772
      35.259998      -0.013588       0.014818
      35.279999      -0.011627       0.014853
      35.299999      -0.020847       0.014888
      35.320000      -0.021606       0.014869
      35.340000      -0.038090       0.014831
      35.360001      -0.024818       0.014857
      35.380001      -0.008869       0.014921
      35.399998      -0.007558       0.014944
      35.419998      -0.015606       0.014933
      35.439999      -0.002308       0.014999
      35.459999      -0.003881       0.015025
      35.480000      -0.014350       0.015017
      35.500000       0.003546       0.015038
      35.520000       0.006524       0.015048
      35.540001      -0.025430       0.015003
      35.559998      -0.041862       0.014965
      35.579998      -0.012285       0.015059
      35.599998       0.001881       0.015070
      35.619999      -0.011455       0.015082
      35.639999      -0.018239       0.015100
      35.660000       0.004607       0.015142
      35.680000      -0.010150       0.015113
      35.700001      -0.039098       0.015115
      35.719997      -0.020306       0.015132
      35.739998      -0.019166       0.015120
      35.759998      -0.041709       0.015099
      35.779999      -0.032400       0.015130
      35.799999      -0.018496       0.015178
      35.820000      -0.005876       0.015203
      35.840000      -0.015082       0.015213
      35.860001      -0.017236       0.015235
      35.880001      -0.011558       0.015269
      35.899998      -0.007799       0.015255
      35.919998      -0.006954       0.015287
      35.939999      -0.005484       0.015266
      35.959999      -0.014974       0.015265
      35.980000      -0.019601       0.015251
      36.000000      -0.020000       0.015259
      36.020000      -0.037731       0.015286
      36.040001      -0.014986       0.015325
      36.059998      -0.008584       0.015336
      36.079998      -0.029095       0.015307
      36.099998      -0.017400       0.015341
      36.119999      -0.040870       0.015300
      36.139999      -0.035801       0.015333
      36.160000      -0.026115       0.015338
      36.180000      -0.000498       0.015322
      36.200001      -0.007393       0.015349
      36.219997       0.003119       0.015415
      36.239998      -0.028067       0.015406
      36.259998      -0.028496       0.015426
      36.279999      -0.028743       0.015458
      36.299999      -0.016174       0.015471
      36.320000      -0.025552       0.015430
      36.340000      -0.032704       0.015450
      36.360001      -0.033575       0.015457
      36.380001      -0.032797       0.015485
      36.399998      -0.007607       0.015573
      36.419998      -0.026545       0.015542
      36.439999      -0.038713       0.015515
      36.459999      -0.018789       0.015545
      36.480000      -0.031054       0.015541
      36.500000      -0.028917       0.015566
      36.520000      -0.015833       0.015572
      36.540001      -0.019538       0.015582
      36.559998      -0.026561       0.015578
      36.579998      -0.017835       0.015578
      36.599998      -0.025000       0.015586
      36.619999      -0.025270       0.015615
      36.639999      -0.018315       0.015641
      36.660000      -0.028280       0.015628
      36.680000      -0.036287       0.015653
      36.700001      -0.033957       0.015669
      36.719997      -0.031725       0.015703
      36.739998      -0.023255       0.015717
      36.759998      -0.014992       0.015729
      36.779999      -0.020003       0.015739
      36.799999      -0.017950       0.015793
      36.820000      -0.012853       0.015789
      36.840000      -0.033049       0.015773
      36.860001      -0.008902       0.015847
      36.880001      -0.005621       0.015852
      36.899998      -0.042316       0.015810
      36.919998      -0.023399       0.015834
      36.939999      -0.023688       0.015837
      36.959999      -0.026421       0.015831
      36.980000      -0.001969       0.015874
      37.000000       0.005796       0.015868
      37.020000      -0.019662       0.015838
      37.040001      -0.037729       0.015841
      37.059998      -0.040902       0.015845
      37.079998      -0.020244       0.015927
      37.099998      -0.019747       0.015952
      37.119999      -0.039469       0.015913
      37.139999      -0.030074       0.015900
      37.160000      -0.007441       0.015984
      37.180000      -0.024944       0.015968
      37.200001      -0.025314       0.016008
      37.219997      -0.021777       0.016029
      37.239998       0.010482       0.016089
      37.259998      -0.027619       0.016062
      37.279999      -0.021691       0.016072
      37.299999      -0.020881       0.016089
      37.320000      -0.012225       0.016107
      37.340000      -0.019878       0.016074
      37.360001      -0.046707       0.016010
      37.380001      -0.034964       0.016071
      37.399998      -0.032797       0.016109
      37.419998      -0.016676       0.016151
      37.439999       0.000387       0.016187
      37.459999      -0.023314       0.016203
      37.480000      -0.010452       0.016217
      37.500000      -0.004347       0.016215
      37.520000      -0.003987       0.016269
      37.540001      -0.016122       0.016284
      37.559998      -0.031846       0.016195
      37.579998      -0.023311       0.016218
      37.599998      -0.033553       0.016201
      37.619999      -0.038292       0.016166
      37.639999      -0.028519       0.016225
      37.660000      -0.034156       0.016228
      37.680000      -0.016337       0.016311
      37.700001      -0.014763       0.016380
      37.719997      -0.024957       0.016361
      37.739998      -0.012556       0.016420
      37.759998      -0.001055       0.016421
      37.779999      -0.026451       0.016365
      37.799999      -0.013411       0.016398
      37.820000      -0.008908       0.016420
      37.840000      -0.009030       0.016458
      37.860001      -0.003770       0.016462
      37.879997       0.004079       0.016492
      37.899998      -0.005353       0.016453
      37.919998       0.009322       0.016465
      37.939999      -0.006074       0.016461
      37.959999      -0.023995       0.016446
      37.980000      -0.040961       0.016435
      38.000000      -0.039489       0.016427
      38.020000      -0.005565       0.016518
      38.040001       0.005488       0.016544
      38.059998      -0.017224       0.016496
      38.079998      -0.017656       0.016543
      38.099998      -0.011630       0.016594
      38.119999      -0.012451       0.016648
      38.139999      -0.018320       0.016630
      38.160000      -0.029053       0.016594
      38.180000      -0.016651       0.016609
      38.200001      -0.017510       0.016626
      38.219997      -0.018506       0.016607
      38.239998      -0.007301       0.016690
      38.259998      -0.007740       0.016695
      38.279999      -0.009601       0.016702
      38.299999      -0.000015       0.016702
      38.320000       0.007606       0.016685
      38.340000      -0.010372       0.016661
      38.360001      -0.025357       0.016674
      38.379997      -0.023265       0.016696
      38.399998      -0.027286       0.016725
      38.419998      -0.011088       0.016756
      38.439999      -0.022971       0.016727
      38.459999      -0.035537       0.016771
      38.480000      -0.041235       0.016761
      38.500000      -0.002067       0.016794
      38.520000      -0.013982       0.016827
      38.540001      -0.036764       0.016806
      38.559998      -0.024856       0.016865
      38.579998      -0.019570       0.016868
      38.599998      -0.032003       0.016842
      38.619999      -0.038695       0.016797
      38.639999      -0.043091       0.016819
      38.660000      -0.014031       0.016878
      38.680000      -0.014851       0.016967
      38.700001      -0.004648       0.017039
      38.719997      -0.010449       0.017088
      38.739998       0.007712       0.017105
      38.759998      -0.034204       0.017029
      38.779999      -0.044455       0.016945
      38.799999      -0.022497       0.016953
      38.820000       0.004039       0.017047
      38.840000      -0.035163       0.016971
      38.860001      -0.013932       0.017017
      38.879997      -0.022602       0.017072
      38.899998      -0.001190       0.017117
      38.919998      -0.009459       0.017086
      38.939999      -0.002903       0.017101
      38.959999      -0.007791       0.017107
      38.980000      -0.041214       0.017057
      39.000000       0.006215       0.017165
      39.020000      -0.046899       0.017087
      39.040001      -0.007570       0.017143
      39.059998      -0.022417       0.017077
      39.079998      -0.020166       0.017127
      39.099998      -0.033729       0.017196
      39.119999       0.000015       0.017242
      39.139999      -0.019825       0.017270
      39.160000      -0.012423       0.017318
      39.180000      -0.035883       0.017260
      39.200001      -0.027197       0.017259
      39.219997      -0.025475       0.017224
      39.239998      -0.044325       0.017227
      39.259998      -0.036391       0.017279
      39.279999      -0.026594       0.017304
      39.299999      -0.024565       0.017325
      39.320000      -0.024926       0.017335
      39.340000      -0.032068       0.017241
      39.360001      -0.037594       0.017263
      39.379997      -0.013302       0.017300
      39.399998      -0.020467       0.017287
      39.419998      -0.034281       0.017376
      39.439999      -0.015095       0.017445
      39.459999       0.005148       0.017463
      39.480000      -0.004627       0.017470
      39.500000      -0.004758       0.017497
      39.520000      -0.000325       0.017513
      39.540001      -0.010805       0.017472
      39.559998      -0.047083       0.017414
      39.579998      -0.022286       0.017468
      39.599998      -0.008373       0.017518
      39.619999      -0.034615       0.017485
      39.639999      -0.044604       0.017505
      39.660000      -0.033227       0.017556
      39.680000      -0.038608       0.017614
      39.700001      -0.042759       0.017629
      39.719997      -0.069814       0.017637
      39.739998      -0.038010       0.017630
      39.759998      -0.006623       0.017690
      39.779999      -0.021106       0.017701
      39.799999      -0.040882       0.017621
      39.820000      -0.021082       0.017672
      39.840000      -0.030585       0.017705
      39.860001      -0.038456       0.017700
      39.879997      -0.040114       0.017659
      39.899998      -0.045039       0.017618
      39.919998      -0.034159       0.017625
      39.939999      -0.020453       0.017671
      39.959999      -0.023213       0.017737
      39.980000      -0.012847       0.017842
      40.000000      -0.010878       0.017869
      40.020000      -0.000604       0.017940
      40.040001       0.001308       0.017913
      40.059998      -0.003779       0.017887
      40.079998       0.018299       0.017887
      40.099998      -0.011348       0.017841
      40.119999      -0.028653       0.017847
      40.139999      -0.031871       0.017895
      40.160000      -0.033057       0.017872
      40.180000      -0.002181       0.017952
      40.200001       0.001398       0.017994
      40.219997      -0.037401       0.017905
      40.239998      -0.019367       0.017968
      40.259998      -0.007656       0.017979
      40.279999       0.000421       0.018018
      40.299999       0.007925       0.018029
      40.320000      -0.023813       0.017993
      40.340000      -0.025565       0.018017
      40.360001      -0.048381       0.018009
      40.379997      -0.028323       0.018112
      40.399998      -0.011954       0.018092
      40.419998      -0.017743       0.018066
      40.439999       0.002716       0.018093
      40.459999      -0.012882       0.018060
      40.480000       0.001258       0.018090
      40.500000      -0.023524       0.018090
      40.520000      -0.010974       0.018111
      40.540001      -0.024294       0.018162
      40.559998      -0.032627       0.018181
      40.579998      -0.008337       0.018245
      40.599998       0.015564       0.018279
      40.619999      -0.017713       0.018228
      40.639999      -0.012374       0.018240
      40.660000      -0.033397       0.018216
      40.680000      -0.013376       0.018229
      40.700001       0.024808       0.018327
      40.719997      -0.026595       0.018307
      40.739998      -0.044322       0.018300
      40.759998      -0.033124       0.018340
      40.779999       0.013862       0.018426
      40.799999       0.003602       0.018373
      40.820000      -0.008459       0.018375
      40.840000      -0.013194       0.018393
      40.860001      -0.020446       0.018423
      40.879997      -0.033258       0.018452
      40.899998      -0.019028       0.018501
      40.919998      -0.018579       0.018519
      40.939999      -0.048319       0.018457
      40.959999      -0.022492       0.018481
      40.980000       0.004162       0.018501
      41.000000      -0.016410       0.018428
      41.020000      -0.028882       0.018415
      41.040001      -0.004548       0.018480
      41.059998      -0.013478       0.018483
      41.079998      -0.039444       0.018526
      41.099998      -0.049003       0.018564
      41.119999      -0.055111       0.018583
      41.139999      -0.049553       0.018578
      41.160000      -0.011710       0.018586
      41.180000      -0.011520       0.018581
      41.200001      -0.028201       0.018541
      41.219997      -0.015838       0.018556
      41.239998      -0.029902       0.018593
      41.259998      -0.035209       0.018638
      41.279999      -0.012130       0.018693
      41.299999      -0.011063       0.018726
      41.320000      -0.023316       0.018724
      41.340000      -0.032921       0.018707
      41.360001      -0.011295       0.018748
      41.379997       0.002303       0.018776
      41.399998       0.009622       0.018783
      41.419998      -0.007687       0.018758
      41.439999      -0.024912       0.018792
      41.459999      -0.009772       0.018872
      41.480000      -0.011345       0.018838
      41.500000      -0.014927       0.018848
      41.520000       0.005711       0.018903
      41.540001      -0.000089       0.018923
      41.559998      -0.033333       0.018924
      41.579998      -0.030452       0.018969
      41.599998      -0.012379       0.018985
      41.619999      -0.006292       0.018938
      41.639999       0.014596       0.018960
      41.660000      -0.024560       0.018905
      41.680000      -0.050208       0.018870
      41.700001       0.001585       0.018948
      41.719997      -0.029507       0.018952
      41.739998      -0.031682       0.018907
      41.759998      -0.013859       0.019005
      41.779999      -0.010318       0.019047
      41.799999      -0.012636       0.019026
      41.820000       0.014863       0.019161
      41.840000      -0.018440       0.019060
      41.860001      -0.035357       0.019067
      41.879997       0.003000       0.019085
      41.899998      -0.019107       0.019148
      41.919998      -0.004630       0.019183
      41.939999      -0.029312       0.019154
      41.959999      -0.045019       0.019138
      41.980000      -0.028670       0.019156
      42.000000      -0.019992       0.019227
      42.020000      -0.026940       0.019276
      42.040001      -0.031192       0.019321
      42.059998      -0.054262       0.019262
      42.079998      -0.030481       0.019301
      42.099998      -0.012172       0.019273
      42.119999      -0.033671       0.019275
      42.139999      -0.019882       0.019297
      42.160000       0.008266       0.019354
      42.180000      -0.020982       0.019307
      42.200001      -0.022663       0.019280
      42.219997      -0.004368       0.019322
      42.239998      -0.006671       0.019314
      42.259998      -0.011523       0.019324
      42.279999      -0.008213       0.019428
      42.299999      -0.005656       0.019438
      42.320000      -0.038611       0.019407
      42.340000      -0.018727       0.019451
      42.360001      -0.017533       0.019486
      42.379997      -0.019633       0.019427
      42.399998      -0.012333       0.019472
      42.419998      -0.019586       0.019479
      42.439999      -0.024806       0.019537
      42.459999      -0.008332       0.019586
      42.480000      -0.017069       0.019551
      42.500000      -0.022401       0.019549
      42.520000      -0.008094       0.019547
      42.540001      -0.021383       0.019481
      42.559998      -0.022283       0.019476
      42.579998      -0.009810       0.019533
      42.599998      -0.007009       0.019602
      42.619999      -0.025971       0.019584
      42.639999      -0.012549       0.019660
      42.660000      -0.007346       0.019717
      42.680000      -0.020026       0.019712
      42.700001      -0.016585       0.019687
      42.719997      -0.020505       0.019675
      42.739998      -0.014202       0.019723
      42.759998      -0.008474       0.019686
      42.779999      -0.025254       0.019685
      42.799999      -0.056196       0.019662
      42.820000      -0.048027       0.019671
      42.840000      -0.025585       0.019758
      42.860001      -0.037515       0.019742
      42.879997      -0.025613       0.019830
      42.899998      -0.044966       0.019816
      42.919998      -0.033559       0.019854
      42.939999       0.001007       0.019911
      42.959999      -0.013723       0.019900
      42.980000      -0.043621       0.019873
      43.000000      -0.026014       0.019965
      43.020000       0.015948       0.020071
      43.040001      -0.023228       0.019966
      43.059998       0.020403       0.020004
      43.079998      -0.018255       0.019978
      43.099998      -0.019574       0.019968
      43.119999      -0.045039       0.019861
      43.139999      -0.025245       0.019990
      43.160000      -0.031765       0.020016
      43.180000      -0.016013       0.020073
      43.200001       0.025362       0.020182
      43.219997      -0.054779       0.020028
      43.239998      -0.018321       0.020100
      43.259998      -0.026003       0.020034
      43.279999       0.010059       0.020110
      43.299999       0.008385       0.020198
      43.320000      -0.017522       0.020190
      43.340000      -0.002147       0.020246
      43.360001      -0.006784       0.020243
      43.379997      -0.013206       0.020214
      43.399998      -0.021129       0.020222
      43.419998      -0.025813       0.020152
      43.439999      -0.028706       0.020157
      43.459999      -0.015609       0.020169
      43.480000       0.013464       0.020280
      43.500000       0.005917       0.020270
      43.520000       0.002789       0.020253
      43.540001       0.001456       0.020328
      43.559998      -0.023191       0.020255
      43.579998      -0.013587       0.020243
      43.599998      -0.014322       0.020233
      43.619999      -0.012517       0.020305
      43.639999       0.008831       0.020399
      43.660000      -0.012682       0.020397
      43.680000      -0.008520       0.020413
      43.700001      -0.002428       0.020434
      43.719997      -0.017799       0.020417
      43.739998      -0.015828       0.020428
      43.759998      -0.008042       0.020453
      43.779999       0.013340       0.020499
      43.799999      -0.006829       0.020499
      43.820000      -0.020510       0.020417
      43.840000      -0.008129       0.020481
      43.860001      -0.015285       0.020480
      43.879997      -0.008199       0.020462
      43.899998      -0.016127       0.020506
      43.919998      -0.023429       0.020514
      43.939999      -0.018443       0.020548
      43.959999      -0.007584       0.020519
      43.980000      -0.022687       0.020491
      44.000000      -0.029924       0.020510
      44.020000      -0.023563       0.020573
      44.040001      -0.021991       0.020653
      44.059998      -0.005252       0.020718
      44.079998      -0.008802       0.020727
      44.099998      -0.019164       0.020702
      44.119999       0.020704       0.020748
      44.139999      -0.014265       0.020734
      44.160000      -0.030659       0.020715
      44.180000      -0.003003       0.020765
      44.200001       0.011491       0.020814
      44.219997      -0.016903       0.020808
      44.239998      -0.006323       0.020854
      44.259998      -0.061400       0.020742
      44.279999      -0.013812       0.020769
      44.299999      -0.032221       0.020757
      44.320000      -0.037354       0.020775
      44.340000      -0.021742       0.020767
      44.360001      -0.020954       0.020788
      44.379997      -0.015052       0.020836
      44.399998      -0.023150       0.020883
      44.419998      -0.039350       0.020957
      44.439999      -0.057677       0.020877
      44.459999      -0.004374       0.021021
      44.480000      -0.030874       0.020947
      44.500000      -0.015717       0.020947
      44.520000      -0.005911       0.020977
      44.539997      -0.046320       0.020921
      44.559998      -0.044674       0.020925
      44.579998      -0.043345       0.020968
      44.599998      -0.017460       0.021042
      44.619999      -0.035963       0.021055
      44.639999       0.001815       0.021068
      44.660000      -0.040638       0.021053
      44.680000      -0.013459       0.021149
      44.700001      -0.028382       0.021072
      44.719997      -0.035013       0.021139
      44.739998      -0.011455       0.021207
      44.759998      -0.008559       0.021262
      44.779999      -0.027442       0.021198
      44.799999      -0.002036       0.021216
      44.820000      -0.004603       0.021187
      44.840000      -0.022444       0.021146
      44.860001      -0.033305       0.021151
      44.879997      -0.002983       0.021250
      44.899998      -0.009857       0.021325
      44.919998       0.008222       0.021417
      44.939999      -0.016329       0.021373
      44.959999       0.001294       0.021413
      44.980000       0.001340       0.021445
      45.000000      -0.015041       0.021460
      45.020000      -0.012000       0.021385
      45.039997      -0.020080       0.021413
      45.059998      -0.020521       0.021401
      45.079998      -0.013437       0.021351
      45.099998      -0.005888       0.021370
      45.119999      -0.002275       0.021413
      45.139999      -0.002279       0.021454
      45.160000       0.003143       0.021506
      45.180000      -0.003756       0.021491
      45.200001      -0.022942       0.021461
      45.219997      -0.012239       0.021525
      45.239998      -0.034383       0.021531
      45.259998      -0.000696       0.021591
      45.279999      -0.003423       0.021608
      45.299999       0.015050       0.021666
      45.320000      -0.023702       0.021623
      45.340000      -0.039735       0.021559
      45.360001      -0.029431       0.021579
      45.379997      -0.002889       0.021646
      45.399998       0.007596       0.021723
      45.419998       0.002762       0.021748
      45.439999      -0.007407       0.021747
      45.459999      -0.030633       0.021615
      45.480000      -0.007805       0.021549
      45.500000      -0.026709       0.021505
      45.520000      -0.033255       0.021546
      45.539997      -0.011814       0.021708
      45.559998      -0.012199       0.021836
      45.579998       0.013782       0.021906
      45.599998      -0.001453       0.021896
      45.619999      -0.008951       0.021885
      45.639999      -0.000006       0.021872
      45.660000       0.017302       0.021911
      45.680000      -0.024662       0.021860
      45.700001      -0.001653       0.022013
      45.719997       0.003062       0.022037
      45.739998      -0.008555       0.021974
      45.759998      -0.053042       0.021836
      45.779999      -0.025357       0.021820
      45.799999      -0.045172       0.021881
      45.820000      -0.029622       0.021915
      45.840000      -0.023226       0.022002
      45.860001       0.040975       0.022133
      45.879997      -0.003140       0.022056
      45.899998      -0.031930       0.021982
      45.919998      -0.015687       0.022038
      45.939999      -0.016048       0.022057
      45.959999      -0.025791       0.022029
      45.980000       0.011291       0.022149
      46.000000      -0.006878       0.022176
      46.020000      -0.022082       0.022179
      46.039997       0.012735       0.022291
      46.059998       0.021076       0.022272
      46.079998      -0.010847       0.022221
      46.099998      -0.037880       0.022214
      46.119999       0.009830       0.022283
      46.139999      -0.002004       0.022240
      46.160000      -0.011134       0.022202
      46.180000      -0.014432       0.022234
      46.200001       0.015113       0.022292
      46.219997       0.007199       0.022294
      46.239998      -0.040985       0.022243
      46.259998      -0.023498       0.022245
      46.279999       0.017458       0.022364
      46.299999      -0.004618       0.022346
      46.320000      -0.009471       0.022346
      46.340000       0.020464       0.022472
      46.360001      -0.011939       0.022473
      46.379997      -0.046712       0.022450
      46.399998      -0.004998       0.022478
      46.419998      -0.006311       0.022440
      46.439999      -0.005131       0.022470
      46.459999       0.000126       0.022545
      46.480000      -0.003199       0.022581
      46.500000       0.001549       0.022621
      46.520000       0.012747       0.022623
      46.539997       0.012310       0.022569
      46.559998       0.004171       0.022543
      46.579998      -0.016305       0.022481
      46.599998      -0.023655       0.022479
      46.619999      -0.023874       0.022538
      46.639999      -0.026745       0.022576
      46.660000       0.018033       0.022710
      46.680000       0.010403       0.022690
      46.700001      -0.019460       0.022600
      46.719997      -0.016645       0.022633
      46.739998      -0.012505       0.022658
      46.759998       0.001706       0.022762
      46.779999      -0.027162       0.022755
      46.799999      -0.008078       0.022770
      46.820000       0.020293       0.022753
      46.840000      -0.005066       0.022685
      46.860001      -0.007210       0.022654
      46.879997      -0.002738       0.022700
      46.899998      -0.020313       0.022780
      46.919998      -0.004921       0.022901
      46.939999      -0.000563       0.023008
      46.959999      -0.005391       0.022986
      46.980000      -0.000149       0.022969
      47.000000      -0.024000       0.022933
      47.020000      -0.014103       0.022949
      47.039997      -0.000819       0.023042
      47.059998       0.020643       0.023088
      47.079998       0.011469       0.023061
      47.099998      -0.016708       0.023057
      47.119999      -0.026064       0.022955
      47.139999      -0.003386       0.022915
      47.160000      -0.014223       0.022941
      47.180000      -0.048997       0.022892
      47.200001      -0.038033       0.023016
      47.219997      -0.004203       0.023062
      47.239998       0.024067       0.023190
      47.259998       0.007557       0.023170
      47.279999       0.002324       0.023224
      47.299999       0.006871       0.023235
      47.320000      -0.009236       0.023271
      47.340000      -0.015251       0.023263
      47.360001       0.019672       0.023383
      47.379997       0.008333       0.023377
      47.399998      -0.029862       0.023309
      47.419998      -0.051622       0.023265
      47.439999      -0.025551       0.023288
      47.459999       0.008894       0.023350
      47.480000       0.016012       0.023313
      47.500000       0.031905       0.023348
      47.520000       0.019084       0.023393
      47.539997      -0.004853       0.023337
      47.559998      -0.011156       0.023341
      47.579998      -0.020623       0.023325
      47.599998      -0.022997       0.023308
      47.619999      -0.008559       0.023358
      47.639999      -0.014264       0.023369
      47.660000      -0.014917       0.023401
      47.680000      -0.001051       0.023466
      47.700001       0.022217       0.023487
      47.719997       0.000992       0.023468
      47.739998       0.006052       0.023499
      47.759998       0.018574       0.023491
      47.779999       0.022809       0.023552
      47.799999       0.007155       0.023559
      47.820000      -0.014683       0.023505
      47.840000      -0.004326       0.023597
      47.860001       0.014890       0.023639
      47.879997      -0.018704       0.023531
      47.899998      -0.030766       0.023456
      47.919998      -0.004248       0.023623
      47.939999       0.007780       0.023723
      47.959999       0.002951       0.023796
      47.980000      -0.017929       0.023804
      48.000000      -0.025826       0.023786
      48.020000      -0.012024       0.023786
      48.039997       0.019002       0.023874
      48.059998      -0.015097       0.023743
      48.079998      -0.006964       0.023769
      48.099998      -0.002647       0.023775
      48.119999       0.007687       0.023831
      48.139999      -0.001457       0.023814
      48.160000       0.003005       0.023795
      48.180000       0.001578       0.023891
      48.200001       0.004501       0.023896
      48.219997      -0.022265       0.023896
      48.239998      -0.002991       0.023996
      48.259998       0.024470       0.024138
      48.279999      -0.009345       0.024032
      48.299999       0.014815       0.023988
      48.320000       0.031111       0.023936
      48.340000      -0.024552       0.023919
      48.360001      -0.019506       0.024030
      48.379997      -0.015454       0.024046
      48.399998       0.010189       0.024164
      48.419998      -0.003710       0.024161
      48.439999      -0.033039       0.024070
      48.459999      -0.029035       0.024067
      48.480000       0.023701       0.024083
      48.500000       0.008799       0.024095
      48.520000      -0.024936       0.024056
      48.539997       0.012331       0.024253
      48.559998      -0.014228       0.024241
      48.579998      -0.019018       0.024279
      48.599998      -0.005020       0.024228
      48.619999      -0.023045       0.024201
      48.639999      -0.018908       0.024223
      48.660000       0.000876       0.024229
      48.680000      -0.036161       0.024235
      48.700001      -0.025730       0.024261
      48.719997      -0.011248       0.024193
      48.739998      -0.040014       0.024139
      48.759998      -0.005685       0.024231
      48.779999      -0.003852       0.024296
      48.799999      -0.013337       0.024265
      48.820000       0.007261       0.024389
      48.840000       0.052635       0.024493
      48.860001       0.003071       0.024449
      48.879997      -0.016535       0.024422
      48.899998      -0.002145       0.024424
      48.919998       0.014171       0.024398
      48.939999      -0.024730       0.024396
      48.959999      -0.014823       0.024502
      48.980000       0.001831       0.024580
      49.000000      -0.020870       0.024519
      49.020000       0.020168       0.024615
      49.039997       0.039807       0.024607
      49.059998      -0.003033       0.024498
      49.079998      -0.004875       0.024565
      49.099998       0.000242       0.024585
      49.119999      -0.033748       0.024518
      49.139999      -0.008403       0.024686
      49.160000       0.000681       0.024731
      49.180000       0.006646       0.024797
      49.200001       0.028618       0.024887
      49.219997       0.001554       0.024776
      49.239998       0.006014       0.024807
      49.259998       0.012052       0.024846
      49.279999       0.010905       0.024806
      49.299999      -0.009001       0.024873
      49.320000      -0.028236       0.024869
      49.340000       0.023441       0.024970
      49.360001      -0.001073       0.025012
      49.379997       0.014536       0.024977
      49.399998      -0.004486       0.024903
      49.419998      -0.042473       0.024824
      49.439999      -0.031880       0.024813
      49.459999      -0.025760       0.024911
      49.480000       0.016940       0.024987
      49.500000      -0.004328       0.024977
      49.520000       0.010084       0.024948
      49.539997      -0.022012       0.024902
      49.559998      -0.004302       0.024982
      49.579998      -0.042804       0.024992
      49.599998      -0.017597       0.025076
      49.619999      -0.008305       0.025122
      49.639999      -0.019021       0.025058
      49.660000       0.005200       0.025214
      49.680000       0.012850       0.025295
      49.700001      -0.015436       0.025158
      49.719997      -0.007583       0.025145
      49.739998       0.020427       0.025215
      49.759998      -0.012144       0.025143
      49.779999      -0.004322       0.025134
      49.799999      -0.015379       0.025195
      49.820000       0.002954       0.025310
      49.840000       0.018143       0.025428
      49.860001       0.009648       0.025435
      49.879997      -0.009571       0.025398
      49.899998       0.000821       0.025379
      49.919998       0.028637       0.025356
      49.939999       0.010708       0.025299
      49.959999       0.034270       0.025369
      49.980000       0.008506       0.025503
