Q (Ang^-1), RMC, Data
  0.50000000000000000       ,  -0.37839076579839492       ,  -0.25905559132693912     
  0.52000000000000002       ,  -0.36794598981679461       ,  -0.27384616263778327     
  0.54000000000000004       ,  -0.35860477590020567       ,  -0.28768124695515224     
  0.55999999999999994       ,  -0.35042170462874411       ,  -0.30054364145646600     
  0.57999999999999996       ,  -0.34343763228148605       ,  -0.31243123251632421     
  0.59999999999999998       ,  -0.33767939764457566       ,  -0.32335608583857922     
  0.62000000000000000       ,  -0.33315969213850771       ,  -0.33334330562652875     
  0.64000000000000001       ,  -0.32987709350383532       ,  -0.34242968944376073     
  0.65999999999999992       ,  -0.32781626130369884       ,  -0.35066220893711680     
  0.67999999999999994       ,  -0.32694829055165903       ,  -0.35809634949296792     
  0.69999999999999996       ,  -0.32723121787879134       ,  -0.36479434412669720     
  0.71999999999999997       ,  -0.32861067283875056       ,  -0.37082333842552639     
  0.73999999999999999       ,  -0.33102066523631635       ,  -0.37625352415270985     
  0.76000000000000001       ,  -0.33438449777525958       ,  -0.38115627916765538     
  0.78000000000000003       ,  -0.33861579187512797       ,  -0.38560235062753617     
  0.80000000000000004       ,  -0.34361961322168594       ,  -0.38966011703124798     
  0.82000000000000006       ,  -0.34929368250823711       ,  -0.39339396258059067     
  0.83999999999999997       ,  -0.35552965590838709       ,  -0.39686279461339724     
  0.85999999999999999       ,  -0.36221445910608246       ,  -0.40011873156860694     
  0.88000000000000000       ,  -0.36923165820432774       ,  -0.40320598514445122     
  0.89999999999999991       ,  -0.37646285054547207       ,  -0.40615995608777361     
  0.91999999999999993       ,  -0.38378905840609490       ,  -0.40900655849270956     
  0.93999999999999995       ,  -0.39109210867805522       ,  -0.41176178268416724     
  0.95999999999999996       ,  -0.39825598201122681       ,  -0.41443150181332700     
  0.97999999999999998       ,  -0.40516811546672926       ,  -0.41701152229847110     
   1.0000000000000000       ,  -0.41172064350331306       ,  -0.41948787330467463     
   1.0200000000000000       ,  -0.41781156308261297       ,  -0.42183732566800441     
   1.0400000000000000       ,  -0.42334580981699665       ,  -0.42402812612773011     
   1.0600000000000001       ,  -0.42823623338061811       ,  -0.42602092852192314     
   1.0800000000000001       ,  -0.43240446184133174       ,  -0.42776989980838098     
   1.1000000000000001       ,  -0.43578164612813419       ,  -0.42922397546545143     
   1.1200000000000001       ,  -0.43830907750372089       ,  -0.43032823606771570     
   1.1400000000000001       ,  -0.43993867264147141       ,  -0.43102537466874558     
   1.1600000000000001       ,  -0.44063332268647143       ,  -0.43125722309488701     
   1.1800000000000002       ,  -0.44036710448625388       ,  -0.43096630438415950     
   1.2000000000000000       ,  -0.43912535398388297       ,  -0.43009737840341750     
   1.2200000000000000       ,  -0.43690460354873217       ,  -0.42859894814206967     
   1.2400000000000000       ,  -0.43371238675450735       ,  -0.42642469529546145     
   1.2600000000000000       ,  -0.42956691577598416       ,  -0.42353481548614591     
   1.2800000000000000       ,  -0.42449663814321309       ,  -0.41989722578509253     
   1.3000000000000000       ,  -0.41853968104346512       ,  -0.41548862003479237     
   1.3199999999999998       ,  -0.41174319267788323       ,  -0.41029535077897727     
   1.3399999999999999       ,  -0.40416259134449767       ,  -0.40431412029785468     
   1.3599999999999999       ,  -0.39586073391718118       ,  -0.39755246725433774     
   1.3799999999999999       ,  -0.38690701620907436       ,  -0.39002903969158997     
   1.3999999999999999       ,  -0.37737641833939467       ,  -0.38177364949686449     
   1.4199999999999999       ,  -0.36734850865789270       ,  -0.37282710787151774     
   1.4399999999999999       ,  -0.35690642001763134       ,  -0.36324084573172893     
   1.4600000000000000       ,  -0.34613581222373685       ,  -0.35307632722095983     
   1.4800000000000000       ,  -0.33512383432558263       ,  -0.34240426855872574     
   1.5000000000000000       ,  -0.32395810006773357       ,  -0.33130367820130363     
   1.5200000000000000       ,  -0.31272568927920913       ,  -0.31986073767636053     
   1.5400000000000000       ,  -0.30151218727200452       ,  -0.30816754541054014     
   1.5600000000000001       ,  -0.29040077345182042       ,  -0.29632074834227523     
   1.5800000000000001       ,  -0.27947136933241490       ,  -0.28442008805716895     
   1.6000000000000001       ,  -0.26879985500771603       ,  -0.27256688956741670     
   1.6200000000000001       ,  -0.25845736189247359       ,  -0.26086252165871071     
   1.6399999999999999       ,  -0.24850964821385574       ,  -0.24940685793941206     
   1.6599999999999999       ,  -0.23901656234523699       ,  -0.23829676735060185     
   1.6799999999999999       ,  -0.23003159764236475       ,  -0.22762466194752015     
   1.7000000000000000       ,  -0.22160154099448229       ,  -0.21747712827009613     
   1.7200000000000000       ,  -0.21376621586209113       ,  -0.20793366662031462     
   1.7400000000000000       ,  -0.20655831916171072       ,  -0.19906556010544113     
   1.7600000000000000       ,  -0.20000334999840622       ,  -0.19093489244500986     
   1.7800000000000000       ,  -0.19411962695986729       ,  -0.18359373034070073     
   1.8000000000000000       ,  -0.18891838949101594       ,  -0.17708348274204283     
   1.8200000000000001       ,  -0.18440397778304854       ,  -0.17143444568269084     
   1.8400000000000001       ,  -0.18057408465115318       ,  -0.16666553758975772     
   1.8600000000000001       ,  -0.17742007205402482       ,  -0.16278422616197707     
   1.8800000000000001       ,  -0.17492734423646208       ,  -0.15978664415036392     
   1.8999999999999999       ,  -0.17307576896167323       ,  -0.15765788773457540     
   1.9199999999999999       ,  -0.17184013794757541       ,  -0.15637248774297752     
   1.9399999999999999       ,  -0.17119065743353337       ,  -0.15589504078268662     
   1.9600000000000000       ,  -0.17109345977990026       ,  -0.15618098448963363     
   1.9800000000000000       ,  -0.17151112713881361       ,  -0.15717749863198940     
   2.0000000000000000       ,  -0.17240321852450544       ,  -0.15882451174864570     
   2.0200000000000000       ,  -0.17372679204582339       ,  -0.16105579141348542     
   2.0400000000000000       ,  -0.17543691463116357       ,  -0.16380009511155819     
   2.0600000000000001       ,  -0.17748715226277514       ,  -0.16698235810969062     
   2.0800000000000001       ,  -0.17983003452751900       ,  -0.17052489460564482     
   2.1000000000000001       ,  -0.18241748816732084       ,  -0.17434858883968046     
   2.1200000000000001       ,  -0.18520123525572130       ,  -0.17837405373312062     
   2.1400000000000001       ,  -0.18813315261748226       ,  -0.18252273595273444     
   2.1600000000000001       ,  -0.19116559012561432       ,  -0.18671794805076142     
   2.1799999999999997       ,  -0.19425164653388480       ,  -0.19088581045328459     
   2.2000000000000002       ,  -0.19734540251242080       ,  -0.19495608851170743     
   2.2199999999999998       ,  -0.20040211152950843       ,  -0.19886291253500274     
   2.2400000000000002       ,  -0.20337835014526692       ,  -0.20254537162077499     
   2.2599999999999998       ,  -0.20623213013483213       ,  -0.20594797513435975     
   2.2800000000000002       ,  -0.20892297562410217       ,  -0.20902097877868112     
   2.2999999999999998       ,  -0.21141196908591062       ,  -0.21172057528456451     
   2.3200000000000003       ,  -0.21366177059682687       ,  -0.21400895276393792     
   2.3399999999999999       ,  -0.21563661518525076       ,  -0.21585422664177881     
   2.3600000000000003       ,  -0.21730229340321913       ,  -0.21723025375568522     
   2.3799999999999999       ,  -0.21862612042325863       ,  -0.21811633962878843     
   2.3999999999999999       ,  -0.21957689899634875       ,  -0.21849685203306182     
   2.4199999999999999       ,  -0.22012488150911980       ,  -0.21836075572391359     
   2.4399999999999999       ,  -0.22024173615193124       ,  -0.21770108460987520     
   2.4600000000000000       ,  -0.21990052186140013       ,  -0.21651436859832193     
   2.4800000000000000       ,  -0.21907567624061261       ,  -0.21480003291428812     
   2.5000000000000000       ,  -0.21774302009933749       ,  -0.21255978781886445     
   2.5200000000000000       ,  -0.21587978160879912       ,  -0.20979702636018763     
   2.5400000000000000       ,  -0.21346464234648008       ,  -0.20651624708707356     
   2.5600000000000001       ,  -0.21047780673289970       ,  -0.20272251756515078     
   2.5800000000000001       ,  -0.20690109555244215       ,  -0.19842099308872646     
   2.6000000000000001       ,  -0.20271806342275298       ,  -0.19361650321692414     
   2.6200000000000001       ,  -0.19791413925107121       ,  -0.18831321672495893     
   2.6400000000000001       ,  -0.19247678791005637       ,  -0.18251439330156735     
   2.6600000000000001       ,  -0.18639569059865796       ,  -0.17622222789657849     
   2.6800000000000002       ,  -0.17966294064297572       ,  -0.16943779108693915     
   2.7000000000000002       ,  -0.17227325085419407       ,  -0.16216106624507060     
   2.7200000000000002       ,  -0.16422416801027470       ,  -0.15439108172100785     
   2.7400000000000002       ,  -0.15551628957801311       ,  -0.14612613374886146     
   2.7600000000000002       ,  -0.14615347745291951       ,  -0.13736409341621325     
   2.7800000000000002       ,  -0.13614306327438677       ,  -0.12810278884593168     
   2.7999999999999998       ,  -0.12549603977839568       ,  -0.11834045178276577     
   2.8199999999999998       ,  -0.11422723268243620       ,  -0.10807621609523792     
   2.8399999999999999       ,  -0.10235544775751527       ,   -9.7310654333596910E-002
   2.8599999999999999       ,   -8.9903588027310161E-002  ,   -8.6046337455978755E-002
   2.8799999999999999       ,   -7.6898736439316509E-002  ,   -7.4288402168632778E-002
   2.8999999999999999       ,   -6.3372199869027354E-002  ,   -6.2045110034745034E-002
   2.9199999999999999       ,   -4.9359510935231887E-002  ,   -4.9328382593893688E-002
   2.9399999999999999       ,   -3.4900384809554437E-002  ,   -3.6154297195773649E-002
   2.9600000000000000       ,   -2.0038628981530672E-002  ,   -2.2543529074155917E-002
   2.9800000000000000       ,   -4.8220047753301191E-003  ,   -8.5217263486002618E-003
   3.0000000000000000       ,    1.0697959712155140E-002  ,    5.8801938868931177E-003
   3.0200000000000000       ,    2.6466204688477650E-002  ,    2.0625838483361834E-002
   3.0400000000000000       ,    4.2424420300273297E-002  ,    3.5673228281783549E-002
   3.0600000000000001       ,    5.8511372491813547E-002  ,    5.0974791237934455E-002
   3.0800000000000001       ,    7.4663269915843308E-002  ,    6.6477462284988714E-002
   3.1000000000000001       ,    9.0814167943030336E-002  ,    8.2122891214572530E-002
   3.1200000000000001       ,   0.10689640510749630       ,    9.7847757454763665E-002
   3.1400000000000001       ,   0.12284106670584932       ,   0.11358418825146752     
   3.1600000000000001       ,   0.13857846974962124       ,   0.12926027447201480     
   3.1800000000000002       ,   0.15403866306753122       ,   0.14480067609857006     
   3.2000000000000002       ,   0.16915193607355564       ,   0.16012730751260845     
   3.2200000000000002       ,   0.18384932956571684       ,   0.17516009093394480     
   3.2400000000000002       ,   0.19806314190221738       ,   0.18981776490708377     
   3.2600000000000002       ,   0.21172742401655070       ,   0.20401873355572939     
   3.2800000000000002       ,   0.22477845697897300       ,   0.21768194147783596     
   3.2999999999999998       ,   0.23715520618275096       ,   0.23072775864586206     
   3.3199999999999998       ,   0.24879974672158045       ,   0.24307885951873878     
   3.3399999999999999       ,   0.25965765511841332       ,   0.25466108076456428     
   3.3599999999999999       ,   0.26967836325221944       ,   0.26540424252890782     
   3.3799999999999999       ,   0.27881547109216687       ,   0.27524291904750486     
   3.3999999999999999       ,   0.28702701567088706       ,   0.28411714557163031     
   3.4199999999999999       ,   0.29427569459091246       ,   0.29197305001947826     
   3.4399999999999999       ,   0.30052904324100310       ,   0.29876339945184144     
   3.4600000000000000       ,   0.30575956578136632       ,   0.30444805335366043     
   3.4800000000000000       ,   0.30994482081807878       ,   0.30899431773905872     
   3.5000000000000000       ,   0.31306746350691705       ,   0.31237719623724264     
   3.5200000000000000       ,   0.31511524658597856       ,   0.31457953650889720     
   3.5400000000000000       ,   0.31608098351672065       ,   0.31559207253551230     
   3.5600000000000001       ,   0.31596247749792589       ,   0.31541336546559884     
   3.5800000000000001       ,   0.31476242059255383       ,   0.31404964774185734     
   3.6000000000000001       ,   0.31248826756166515       ,   0.31151457712451502     
   3.6200000000000001       ,   0.30915208922378717       ,   0.30782890892466536     
   3.6400000000000001       ,   0.30477041024656260       ,   0.30302009622870935     
   3.6600000000000001       ,   0.29936403622776309       ,   0.29712182909807094     
   3.6800000000000002       ,   0.29295787473572549       ,   0.29017352464063273     
   3.7000000000000002       ,   0.28558075465935673       ,   0.28221978045279905     
   3.7200000000000002       ,   0.27726524777280448       ,   0.27330980421206091     
   3.7400000000000002       ,   0.26804749586072746       ,   0.26349683215576525     
   3.7600000000000002       ,   0.25796704609091492       ,   0.25283754881688753     
   3.7800000000000002       ,   0.24706669657865657       ,   0.24139151971412692     
   3.8000000000000003       ,   0.23539235328112257       ,   0.22922064773159589     
   3.8199999999999998       ,   0.22299289851133675       ,   0.21638866269956997     
   3.8399999999999999       ,   0.20992007049313852       ,   0.20296065223591828     
   3.8599999999999999       ,   0.19622835251472520       ,   0.18900264026702468     
   3.8799999999999999       ,   0.18197486940344634       ,   0.17458121786121170     
   3.8999999999999999       ,   0.16721928826291133       ,   0.15976322912467159     
   3.9199999999999999       ,   0.15202371970887846       ,   0.14461551297985317     
   3.9399999999999999       ,   0.13645261523537952       ,   0.12920469972080886     
   3.9600000000000000       ,   0.12057265585773404       ,   0.11359705937083653     
   3.9800000000000000       ,   0.10445262683293322       ,    9.7858397105427222E-002
   4.0000000000000000       ,    8.8163273065731018E-002  ,    8.2053989396175350E-002
   4.0199999999999996       ,    7.1777129782885488E-002  ,    6.6248553123388149E-002
   4.0400000000000000       ,    5.5368323206782789E-002  ,    5.0506238736560627E-002
   4.0600000000000005       ,    3.9012336287614961E-002  ,    3.4890637646580749E-002
   4.0800000000000001       ,    2.2785735060514622E-002  ,    1.9464793439033477E-002
   4.0999999999999996       ,    6.7658518764716425E-003  ,    4.2912062242995951E-003
   4.1200000000000001       ,   -8.9695773952552411E-003  ,   -1.0568180500586517E-002
   4.1400000000000006       ,   -2.4342824093123081E-002  ,   -2.5052020707335053E-002
   4.1600000000000001       ,   -3.9276626178936333E-002  ,   -3.9099643910040345E-002
   4.1799999999999997       ,   -5.3694695850689464E-002  ,   -5.2651178911238265E-002
   4.2000000000000002       ,   -6.7522273516322603E-002  ,   -6.5647730330561357E-002
   4.2200000000000006       ,   -8.0686724886061767E-002  ,   -7.8031613414455497E-002
   4.2400000000000002       ,   -9.3118176503510133E-002  ,   -8.9746650782783655E-002
   4.2599999999999998       ,  -0.10475018359939697       ,  -0.10073853273791188     
   4.2800000000000002       ,  -0.11552042275102341       ,  -0.11095524059303226     
   4.3000000000000007       ,  -0.12537140049977868       ,  -0.12034753022243939     
   4.3200000000000003       ,  -0.13425116785331301       ,  -0.12886947075412172     
   4.3399999999999999       ,  -0.14211402951196431       ,  -0.13647903107303980     
   4.3599999999999994       ,  -0.14892123574301597       ,  -0.14313870464145062     
   4.3799999999999999       ,  -0.15464164411120412       ,  -0.14881616112921717     
   4.4000000000000004       ,  -0.15925233778618741       ,  -0.15348491153884278     
   4.4199999999999999       ,  -0.16273918691034800       ,  -0.15712497196004876     
   4.4399999999999995       ,  -0.16509733954162825       ,  -0.15972350984522474     
   4.4600000000000000       ,  -0.16633162899945467       ,  -0.16127545580223643     
   4.4800000000000004       ,  -0.16645688504500022       ,  -0.16178406338973042     
   4.5000000000000000       ,  -0.16549813722203036       ,  -0.16126139929912670     
   4.5199999999999996       ,  -0.16349069986721695       ,  -0.15972874663469966     
   4.5400000000000009       ,  -0.16048012975872297       ,  -0.15721690476688258     
   4.5600000000000005       ,  -0.15652204909237069       ,  -0.15376637043254046     
   4.5800000000000001       ,  -0.15168182843312239       ,  -0.14942738637759814     
   4.5999999999999996       ,  -0.14603412645730152       ,  -0.14425984586033272     
   4.6199999999999992       ,  -0.13966228564392288       ,  -0.13833304372599825     
   4.6400000000000006       ,  -0.13265758555276674       ,  -0.13172526748439031     
   4.6600000000000001       ,  -0.12511835789911535       ,  -0.12452322482171212     
   4.6799999999999997       ,  -0.11714897025359891       ,  -0.11682130719943325     
   4.6999999999999993       ,  -0.10885868781093846       ,  -0.10872069257178070     
   4.7200000000000006       ,  -0.10036042523215200       ,  -0.10032829372082760     
   4.7400000000000002       ,   -9.1769403019082693E-002  ,   -9.1755562190708198E-002
   4.7599999999999998       ,   -8.3201725176012986E-002  ,   -8.3117161224732061E-002
   4.7799999999999994       ,   -7.4772897000237801E-002  ,   -7.4529524394804147E-002
   4.8000000000000007       ,   -6.6596303673546464E-002  ,   -6.6109319686087034E-002
   4.8200000000000003       ,   -5.8781671854977027E-002  ,   -5.7971841588350663E-002
   4.8399999999999999       ,   -5.1433537661530380E-002  ,   -5.0229356180228557E-002
   4.8599999999999994       ,   -4.4649745232897553E-002  ,   -4.2989426210570489E-002
   4.8800000000000008       ,   -3.8520000479734501E-002  ,   -3.6353244726482804E-002
   4.9000000000000004       ,   -3.3124504590950087E-002  ,   -3.0414006823315933E-002
   4.9199999999999999       ,   -2.8532691409488321E-002  ,   -2.5255349560314534E-002
   4.9399999999999995       ,   -2.4802091872170275E-002  ,   -2.0949889970300319E-002
   4.9600000000000009       ,   -2.1977347349521031E-002  ,   -1.7557890377518998E-002
   4.9800000000000004       ,   -2.0089391927179064E-002  ,   -1.5126078921750472E-002
   5.0000000000000000       ,   -1.9154821461027517E-002  ,   -1.3686651278481475E-002
   5.0199999999999996       ,   -1.9175464641753393E-002  ,   -1.3256477086449179E-002
   5.0400000000000009       ,   -2.0138168357429438E-002  ,   -1.3836531579491293E-002
   5.0600000000000005       ,   -2.2014806388966583E-002  ,   -1.5411569415634431E-002
   5.0800000000000001       ,   -2.4762516963954762E-002  ,   -1.7950053759980357E-002
   5.0999999999999996       ,   -2.8324170986802195E-002  ,   -2.1404349376671340E-002
   5.1199999999999992       ,   -3.2629068919794793E-002  ,   -2.5711183895418481E-002
   5.1400000000000006       ,   -3.7593860377503313E-002  ,   -3.0792376623670271E-002
   5.1600000000000001       ,   -4.3123676585683057E-002  ,   -3.6555829366364548E-002
   5.1799999999999997       ,   -4.9113462016990905E-002  ,   -4.2896768785432048E-002
   5.1999999999999993       ,   -5.5449487821418592E-002  ,   -4.9699224977227952E-002
   5.2200000000000006       ,   -6.2011026190345604E-002  ,   -5.6837726264806612E-002
   5.2400000000000002       ,   -6.8672161598126294E-002  ,   -6.4179185788709389E-002
   5.2599999999999998       ,   -7.5303712019116953E-002  ,   -7.1584951426664586E-002
   5.2799999999999994       ,   -8.1775230780823327E-002  ,   -7.8912986965636880E-002
   5.3000000000000007       ,   -8.7957057739038169E-002  ,   -8.6020149368351020E-002
   5.3200000000000003       ,   -9.3722386994483459E-002  ,   -9.2764524490808312E-002
   5.3399999999999999       ,   -9.8949317450224922E-002  ,   -9.9007781777230491E-002
   5.3599999999999994       ,  -0.10352285216315374       ,  -0.10461750733195786     
   5.3800000000000008       ,  -0.10733681268928619       ,  -0.10946947437891157     
   5.4000000000000004       ,  -0.11029563546888517       ,  -0.11344981048897920     
   5.4199999999999999       ,  -0.11231601873992175       ,  -0.11645702209037900     
   5.4399999999999995       ,  -0.11332839049239654       ,  -0.11840383866789257     
   5.4600000000000009       ,  -0.11327817055572048       ,  -0.11921884168023546     
   5.4800000000000004       ,  -0.11212680301006876       ,  -0.11884784654234845     
   5.5000000000000000       ,  -0.10985253868343654       ,  -0.11725500997854502     
   5.5199999999999996       ,  -0.10645095148249911       ,  -0.11442363958746996     
   5.5400000000000009       ,  -0.10193517664210605       ,  -0.11035668749278220     
   5.5600000000000005       ,   -9.6335863592456536E-002  ,  -0.10507691539566923     
   5.5800000000000001       ,   -8.9700840955529340E-002  ,   -9.8626724098866678E-002
   5.5999999999999996       ,   -8.2094496109060958E-002  ,   -9.1067646531669183E-002
   5.6199999999999992       ,   -7.3596876709595666E-002  ,   -8.2479509360912862E-002
   5.6400000000000006       ,   -6.4302526456528480E-002  ,   -7.2959274310413311E-002
   5.6600000000000001       ,   -5.4319072116909194E-002  ,   -6.2619576216066994E-002
   5.6799999999999997       ,   -4.3765583327981680E-002  ,   -5.1586980502249080E-002
   5.6999999999999993       ,   -3.2770730866109966E-002  ,   -3.9999988067287724E-002
   5.7200000000000006       ,   -2.1470772836709923E-002  ,   -2.8006820407192080E-002
   5.7400000000000002       ,   -1.0007401526535262E-002  ,   -1.5763022090968574E-002
   5.7599999999999998       ,    1.4745135987094804E-003  ,   -3.4289213408743614E-003
   5.7799999999999994       ,    1.2829249128279816E-002  ,    8.8330076083743565E-003
   5.8000000000000007       ,    2.3912578056144884E-002  ,    2.0860834558344876E-002
   5.8200000000000003       ,    3.4584107320427764E-002  ,    3.2495868680551585E-002
   5.8399999999999999       ,    4.4709562500433203E-002  ,    4.3585311563456394E-002
   5.8599999999999994       ,    5.4162980247102900E-002  ,    5.3984820829756114E-002
   5.8800000000000008       ,    6.2828770341054441E-002  ,    6.3560938485747134E-002
   5.9000000000000004       ,    7.0603611283999709E-002  ,    7.2193340327780173E-002
   5.9199999999999999       ,    7.7398146004418009E-002  ,    7.9776865718102732E-002
   5.9399999999999995       ,    8.3138447554146566E-002  ,    8.6223290803051938E-002
   5.9600000000000009       ,    8.7767228534491259E-002  ,    9.1462812714986505E-002
   5.9800000000000004       ,    9.1244772352747555E-002  ,    9.5445217395497051E-002
   6.0000000000000000       ,    9.3549569197035942E-002  ,    9.8140709309007992E-002
   6.0199999999999996       ,    9.4678644744750268E-002  ,    9.9540387379411621E-002
   6.0400000000000009       ,    9.4647574996319678E-002  ,    9.9656357865689868E-002
   6.0600000000000005       ,    9.3490186154496238E-002  ,    9.8521481476388673E-002
   6.0800000000000001       ,    9.1257944049497358E-002  ,    9.6188758683788192E-002
   6.0999999999999996       ,    8.8019043139752812E-002  ,    9.2730363810870325E-002
   6.1199999999999992       ,    8.3857210494544976E-002  ,    8.8236344902279273E-002
   6.1400000000000006       ,    7.8870245288415033E-002  ,    8.2813012531738298E-002
   6.1600000000000001       ,    7.3168319111748731E-002  ,    7.6581046425246657E-002
   6.1799999999999997       ,    6.6872066737208219E-002  ,    6.9673353981781441E-002
   6.1999999999999993       ,    6.0110500795081678E-002  ,    6.2232719350787682E-002
   6.2200000000000006       ,    5.3018787028777395E-002  ,    5.4409285589636029E-002
   6.2400000000000002       ,    4.5735919362003580E-002  ,    4.6357915499177831E-002
   6.2599999999999998       ,    3.8402335860992669E-002  ,    3.8235478961134682E-002
   6.2799999999999994       ,    3.1157517780878472E-002  ,    3.0198115933179257E-002
   6.3000000000000007       ,    2.4137614221213202E-002  ,    2.2398524669041641E-002
   6.3200000000000003       ,    1.7473134472337521E-002  ,    1.4983324212522854E-002
   6.3399999999999999       ,    1.1286748917113856E-002  ,    8.0905387743858432E-003
   6.3599999999999994       ,    5.6912373814442694E-003  ,    1.8472492661667323E-003
   6.3800000000000008       ,    7.8762113623922212E-004  ,   -3.6325459213699903E-003
   6.4000000000000004       ,   -3.3364886087371053E-003  ,   -8.2498227847538057E-003
   6.4199999999999999       ,   -6.6082968514844893E-003  ,   -1.1922142801735622E-002
   6.4399999999999995       ,   -8.9709612275450362E-003  ,   -1.4584955153619903E-002
   6.4600000000000009       ,   -1.0384439330298752E-002  ,   -1.6192567819572491E-002
   6.4800000000000004       ,   -1.0826032855714658E-002  ,   -1.6718771540878408E-002
   6.5000000000000000       ,   -1.0290620094519719E-002  ,   -1.6157107199236194E-002
   6.5199999999999996       ,   -8.7905740413241600E-003  ,   -1.4520773865047651E-002
   6.5400000000000009       ,   -6.3553691862004158E-003  ,   -1.1842181520147528E-002
   6.5600000000000005       ,   -3.0308857900640984E-003  ,   -8.1721591145658724E-003
   6.5800000000000001       ,    1.1215739876550212E-003  ,   -3.5788350506230663E-003
   6.5999999999999996       ,    6.0265384478110032E-003  ,    1.8537867238527348E-003
   6.6200000000000010       ,    1.1595862617895433E-002  ,    8.0275262051740098E-003
   6.6400000000000006       ,    1.7730439398139106E-002  ,    1.4831968542275123E-002
   6.6600000000000001       ,    2.4322092664380422E-002  ,    2.2146608710963616E-002
   6.6799999999999997       ,    3.1255616137647040E-002  ,    2.9843157762456350E-002
   6.6999999999999993       ,    3.8410919253986237E-002  ,    3.7787965935871790E-002
   6.7200000000000006       ,    4.5665239431521974E-002  ,    4.5844515977816636E-002
   6.7400000000000002       ,    5.2895379070141864E-002  ,    5.3875938973659700E-002
   6.7599999999999998       ,    5.9979925352767360E-002  ,    6.1747504882337441E-002
   6.7799999999999994       ,    6.6801411450590958E-002  ,    6.9329040779125120E-002
   6.8000000000000007       ,    7.3248379057367155E-002  ,    7.6497231530237700E-002
   6.8200000000000003       ,    7.9217304263731247E-002  ,    8.3137760212946180E-002
   6.8399999999999999       ,    8.4614351590828515E-002  ,    8.9147249001721135E-002
   6.8599999999999994       ,    8.9356924478281322E-002  ,    9.4434965395253298E-002
   6.8800000000000008       ,    9.3374984596847732E-002  ,    9.8924263477087368E-002
   6.9000000000000004       ,    9.6612116951302493E-002  ,   0.10255373528700633     
   6.9199999999999999       ,    9.9026322764328004E-002  ,   0.10527805322334997     
   6.9399999999999995       ,   0.10059052748923052       ,   0.10706849058134689     
   6.9600000000000009       ,   0.10129279688337230       ,   0.10791311373603359     
   6.9800000000000004       ,   0.10113625977606679       ,   0.10781664597323352     
   7.0000000000000000       ,   0.10013874187278221       ,   0.10680000942947300     
   7.0199999999999996       ,    9.8332120540187321E-002  ,   0.10489955789411497     
   7.0400000000000009       ,    9.5761415904251357E-002  ,   0.10216601923019789     
   7.0600000000000005       ,    9.2483638660965067E-002  ,    9.8663171766624327E-002
   7.0800000000000001       ,    8.8566419647260877E-002  ,    9.4466284093892322E-002
   7.0999999999999996       ,    8.4086450357718542E-002  ,    8.9660352159624895E-002
   7.1200000000000010       ,    7.9127767140030725E-002  ,    8.4338171322390507E-002
   7.1400000000000006       ,    7.3779914690116188E-002  ,    7.8598284010700042E-002
   7.1600000000000001       ,    6.8136026640400971E-002  ,    7.2542845792223268E-002
   7.1799999999999997       ,    6.2290862450581498E-002  ,    6.6275453946655197E-002
   7.1999999999999993       ,    5.6338840442559289E-002  ,    5.9898983032230020E-002
   7.2200000000000006       ,    5.0372106659249870E-002  ,    5.3513471436563306E-002
   7.2400000000000002       ,    4.4478678275449164E-002  ,    4.7214101521255110E-002
   7.2599999999999998       ,    3.8740698568404792E-002  ,    4.1089313738007442E-002
   7.2799999999999994       ,    3.3232838002095130E-002  ,    3.5219092060623673E-002
   7.3000000000000007       ,    2.8020872842836986E-002  ,    2.9673454306578272E-002
   7.3200000000000003       ,    2.3160468968844609E-002  ,    2.4511176493198235E-002
   7.3399999999999999       ,    1.8696194239024650E-002  ,    1.9778775378996982E-002
   7.3599999999999994       ,    1.4660778033833853E-002  ,    1.5509767883752676E-002
   7.3800000000000008       ,    1.1074631469549732E-002  ,    1.1724220273760237E-002
   7.4000000000000004       ,    7.9456364201726613E-003  ,    8.4285939604163990E-003
   7.4199999999999999       ,    5.2692059666859872E-003  ,    5.6158886141798106E-003
   7.4399999999999995       ,    3.0286133427682499E-003  ,    3.2660771671242303E-003
   7.4600000000000009       ,    1.1955809710960260E-003  ,    1.3468212900591130E-003
   7.4800000000000004       ,   -2.6888410470019919E-004  ,   -1.8554979435995124E-004
   7.5000000000000000       ,   -1.4134270841929986E-003  ,   -1.3848196476620408E-003
   7.5199999999999996       ,   -2.2950778664038323E-003  ,   -2.3134514470940434E-003
   7.5400000000000009       ,   -2.9778065133482254E-003  ,   -3.0409729378515003E-003
   7.5600000000000005       ,   -3.5309326878478478E-003  ,   -3.6422147426660454E-003
   7.5800000000000001       ,   -4.0274229459124136E-003  ,   -4.1954401384080159E-003
   7.5999999999999996       ,   -4.5421119809229771E-003  ,   -4.7804064880265611E-003
   7.6200000000000010       ,   -5.1498853935311355E-003  ,   -5.4763997609738654E-003
   7.6400000000000006       ,   -5.9238622688083430E-003  ,   -6.3602839638259830E-003
   7.6600000000000001       ,   -6.9336157675256149E-003  ,   -7.5046068302473219E-003
   7.6799999999999997       ,   -8.2434690841743843E-003  ,   -8.9758017984177541E-003
   7.6999999999999993       ,   -9.9109025089204536E-003  ,   -1.0832524164523270E-002
   7.7200000000000006       ,   -1.1985104988018963E-002  ,   -1.3124156389451613E-002
   7.7400000000000002       ,   -1.4505700555933285E-002  ,   -1.5889513914629026E-002
   7.7599999999999998       ,   -1.7501676374899876E-002  ,   -1.9155778588479406E-002
   7.7799999999999994       ,   -2.0990534938779681E-002  ,   -2.2937682006468688E-002
   7.8000000000000007       ,   -2.4977688363579255E-002  ,   -2.7236955825206497E-002
   7.8200000000000003       ,   -2.9456107691954423E-002  ,   -3.2042060533413651E-002
   7.8399999999999999       ,   -3.4406234885625539E-002  ,   -3.7328198365152027E-002
   7.8599999999999994       ,   -3.9796159775296658E-002  ,   -4.3057610143027100E-002
   7.8800000000000008       ,   -4.5582058792845596E-002  ,   -4.9180149962411816E-002
   7.9000000000000004       ,   -5.1708886936301227E-002  ,   -5.5634125892506082E-002
   7.9199999999999999       ,   -5.8111309224079886E-002  ,   -6.2347389393473202E-002
   7.9399999999999995       ,   -6.4714852986877916E-002  ,   -6.9238651042536833E-002
   7.9600000000000009       ,   -7.1437257823433659E-002  ,   -7.6218995529454117E-002
   7.9800000000000004       ,   -7.8189996001912926E-002  ,   -8.3193564816838525E-002
   8.0000000000000000       ,   -8.4879932604069230E-002  ,   -9.0063374945150612E-002
   8.0199999999999996       ,   -9.1411091855010368E-002  ,   -9.6727229263972550E-002
   8.0400000000000009       ,   -9.7686493915070255E-002  ,  -0.10308368894377171     
   8.0600000000000005       ,  -0.10361002497527350       ,  -0.10903306050300120     
   8.0800000000000001       ,  -0.10908830282272555       ,  -0.11447935979477233     
   8.0999999999999996       ,  -0.11403250013977610       ,  -0.11933221243896480     
   8.1200000000000010       ,  -0.11836008866807965       ,  -0.12350865204608430     
   8.1400000000000006       ,  -0.12199646898695611       ,  -0.12693477972802486     
   8.1600000000000001       ,  -0.12487645299069262       ,  -0.12954725128186481     
   8.1799999999999997       ,  -0.12694556915287783       ,  -0.13129456200428932     
   8.1999999999999993       ,  -0.12816116427518359       ,  -0.13213810327103595     
   8.2200000000000006       ,  -0.12849327955848858       ,  -0.13205296971025240     
   8.2400000000000002       ,  -0.12792528342036980       ,  -0.13102850091303742     
   8.2599999999999998       ,  -0.12645424842025565       ,  -0.12906854705243709     
   8.2799999999999994       ,  -0.12409106484031454       ,  -0.12619145341146748     
   8.3000000000000007       ,  -0.12086028879987097       ,  -0.12242976453514333     
   8.3200000000000003       ,  -0.11679972814442419       ,  -0.11782965440352591     
   8.3399999999999999       ,  -0.11195977463728905       ,  -0.11245009455589082     
   8.3599999999999994       ,  -0.10640249608436247       ,  -0.10636177736726472     
   8.3800000000000008       ,  -0.10020050683631264       ,   -9.9645816580371707E-002
   8.4000000000000004       ,   -9.3435639539548421E-002  ,   -9.2392251629178510E-002
   8.4199999999999999       ,   -8.6197444957674660E-002  ,   -8.4698386165263470E-002
   8.4399999999999995       ,   -7.8581550078823337E-002  ,   -7.6666994437623676E-002
   8.4600000000000009       ,   -7.0687907492859678E-002  ,   -6.8404431715921185E-002
   8.4800000000000004       ,   -6.2618971110680030E-002  ,   -6.0018686737087774E-002
   8.5000000000000000       ,   -5.4477834664357828E-002  ,   -5.1617415161513268E-002
   8.5200000000000014       ,   -4.6366370045563710E-002  ,   -4.3305993230208346E-002
   8.5400000000000009       ,   -3.8383402399631165E-002  ,   -3.5185630217098411E-002
   8.5600000000000005       ,   -3.0622957998813764E-002  ,   -2.7351576886526074E-002
   8.5800000000000001       ,   -2.3172619291185720E-002  ,   -1.9891465026782976E-002
   8.6000000000000014       ,   -1.6112019196775101E-002  ,   -1.2883810283121912E-002
   8.6200000000000010       ,   -9.5115037499273140E-003  ,   -6.3967070199522627E-003
   8.6400000000000006       ,   -3.4309886297202315E-003  ,   -4.8673987645061643E-004
   8.6600000000000001       ,    2.0809689462402466E-003  ,    4.8018678709627997E-003
   8.6799999999999997       ,    6.9878659796423562E-003  ,    9.4378539659793204E-003
   8.7000000000000011       ,    1.1265704935857048E-002  ,    1.3403254901972110E-002
   8.7200000000000006       ,    1.4903193358700485E-002  ,    1.6693477178174515E-002
   8.7400000000000002       ,    1.7901689911905893E-002  ,    1.9317103002678044E-002
   8.7599999999999998       ,    2.0274900092253721E-002  ,    2.1295436778672315E-002
   8.7800000000000011       ,    2.2048329956470370E-002  ,    2.2661803965078938E-002
   8.8000000000000007       ,    2.3258511104250472E-002  ,    2.3460618887803791E-002
   8.8200000000000003       ,    2.3952014762112051E-002  ,    2.3746242691197933E-002
   8.8399999999999999       ,    2.4184277022690027E-002  ,    2.3581656766991747E-002
   8.8600000000000012       ,    2.4018261025460549E-002  ,    2.3036980596092462E-002
   8.8800000000000008       ,    2.3522985041886432E-002  ,    2.2187865915103314E-002
   8.9000000000000004       ,    2.2771947986558013E-002  ,    2.1113801415385616E-002
   8.9199999999999999       ,    2.1841485765115642E-002  ,    1.9896363753545469E-002
   8.9400000000000013       ,    2.0809093052830130E-002  ,    1.8617451469285687E-002
   8.9600000000000009       ,    1.9751745552797854E-002  ,    1.7357538456398314E-002
   8.9800000000000004       ,    1.8744257503231054E-002  ,    1.6193982918171913E-002
   9.0000000000000000       ,    1.7857708198212717E-002  ,    1.5199426278512220E-002
   9.0200000000000014       ,    1.7157969579617037E-002  ,    1.4440314349024458E-002
   9.0400000000000009       ,    1.6704364588501736E-002  ,    1.3975570219360118E-002
   9.0600000000000005       ,    1.6548482984766931E-002  ,    1.3855444906144626E-002
   9.0800000000000001       ,    1.6733177819592573E-002  ,    1.4120567839962623E-002
   9.1000000000000014       ,    1.7291761752736848E-002  ,    1.4801214876085387E-002
   9.1200000000000010       ,    1.8247418032489249E-002  ,    1.5916806777634046E-002
   9.1400000000000006       ,    1.9612836294036835E-002  ,    1.7475646141314097E-002
   9.1600000000000001       ,    2.1390078482133992E-002  ,    1.9474895622025697E-002
   9.1800000000000015       ,    2.3570675269876003E-002  ,    2.1900795172302683E-002
   9.2000000000000011       ,    2.6135948432174552E-002  ,    2.4729110954548283E-002
   9.2200000000000006       ,    2.9057549844572209E-002  ,    2.7925803715150292E-002
   9.2400000000000002       ,    3.2298203216725108E-002  ,    3.1447899832091779E-002
   9.2599999999999998       ,    3.5812630431555942E-002  ,    3.5244544057433193E-002
   9.2800000000000011       ,    3.9548640534911347E-002  ,    3.9258209260225191E-002
   9.3000000000000007       ,    4.3448356086715836E-002  ,    4.3426035310899572E-002
   9.3200000000000003       ,    4.7449548812577354E-002  ,    4.7681266699851621E-002
   9.3399999999999999       ,    5.1487054341843683E-002  ,    5.1954756602323848E-002
   9.3600000000000012       ,    5.5494234328204259E-002  ,    5.6176503926068648E-002
   9.3800000000000008       ,    5.9404453451670017E-002  ,    6.0277189429613610E-002
   9.4000000000000004       ,    6.3152538710955622E-002  ,    6.4189677283866056E-002
   9.4199999999999999       ,    6.6676189032429750E-002  ,    6.7850449459048598E-002
   9.4400000000000013       ,    6.9917304530335359E-002  ,    7.1200942028063999E-002
   9.4600000000000009       ,    7.2823206722455847E-002  ,    7.4188754846820679E-002
   9.4800000000000004       ,    7.5347723591271676E-002  ,    7.6768709048430250E-002
   9.5000000000000000       ,    7.7452116525153422E-002  ,    7.8903730305136394E-002
   9.5200000000000014       ,    7.9105829807631631E-002  ,    8.0565539791771612E-002
   9.5400000000000009       ,    8.0287047365136199E-002  ,    8.1735139139903976E-002
   9.5600000000000005       ,    8.0983045846050830E-002  ,    8.2403080307474591E-002
   9.5800000000000001       ,    8.1190337690867725E-002  ,    8.2569516103482746E-002
   9.6000000000000014       ,    8.0914602564359783E-002  ,    8.2244031996444686E-002
   9.6200000000000010       ,    8.0170410253108712E-002  ,    8.1445264692831046E-002
   9.6400000000000006       ,    7.8980742782182409E-002  ,    8.0200317692173811E-002
   9.6600000000000001       ,    7.7376327971850151E-002  ,    7.8543988506928564E-002
   9.6800000000000015       ,    7.5394800841597734E-002  ,    7.6517826380569864E-002
   9.7000000000000011       ,    7.3079713083125705E-002  ,    7.4169043057346160E-002
   9.7200000000000006       ,    7.0479414183357875E-002  ,    7.1549302371332377E-002
   9.7400000000000002       ,    6.7645830609516650E-002  ,    6.8713417061696910E-002
   9.7599999999999998       ,    6.4633171709262402E-002  ,    6.5717983228565827E-002
   9.7800000000000011       ,    6.1496592580795116E-002  ,    6.2619984176434426E-002
   9.8000000000000007       ,    5.8290845095581724E-002  ,    5.9475396021153870E-002
   9.8200000000000003       ,    5.5068948489548922E-002  ,    5.6337827348706730E-002
   9.8399999999999999       ,    5.1880910471818045E-002  ,    5.3257224411440353E-002
   9.8600000000000012       ,    4.8772528643178416E-002  ,    5.0278671847615711E-002
   9.8800000000000008       ,    4.5784300194412299E-002  ,    4.7441316745695954E-002
   9.9000000000000004       ,    4.2950465406633720E-002  ,    4.4777441092682738E-002
   9.9199999999999999       ,    4.0298207455072406E-002  ,    4.2311704306344844E-002
   9.9400000000000013       ,    3.7847027489758725E-002  ,    4.0060573726784149E-002
   9.9600000000000009       ,    3.5608310008132166E-002  ,    3.8031956716428478E-002
   9.9800000000000004       ,    3.3585089231900012E-002  ,    3.6225043480924528E-002
   10.000000000000000       ,    3.1772022647444415E-002  ,    3.4630364975133117E-002
   10.020000000000001       ,    3.0155573165243737E-002  ,    3.3230065401720847E-002
   10.040000000000001       ,    2.8714396602205428E-002  ,    3.1998383950512493E-002
   10.060000000000000       ,    2.7419926495840762E-002  ,    3.0902335670825291E-002
   10.080000000000000       ,    2.6237143724255063E-002  ,    2.9902576820470202E-002
   10.100000000000001       ,    2.5125514131141165E-002  ,    2.8954435793714744E-002
   10.120000000000001       ,    2.4040073435223124E-002  ,    2.8009086889629987E-002
   10.140000000000001       ,    2.2932635226274204E-002  ,    2.7014840826847859E-002
   10.160000000000000       ,    2.1753094893027666E-002  ,    2.5918523115546706E-002
   10.180000000000001       ,    2.0450799959035971E-002  ,    2.4666909225330769E-002
   10.200000000000001       ,    1.8975955575340056E-002  ,    2.3208183988199120E-002
   10.220000000000001       ,    1.7281032874464121E-002  ,    2.1493391884334689E-002
   10.240000000000000       ,    1.5322147554891476E-002  ,    1.9477844795170580E-002
   10.260000000000000       ,    1.3060376449662181E-002  ,    1.7122454477738375E-002
   10.280000000000001       ,    1.0462980932386847E-002  ,    1.4394958405561226E-002
   10.300000000000001       ,    7.5045078085953214E-003  ,    1.1271009707690245E-002
   10.320000000000000       ,    4.1677407946242142E-003  ,    7.7351046772405774E-003
   10.340000000000000       ,    4.4447875046312165E-004  ,    3.7813246581741879E-003
   10.360000000000001       ,   -3.6638795560327065E-003  ,   -5.8612701477573780E-004
   10.380000000000001       ,   -8.1459602936191193E-003  ,   -5.3526080336328734E-003
   10.400000000000000       ,   -1.2980260692603267E-002  ,   -1.0492950430290842E-002
   10.420000000000000       ,   -1.8135223362477190E-002  ,   -1.5971609591289522E-002
   10.440000000000001       ,   -2.3569540764973786E-002  ,   -2.1743049293134861E-002
   10.460000000000001       ,   -2.9232686771629025E-002  ,   -2.7752357942816136E-002
   10.480000000000000       ,   -3.5065667225423848E-002  ,   -3.3936086136650584E-002
   10.500000000000000       ,   -4.1001976548910891E-002  ,   -4.0223290750577526E-002
   10.520000000000001       ,   -4.6968742802477439E-002  ,   -4.6536766152327040E-002
   10.540000000000001       ,   -5.2888039297472600E-002  ,   -5.2794438880816516E-002
   10.560000000000000       ,   -5.8678337004614139E-002  ,   -5.8910898363575680E-002
   10.580000000000000       ,   -6.4256068654303486E-002  ,   -6.4799033022251207E-002
   10.600000000000001       ,   -6.9537272677587136E-002  ,   -7.0371738521393515E-002
   10.620000000000001       ,   -7.4439283047452939E-002  ,   -7.5543663005855910E-002
   10.640000000000001       ,   -7.8882429699287646E-002  ,   -8.0232952992301348E-002
   10.660000000000000       ,   -8.2791713571088374E-002  ,   -8.4362963160224652E-002
   10.680000000000001       ,   -8.6098420427325267E-002  ,   -8.7863893641551519E-002
   10.700000000000001       ,   -8.8741638517927171E-002  ,   -9.0674319532942957E-002
   10.720000000000001       ,   -9.0669646762272085E-002  ,   -9.2742579232820768E-002
   10.740000000000000       ,   -9.1841142507812029E-002  ,   -9.4027990801384007E-002
   10.760000000000000       ,   -9.2226280949132600E-002  ,   -9.4501868806716446E-002
   10.780000000000001       ,   -9.1807501946250897E-002  ,   -9.4148317989431560E-002
   10.800000000000001       ,   -9.0580124177894933E-002  ,   -9.2964784475050272E-002
   10.820000000000000       ,   -8.8552691221481530E-002  ,   -9.0962350098944461E-002
   10.840000000000000       ,   -8.5747059171480747E-002  ,   -8.8165760584974551E-002
   10.860000000000001       ,   -8.2198220688532386E-002  ,   -8.4613183730051500E-002
   10.880000000000001       ,   -7.7953865803695732E-002  ,   -8.0355699281443788E-002
   10.900000000000000       ,   -7.3073685272379327E-002  ,   -7.5456527737235810E-002
   10.920000000000000       ,   -6.7628427666198643E-002  ,   -6.9990010737636235E-002
   10.940000000000001       ,   -6.1698726594556795E-002  ,   -6.4040360932152637E-002
   10.960000000000001       ,   -5.5373719350859364E-002  ,   -5.7700204095274508E-002
   10.980000000000000       ,   -4.8749482776310499E-002  ,   -5.1068940717837685E-002
   11.000000000000000       ,   -4.1927316130538780E-002  ,   -4.4250958227703557E-002
   11.020000000000001       ,   -3.5011904166095870E-002  ,   -3.7353728307229418E-002
   11.040000000000001       ,   -2.8109396348353771E-002  ,   -3.0485826404075472E-002
   11.060000000000000       ,   -2.1325440182048148E-002  ,   -2.3754912417663757E-002
   11.080000000000000       ,   -1.4763207854162973E-002  ,   -1.7265712642838521E-002
   11.100000000000001       ,   -8.5214558492402292E-003  ,   -1.1118043337578373E-002
   11.120000000000001       ,   -2.6926568234675228E-003  ,   -5.4049157424494567E-003
   11.140000000000001       ,    2.6387581592115061E-003  ,   -2.1076102215205028E-004
   11.160000000000000       ,    7.3980109023709635E-003  ,    4.3901885526959157E-003
   11.180000000000001       ,    1.1521407471042466E-002  ,    8.3353287727809741E-003
   11.200000000000001       ,    1.4957559750307657E-002  ,    1.1574893202591146E-002
   11.220000000000001       ,    1.7668371290882539E-002  ,    1.4072917871024793E-002
   11.240000000000000       ,    1.9629766197175779E-002  ,    1.5807940155608064E-002
   11.260000000000000       ,    2.0832144910526301E-002  ,    1.6773416309599245E-002
   11.280000000000001       ,    2.1280556198766985E-002  ,    1.6977847661419618E-002
   11.300000000000001       ,    2.0994580372145983E-002  ,    1.6444611330140569E-002
   11.320000000000000       ,    2.0007924588482991E-002  ,    1.5211497231602127E-002
   11.340000000000000       ,    1.8367736967437421E-002  ,    1.3329959076668089E-002
   11.360000000000001       ,    1.6133651984326005E-002  ,    1.0864092865252445E-002
   11.380000000000001       ,    1.3376585139092160E-002  ,    7.8893619382266311E-003
   11.400000000000000       ,    1.0177300081012338E-002  ,    4.4910928497724472E-003
   11.420000000000000       ,    6.6247761062868220E-003  ,    7.6277105770806313E-004
   11.440000000000001       ,    2.8144081343358350E-003  ,   -3.1958303996787079E-003
   11.460000000000001       ,   -1.1539251790953732E-003  ,   -7.2806525519572085E-003
   11.480000000000000       ,   -5.1778866938421760E-003  ,   -1.1385442987501555E-002
   11.500000000000000       ,   -9.1547588375158959E-003  ,   -1.5403897695693438E-002
   11.520000000000001       ,   -1.2983532646008850E-002  ,   -1.9231809589657260E-002
   11.540000000000001       ,   -1.6566965581278886E-002  ,   -2.2769180716190114E-002
   11.560000000000000       ,   -1.9813566376222287E-002  ,   -2.5922255703666561E-002
   11.580000000000000       ,   -2.2639466471112753E-002  ,   -2.8605435401890277E-002
   11.600000000000001       ,   -2.4970139751027572E-002  ,   -3.0743031905023106E-002
   11.620000000000001       ,   -2.6741935228114577E-002  ,   -3.2270829177649799E-002
   11.640000000000001       ,   -2.7903390979399558E-002  ,   -3.3137417266353358E-002
   11.660000000000000       ,   -2.8416301977725586E-002  ,   -3.3305272501388296E-002
   11.680000000000001       ,   -2.8256519354254155E-002  ,   -3.2751561088060724E-002
   11.700000000000001       ,   -2.7414464007535035E-002  ,   -3.1468648956237105E-002
   11.720000000000001       ,   -2.5895343218245680E-002  ,   -2.9464306570117688E-002
   11.740000000000000       ,   -2.3719064924181202E-002  ,   -2.6761603482414607E-002
   11.760000000000000       ,   -2.0919850435348320E-002  ,   -2.3398493625365818E-002
   11.780000000000001       ,   -1.7545552499439787E-002  ,   -1.9427098540730710E-002
   11.800000000000001       ,   -1.3656691638477114E-002  ,   -1.4912701836798940E-002
   11.820000000000000       ,   -9.3252294450029659E-003  ,   -9.9324739994059632E-003
   11.840000000000000       ,   -4.6331029325853475E-003  ,   -4.5739521576325494E-003
   11.860000000000001       ,    3.2945103075060787E-004  ,    1.0666955980971379E-003
   11.880000000000001       ,    5.4657478180544020E-003  ,    6.8865873292998569E-003
   11.900000000000000       ,    1.0674646585149659E-002  ,    1.2778188028460927E-002
   11.920000000000000       ,    1.5852641222814389E-002  ,    1.8631473294968590E-002
   11.940000000000001       ,    2.0896008534786382E-002  ,    2.4336152944511715E-002
   11.960000000000001       ,    2.5702970157638179E-002  ,    2.9783910248534568E-002
   11.980000000000000       ,    3.0175824317542448E-002  ,    3.4870612044060820E-002
   12.000000000000000       ,    3.4223003986876992E-002  ,    3.9498445392751394E-002
   12.020000000000001       ,    3.7761019353147740E-002  ,    4.3577937794736288E-002
   12.040000000000001       ,    4.0716244718431098E-002  ,    4.7029820152780975E-002
   12.060000000000000       ,    4.3026512966621563E-002  ,    4.9786694693650962E-002
   12.080000000000000       ,    4.4642484508686936E-002  ,    5.1794473827348600E-002
   12.100000000000001       ,    4.5528762067969526E-002  ,    5.3013560387108090E-002
   12.120000000000001       ,    4.5664727709403205E-002  ,    5.3419744755465771E-002
   12.140000000000001       ,    4.5045084047343961E-002  ,    5.3004799944115763E-002
   12.160000000000000       ,    4.3680087475402335E-002  ,    5.1776761647092419E-002
   12.180000000000001       ,    4.1595467429275175E-002  ,    4.9759886509642727E-002
   12.200000000000001       ,    3.8832031995728052E-002  ,    4.6994288224945682E-002
   12.220000000000001       ,    3.5444966490312889E-002  ,    4.3535257460447729E-002
   12.240000000000000       ,    3.1502837815594646E-002  ,    3.9452277897435203E-002
   12.260000000000000       ,    2.7086323355326316E-002  ,    3.4827756715900694E-002
   12.280000000000001       ,    2.2286688737804105E-002  ,    2.9755493550831156E-002
   12.300000000000001       ,    1.7204043900460167E-002  ,    2.4338917171735548E-002
   12.320000000000000       ,    1.1945411404162949E-002  ,    1.8689123789873377E-002
   12.340000000000000       ,    6.6226447879991776E-003  ,    1.2922754884045496E-002
   12.360000000000001       ,    1.3502378453411085E-003  ,    7.1597556759675834E-003
   12.380000000000001       ,   -3.7569320231126513E-003  ,    1.5210578152395281E-003
   12.400000000000000       ,   -8.5858818103987638E-003  ,   -3.8737685971061741E-003
   12.420000000000000       ,   -1.3027777166907036E-002  ,   -8.9088478400482646E-003
   12.440000000000001       ,   -1.6980118214091875E-002  ,   -1.3474270680472486E-002
   12.460000000000001       ,   -2.0348813469318501E-002  ,   -1.7468261307752829E-002
   12.480000000000000       ,   -2.3050100585563355E-002  ,   -2.0799196652572786E-002
   12.500000000000000       ,   -2.5012275578639543E-002  ,   -2.3387438493409289E-002
   12.520000000000001       ,   -2.6177195950342329E-002  ,   -2.5166942381864611E-002
   12.540000000000001       ,   -2.6501527543350927E-002  ,   -2.6086611755345299E-002
   12.560000000000000       ,   -2.5957709993969617E-002  ,   -2.6111370566057213E-002
   12.580000000000000       ,   -2.4534621180749984E-002  ,   -2.5222933240076444E-002
   12.600000000000001       ,   -2.2237926989610458E-002  ,   -2.3420256680173029E-002
   12.620000000000001       ,   -1.9090108910313288E-002  ,   -2.0719665223718917E-002
   12.640000000000001       ,   -1.5130168320792921E-002  ,   -1.7154645839190855E-002
   12.660000000000000       ,   -1.0413012677721335E-002  ,   -1.2775317264954298E-002
   12.680000000000001       ,   -5.0085350864150762E-003  ,   -7.6475831348349855E-003
   12.700000000000001       ,    9.9959525431750958E-004  ,   -1.8519852709050631E-003
   12.720000000000001       ,    7.5154085667951077E-003  ,    4.5177208663757336E-003
   12.740000000000000       ,    1.4432347598348971E-002  ,    1.1356241211538385E-002
   12.760000000000002       ,    2.1635185308528666E-002  ,    1.8548636429240692E-002
   12.780000000000001       ,    2.9002110158457526E-002  ,    2.5972397187505224E-002
   12.800000000000001       ,    3.6406938784814595E-002  ,    3.3499661545781954E-002
   12.820000000000000       ,    4.3721413406593496E-002  ,    4.0999531964020383E-002
   12.840000000000000       ,    5.0817539727512122E-002  ,    4.8340447608546611E-002
   12.860000000000001       ,    5.7569920390387302E-002  ,    5.5392566674291592E-002
   12.880000000000001       ,    6.3858039223956831E-002  ,    6.2030113377417498E-002
   12.900000000000000       ,    6.9568452591522209E-002  ,    6.8133645096339360E-002
   12.920000000000000       ,    7.4596846080562218E-002  ,    7.3592196833468571E-002
   12.940000000000001       ,    7.8849917522124224E-002  ,    7.8305262698415187E-002
   12.960000000000001       ,    8.2247050840788649E-002  ,    8.2184577422897490E-002
   12.980000000000000       ,    8.4721749437743743E-002  ,    8.5155664939906395E-002
   13.000000000000000       ,    8.6222802614623756E-002  ,    8.7159125712375218E-002
   13.020000000000001       ,    8.6715163856144070E-002  ,    8.8151639685039085E-002
   13.040000000000001       ,    8.6180525497104921E-002  ,    8.8106667352260526E-002
   13.060000000000000       ,    8.4617580288449762E-002  ,    8.7014837371056628E-002
   13.080000000000000       ,    8.2041966526825175E-002  ,    8.4884015283196612E-002
   13.100000000000001       ,    7.8485899598843070E-002  ,    8.1739054120327614E-002
   13.120000000000001       ,    7.3997498891068297E-002  ,    7.7621233827924407E-002
   13.140000000000001       ,    6.8639824907979485E-002  ,    7.2587402435172421E-002
   13.160000000000000       ,    6.2489647005855943E-002  ,    6.6708837600450335E-002
   13.180000000000001       ,    5.5635967280846119E-002  ,    6.0069852463794947E-002
   13.200000000000001       ,    4.8178330743837386E-002  ,    5.2766174535254382E-002
   13.220000000000001       ,    4.0224955883845198E-002  ,    4.4903130548432771E-002
   13.240000000000000       ,    3.1890722989313280E-002  ,    3.6593673731452302E-002
   13.260000000000002       ,    2.3295060101209256E-002  ,    2.7956292726500687E-002
   13.280000000000001       ,    1.4559768167267360E-002  ,    1.9112843373037151E-002
   13.300000000000001       ,    5.8068278237736089E-003  ,    1.0186345723608516E-002
   13.320000000000000       ,   -2.8437697622186444E-003  ,    1.2987889671769927E-003
   13.340000000000000       ,   -1.1276126396392335E-002  ,   -7.4310136080858553E-003
   13.360000000000001       ,   -1.9380434774834272E-002  ,   -1.5889478856053289E-002
   13.380000000000001       ,   -2.7054833331130717E-002  ,   -2.3970178636549620E-002
   13.400000000000000       ,   -3.4207083705023456E-002  ,   -3.1575599646306449E-002
   13.420000000000000       ,   -4.0756040362653734E-002  ,   -3.8618706174012238E-002
   13.440000000000001       ,   -4.6632886315414693E-002  ,   -4.5024277958776449E-002
   13.460000000000001       ,   -5.1782113787154999E-002  ,   -5.0730000073950947E-002
   13.480000000000000       ,   -5.6162233965394631E-002  ,   -5.5687286922100759E-002
   13.500000000000000       ,   -5.9746205531504323E-002  ,   -5.9861827904781062E-002
   13.520000000000001       ,   -6.2521577382863180E-002  ,   -6.3233848009884713E-002
   13.540000000000001       ,   -6.4490346719641808E-002  ,   -6.5798082323336796E-002
   13.560000000000000       ,   -6.5668539352832220E-002  ,   -6.7563469203654733E-002
   13.580000000000000       ,   -6.6085524583493899E-002  ,   -6.8552572441421294E-002
   13.600000000000001       ,   -6.5783082195634210E-002  ,   -6.8800748048972571E-002
   13.620000000000001       ,   -6.4814243893254075E-002  ,   -6.8355076282434243E-002
   13.640000000000001       ,   -6.3241935801449045E-002  ,   -6.7273083990673499E-002
   13.660000000000000       ,   -6.1137452358462067E-002  ,   -6.5621286325950767E-002
   13.680000000000001       ,   -5.8578794979181364E-002  ,   -6.3473580162981852E-002
   13.700000000000001       ,   -5.5648911213559832E-002  ,   -6.0909524194123474E-002
   13.720000000000001       ,   -5.2433871713642027E-002  ,   -5.8012542550304712E-002
   13.740000000000000       ,   -4.9021023133880140E-002  ,   -5.4868089907474278E-002
   13.760000000000002       ,   -4.5497155110987522E-002  ,   -5.1561816360068444E-002
   13.780000000000001       ,   -4.1946718707850168E-002  ,   -4.8177769875939455E-002
   13.800000000000001       ,   -3.8450132183176167E-002  ,   -4.4796672907191463E-002
   13.820000000000000       ,   -3.5082207702389540E-002  ,   -4.1494307750051612E-002
   13.840000000000000       ,   -3.1910729688138635E-002  ,   -3.8340042570907291E-002
   13.860000000000001       ,   -2.8995211986606127E-002  ,   -3.5395526705679400E-002
   13.880000000000001       ,   -2.6385856976499842E-002  ,   -3.2713579969068124E-002
   13.900000000000000       ,   -2.4122735259417914E-002  ,   -3.0337296363341367E-002
   13.920000000000000       ,   -2.2235199739991697E-002  ,   -2.8299377846958584E-002
   13.940000000000001       ,   -2.0741542834858934E-002  ,   -2.6621708812401973E-002
   13.960000000000001       ,   -1.9648900348515921E-002  ,   -2.5315176736320846E-002
   13.980000000000000       ,   -1.8953400330660005E-002  ,   -2.4379739212583646E-002
   14.000000000000000       ,   -1.8640550092782683E-002  ,   -2.3804732369861567E-002
   14.020000000000001       ,   -1.8685849617834236E-002  ,   -2.3569410618108706E-002
   14.040000000000001       ,   -1.9055614947409087E-002  ,   -2.3643702867105133E-002
   14.060000000000000       ,   -1.9707990870769444E-002  ,   -2.3989165913437367E-002
   14.080000000000000       ,   -2.0594128455121843E-002  ,   -2.4560111690279267E-002
   14.100000000000001       ,   -2.1659499722264254E-002  ,   -2.5304881597655777E-002
   14.120000000000001       ,   -2.2845319156418936E-002  ,   -2.6167238248621529E-002
   14.140000000000001       ,   -2.4090039771865666E-002  ,   -2.7087842735272837E-002
   14.160000000000000       ,   -2.5330890212719035E-002  ,   -2.8005783980089381E-002
   14.180000000000001       ,   -2.6505418821840224E-002  ,   -2.8860125920442251E-002
   14.200000000000001       ,   -2.7553010807125043E-002  ,   -2.9591438189608240E-002
   14.220000000000001       ,   -2.8416345541708792E-002  ,   -3.0143276603325806E-002
   14.240000000000000       ,   -2.9042762635449103E-002  ,   -3.0463581118572471E-002
   14.260000000000002       ,   -2.9385507669461002E-002  ,   -3.0505960967765210E-002
   14.280000000000001       ,   -2.9404831341137184E-002  ,   -3.0230839339904874E-002
   14.300000000000001       ,   -2.9068919159293806E-002  ,   -2.9606433220205022E-002
   14.320000000000000       ,   -2.8354632682338166E-002  ,   -2.8609547739701664E-002
   14.340000000000000       ,   -2.7248047521907216E-002  ,   -2.7226168544356548E-002
   14.360000000000001       ,   -2.5744777848158325E-002  ,   -2.5451840179001990E-002
   14.380000000000001       ,   -2.3850081833293436E-002  ,   -2.3291823198459422E-002
   14.400000000000000       ,   -2.1578747256095862E-002  ,   -2.0761027565230281E-002
   14.420000000000000       ,   -1.8954761260249073E-002  ,   -1.7883724767033055E-002
   14.440000000000001       ,   -1.6010772911877365E-002  ,   -1.4693045884719680E-002
   14.460000000000001       ,   -1.2787361639136949E-002  ,   -1.1230277460507714E-002
   14.480000000000000       ,   -9.3321287658823786E-003  ,   -7.5439713608736686E-003
   14.500000000000000       ,   -5.6986330866437580E-003  ,   -3.6888888070377118E-003
   14.520000000000001       ,   -1.9451946943185535E-003  ,    2.7519772410042342E-004
   14.540000000000001       ,    1.8664060015039638E-003  ,    4.2848180173789430E-003
   14.560000000000000       ,    5.6723049937319062E-003  ,    8.2742039189569183E-003
   14.580000000000000       ,    9.4079765633340428E-003  ,    1.2176744489349607E-002
   14.600000000000001       ,    1.3009668923980651E-002  ,    1.5926464456849011E-002
   14.620000000000001       ,    1.6415822059688636E-002  ,    1.9459493483477971E-002
   14.640000000000001       ,    1.9568436707923329E-002  ,    2.2715494017286984E-002
   14.660000000000000       ,    2.2414364621980841E-002  ,    2.5639016455008833E-002
   14.680000000000001       ,    2.4906492062365032E-002  ,    2.8180751955539339E-002
   14.700000000000001       ,    2.7004790875599833E-002  ,    3.0298655491078789E-002
   14.720000000000001       ,    2.8677214466553070E-002  ,    3.1958914549612569E-002
   14.740000000000000       ,    2.9900419391745429E-002  ,    3.3136742248205654E-002
   14.760000000000002       ,    3.0660297121507290E-002  ,    3.3816977409083841E-002
   14.780000000000001       ,    3.0952304655290207E-002  ,    3.3994478308212166E-002
   14.800000000000001       ,    3.0781587037756276E-002  ,    3.3674301240168444E-002
   14.820000000000000       ,    3.0162889319849520E-002  ,    3.2871659659074938E-002
   14.840000000000000       ,    2.9120260042896907E-002  ,    3.1611664355164479E-002
   14.860000000000001       ,    2.7686552798513047E-002  ,    2.9928849810671877E-002
   14.880000000000001       ,    2.5902736737978521E-002  ,    2.7866496448222294E-002
   14.900000000000000       ,    2.3817030980745908E-002  ,    2.5475762843417904E-002
   14.920000000000000       ,    2.1483881617278700E-002  ,    2.2814646029317435E-002
   14.940000000000001       ,    1.8962803338330010E-002  ,    1.9946791688858889E-002
   14.960000000000001       ,    1.6317110581756104E-002  ,    1.6940179235341073E-002
   14.980000000000000       ,    1.3612565410097172E-002  ,    1.3865709453997435E-002
   15.000000000000000       ,    1.0915971070101187E-002  ,    1.0795724464040118E-002
   15.020000000000001       ,    8.2937413042086898E-003  ,    7.8024912171754529E-003
   15.040000000000001       ,    5.8104759620868423E-003  ,    4.9566805457799930E-003
   15.060000000000000       ,    3.5275732894710470E-003  ,    2.3258738957406596E-003
   15.080000000000000       ,    1.5019084574313618E-003  ,   -2.6870676271254957E-005
   15.100000000000001       ,   -2.1539354318096562E-004  ,   -2.0443628811595616E-003
   15.120000000000001       ,   -1.5800645477420379E-003  ,   -3.6765064495060018E-003
   15.140000000000001       ,   -2.5556558878809589E-003  ,   -4.8813812121181969E-003
   15.160000000000000       ,   -3.1143366386492057E-003  ,   -5.6261579667191237E-003
   15.180000000000001       ,   -3.2375104911719537E-003  ,   -5.8878265744269961E-003
   15.200000000000001       ,   -2.9162381452175197E-003  ,   -5.6537216251179977E-003
   15.220000000000001       ,   -2.1514562312689610E-003  ,   -4.9218342338290168E-003
   15.240000000000000       ,   -9.5398806863157776E-004  ,   -3.7009029924493222E-003
   15.260000000000002       ,    6.5565404588692022E-004  ,   -2.0102817086379431E-003
   15.280000000000001       ,    2.6476709375148171E-003  ,    1.2041377914074862E-004
   15.300000000000001       ,    4.9835746667790436E-003  ,    2.6518728125516861E-003
   15.320000000000000       ,    7.6169701718835359E-003  ,    5.5358597873436553E-003
   15.340000000000000       ,    1.0494504114357601E-002  ,    8.7161710992484740E-003
   15.360000000000001       ,    1.3556961109534344E-002  ,    1.2129759667359108E-002
   15.380000000000001       ,    1.6740484451721382E-002  ,    1.5708004042834928E-002
   15.400000000000000       ,    1.9977895856346777E-002  ,    1.9378096091207570E-002
   15.420000000000000       ,    2.3200086690791138E-002  ,    2.3064518757435048E-002
   15.440000000000001       ,    2.6337451693621224E-002  ,    2.6690583535261599E-002
   15.460000000000001       ,    2.9321335317798059E-002  ,    3.0179996005033596E-002
   15.480000000000000       ,    3.2085460593751669E-002  ,    3.3458417202502012E-002
   15.500000000000000       ,    3.4567310796433506E-002  ,    3.6454988647194458E-002
   15.520000000000001       ,    3.6709435207014425E-002  ,    3.9103789590777378E-002
   15.540000000000001       ,    3.8460651862296830E-002  ,    4.1345196427699495E-002
   15.560000000000000       ,    3.9777122348399849E-002  ,    4.3127116213182902E-002
   15.580000000000000       ,    4.0623276373470137E-002  ,    4.4406068815329984E-002
   15.600000000000001       ,    4.0972566990194047E-002  ,    4.5148095334895923E-002
   15.620000000000001       ,    4.0808040866461052E-002  ,    4.5329473993478780E-002
   15.640000000000001       ,    4.0122711847493268E-002  ,    4.4937228644449052E-002
   15.660000000000000       ,    3.8919730134580555E-002  ,    4.3969419318957863E-002
   15.680000000000001       ,    3.7212343639047789E-002  ,    4.2435208693742836E-002
   15.700000000000001       ,    3.5023652367160166E-002  ,    4.0354702965783612E-002
   15.720000000000001       ,    3.2386160963228203E-002  ,    3.7758570246333369E-002
   15.740000000000000       ,    2.9341138695921670E-002  ,    3.4687444148184927E-002
   15.760000000000002       ,    2.5937800131043021E-002  ,    3.1191124641483204E-002
   15.780000000000001       ,    2.2232323411523175E-002  ,    2.7327592404647872E-002
   15.800000000000001       ,    1.8286726386938641E-002  ,    2.3161856713005285E-002
   15.820000000000000       ,    1.4167623732859685E-002  ,    1.8764660310592204E-002
   15.840000000000000       ,    9.9448906161304484E-003  ,    1.4211067630896544E-002
   15.860000000000001       ,    5.6902603473115258E-003  ,    9.5789651107598562E-003
   15.880000000000001       ,    1.4758847785633551E-003  ,    4.9475041301723305E-003
   15.900000000000000       ,   -2.6271130713332140E-003  ,    3.9551827334547319E-004
   15.920000000000000       ,   -6.5500645665554948E-003  ,   -4.0000528797156888E-003
   15.940000000000001       ,   -1.0228130071177524E-002  ,   -8.1657013665948613E-003
   15.960000000000001       ,   -1.3601594613001804E-002  ,   -1.2032818595532015E-002
   15.980000000000000       ,   -1.6617058232368666E-002  ,   -1.5539063409566622E-002
   16.000000000000000       ,   -1.9228496848642043E-002  ,   -1.8629602676870017E-002
   16.020000000000000       ,   -2.1398172161240570E-002  ,   -2.1258199230583093E-002
   16.039999999999999       ,   -2.3097372219321656E-002  ,   -2.3388125100013792E-002
   16.059999999999999       ,   -2.4306967779455884E-002  ,   -2.4992881539550291E-002
   16.079999999999998       ,   -2.5017773351408246E-002  ,   -2.6056711298701088E-002
   16.100000000000001       ,   -2.5230705830272628E-002  ,   -2.6574892805459761E-002
   16.120000000000001       ,   -2.4956737746324332E-002  ,   -2.6553810369088906E-002
   16.140000000000001       ,   -2.4216646347248110E-002  ,   -2.6010799056827291E-002
   16.160000000000000       ,   -2.3040563875354754E-002  ,   -2.4973767469209086E-002
   16.180000000000000       ,   -2.1467338430567782E-002  ,   -2.3480606137689979E-002
   16.199999999999999       ,   -1.9543718636658745E-002  ,   -2.1578393604803656E-002
   16.219999999999999       ,   -1.7323378876206365E-002  ,   -1.9322416333363450E-002
   16.239999999999998       ,   -1.4865805057807805E-002  ,   -1.6775022344820954E-002
   16.260000000000002       ,   -1.2235063663369329E-002  ,   -1.4004331832304248E-002
   16.280000000000001       ,   -9.4984791387347622E-003  ,   -1.1082830864101674E-002
   16.300000000000001       ,   -6.7252464921180493E-003  ,   -8.0858766312327923E-003
   16.320000000000000       ,   -3.9850072171481524E-003  ,   -5.0901444520979333E-003
   16.340000000000000       ,   -1.3464173373817832E-003  ,   -2.1720478936129465E-003
   16.359999999999999       ,    1.1242635346850514E-003  ,    5.9383612004349645E-004
   16.379999999999999       ,    3.3645337185501411E-003  ,    3.1363054718429790E-003
   16.399999999999999       ,    5.3169342199999581E-003  ,    5.3890033215893834E-003
   16.419999999999998       ,    6.9302309790342251E-003  ,    7.2917913066409459E-003
   16.440000000000001       ,    8.1604709917487226E-003  ,    8.7919978857848736E-003
   16.460000000000001       ,    8.9718912749183807E-003  ,    9.8455167758451471E-003
   16.480000000000000       ,    9.3376626446404539E-003  ,    1.0417733466652982E-002
   16.500000000000000       ,    9.2404536349575215E-003  ,    1.0484261272151598E-002
   16.520000000000000       ,    8.6728035198518402E-003  ,    1.0031472212616521E-002
   16.539999999999999       ,    7.6372972479191370E-003  ,    9.0568121470178866E-003
   16.560000000000002       ,    6.1465390751722238E-003  ,    7.5688939017482075E-003
   16.580000000000002       ,    4.2229257073001123E-003  ,    5.5873665847639463E-003
   16.600000000000001       ,    1.8982237572664948E-003  ,    3.1425637431041252E-003
   16.620000000000001       ,   -7.8703979259721400E-004  ,    2.7493742704930244E-004
   16.640000000000001       ,   -3.7843617402000796E-003  ,   -2.9657105222795706E-003
   16.660000000000000       ,   -7.0382056082188282E-003  ,   -6.5211846280028452E-003
   16.680000000000000       ,   -1.0487084462894940E-002  ,   -1.0326020340401561E-002
   16.699999999999999       ,   -1.4064761972081985E-002  ,   -1.4308754660950872E-002
   16.720000000000002       ,   -1.7701547794899682E-002  ,   -1.8393317622807718E-002
   16.740000000000002       ,   -2.1325661607520804E-002  ,   -2.2500517074576891E-002
   16.760000000000002       ,   -2.4864638799683501E-002  ,   -2.6549587420134305E-002
   16.780000000000001       ,   -2.8246750146928762E-002  ,   -3.0459771761366428E-002
   16.800000000000001       ,   -3.1402407585923206E-002  ,   -3.4151906294754418E-002
   16.820000000000000       ,   -3.4265528594878185E-002  ,   -3.7549975836175510E-002
   16.840000000000000       ,   -3.6774832597430730E-002  ,   -4.0582609988177996E-002
   16.859999999999999       ,   -3.8875044245005923E-002  ,   -4.3184490705004949E-002
   16.879999999999999       ,   -4.0517980357984741E-002  ,   -4.5297643825549856E-002
   16.900000000000002       ,   -4.1663499678791002E-002  ,   -4.6872589494647725E-002
   16.920000000000002       ,   -4.2280297360451323E-002  ,   -4.7869329229578678E-002
   16.940000000000001       ,   -4.2346529224889802E-002  ,   -4.8258150652844757E-002
   16.960000000000001       ,   -4.1850254212415221E-002  ,   -4.8020234537428506E-002
   16.980000000000000       ,   -4.0789687038758356E-002  ,   -4.7148052723286177E-002
   17.000000000000000       ,   -3.9173256806179883E-002  ,   -4.5645549584810229E-002
   17.020000000000000       ,   -3.7019471106038329E-002  ,   -4.3528103975857602E-002
   17.039999999999999       ,   -3.4356588926582443E-002  ,   -4.0822272866968941E-002
   17.060000000000002       ,   -3.1222109367285932E-002  ,   -3.7565322133675715E-002
   17.080000000000002       ,   -2.7662086687822662E-002  ,   -3.3804554071692978E-002
   17.100000000000001       ,   -2.3730285517557341E-002  ,   -2.9596445123760397E-002
   17.120000000000001       ,   -1.9487193057172579E-002  ,   -2.5005610928073373E-002
   17.140000000000001       ,   -1.4998907760905546E-002  ,   -2.0103619069765218E-002
   17.160000000000000       ,   -1.0335926246520280E-002  ,   -1.4967672772525994E-002
   17.180000000000000       ,   -5.5718519994715689E-003  ,   -9.6791911534875336E-003
   17.199999999999999       ,   -7.8205078571520726E-004  ,   -4.3223135370152703E-003
   17.220000000000002       ,    3.9577214581331113E-003  ,    1.0176433514463533E-003
   17.240000000000002       ,    8.5726921405538826E-003  ,    6.2557457342242708E-003
   17.260000000000002       ,    1.2990420980614235E-002  ,    1.1308990919999217E-002
   17.280000000000001       ,    1.7142099128383655E-002  ,    1.6097813883136351E-002
   17.300000000000001       ,    2.0963774290261639E-002  ,    2.0547523906493233E-002
   17.320000000000000       ,    2.4397479310443122E-002  ,    2.4589644426530055E-002
   17.340000000000000       ,    2.7392243681929107E-002  ,    2.8163131246308194E-002
   17.359999999999999       ,    2.9904969860065168E-002  ,    3.1215446775712034E-002
   17.379999999999999       ,    3.1901158978087166E-002  ,    3.3703470866483232E-002
   17.400000000000002       ,    3.3355473561183333E-002  ,    3.5594232072158206E-002
   17.420000000000002       ,    3.4252128042041925E-002  ,    3.6865446713006338E-002
   17.440000000000001       ,    3.4585101232209682E-002  ,    3.7505856891771182E-002
   17.460000000000001       ,    3.4358168333134917E-002  ,    3.7515362511929849E-002
   17.480000000000000       ,    3.3584753511079111E-002  ,    3.6904946318817966E-002
   17.500000000000000       ,    3.2287607444223189E-002  ,    3.5696394937224964E-002
   17.520000000000000       ,    3.0498317513273566E-002  ,    3.3921822739938920E-002
   17.539999999999999       ,    2.8256661386803449E-002  ,    3.1623009075759295E-002
   17.560000000000002       ,    2.5609817591917855E-002  ,    2.8850562842228918E-002
   17.580000000000002       ,    2.2611449207492609E-002  ,    2.5662931542724740E-002
   17.600000000000001       ,    1.9320679025445174E-002  ,    2.2125274761093092E-002
   17.620000000000001       ,    1.5800976356781005E-002  ,    1.8308224369034530E-002
   17.640000000000001       ,    1.2118977082782287E-002  ,    1.4286555709761504E-002
   17.660000000000000       ,    8.3432595454722477E-003  ,    1.0137795443413018E-002
   17.680000000000000       ,    4.5430994217729760E-003  ,    5.9407926724847106E-003
   17.699999999999999       ,    7.8722682787949155E-004  ,    1.7742803766286708E-003
   17.720000000000002       ,   -2.8573914415857757E-003  ,   -2.2845459265106688E-003
   17.740000000000002       ,   -6.3267224083708362E-003  ,   -6.1614060059901601E-003
   17.760000000000002       ,   -9.5607691917440566E-003  ,   -9.7862440648737049E-003
   17.780000000000001       ,   -1.2504585693682952E-002  ,   -1.3094445642122759E-002
   17.800000000000001       ,   -1.5109186217055818E-002  ,   -1.6027940728648160E-002
   17.820000000000000       ,   -1.7332334760949485E-002  ,   -1.8536173972508781E-002
   17.840000000000000       ,   -1.9139201209231738E-002  ,   -2.0576925599642321E-002
   17.859999999999999       ,   -2.0502874305545007E-002  ,   -2.2116969706040841E-002
   17.880000000000003       ,   -2.1404724135460122E-002  ,   -2.3132559822394313E-002
   17.900000000000002       ,   -2.1834609757664675E-002  ,   -2.3609735046947824E-002
   17.920000000000002       ,   -2.1790930583099687E-002  ,   -2.3544443518632871E-002
   17.940000000000001       ,   -2.1280523036373480E-002  ,   -2.2942483491718679E-002
   17.960000000000001       ,   -2.0318406891500190E-002  ,   -2.1819265707311717E-002
   17.980000000000000       ,   -1.8927388400338942E-002  ,   -2.0199404070033317E-002
   18.000000000000000       ,   -1.7137529876893449E-002  ,   -1.8116144767516454E-002
   18.020000000000000       ,   -1.4985497718103308E-002  ,   -1.5610646857898805E-002
   18.039999999999999       ,   -1.2513802891386667E-002  ,   -1.2731129943785002E-002
   18.060000000000002       ,   -9.7699496664111433E-003  ,   -9.5319068043427518E-003
   18.080000000000002       ,   -6.8055097853273678E-003  ,   -6.0723207318356381E-003
   18.100000000000001       ,   -3.6751403308985246E-003  ,   -2.4156087845641828E-003
   18.120000000000001       ,   -4.3556425181394371E-004  ,    1.3722867968982179E-003
   18.140000000000001       ,    2.8554671675174660E-003  ,    5.2239361721852888E-003
   18.160000000000000       ,    6.1402106482194244E-003  ,    9.0716455009883425E-003
   18.180000000000000       ,    9.3619472303073225E-003  ,    1.2848663878460960E-002
   18.199999999999999       ,    1.2465960472333809E-002  ,    1.6490351653175233E-002
   18.220000000000002       ,    1.5400459530662153E-002  ,    1.9935289310893542E-002
   18.240000000000002       ,    1.8117431489358040E-002  ,    2.3126307621608458E-002
   18.260000000000002       ,    2.0573408955109496E-002  ,    2.6011421602946845E-002
   18.280000000000001       ,    2.2730140803418425E-002  ,    2.8544653007487611E-002
   18.300000000000001       ,    2.4555156021677578E-002  ,    3.0686728447124036E-002
   18.320000000000000       ,    2.6022212797836973E-002  ,    3.2405642872386065E-002
   18.340000000000000       ,    2.7111627304619180E-002  ,    3.3677080873834767E-002
   18.359999999999999       ,    2.7810478982136327E-002  ,    3.4484691109558076E-002
   18.380000000000003       ,    2.8112691479808868E-002  ,    3.4820212030121436E-002
   18.400000000000002       ,    2.8018990736193048E-002  ,    3.4683449913242105E-002
   18.420000000000002       ,    2.7536743908986659E-002  ,    3.4082112979817156E-002
   18.440000000000001       ,    2.6679684976131192E-002  ,    3.3031507988301234E-002
   18.460000000000001       ,    2.5467534774972274E-002  ,    3.1554108147143475E-002
   18.480000000000000       ,    2.3925524996419634E-002  ,    2.9679003401011077E-002
   18.500000000000000       ,    2.2083837176161983E-002  ,    2.7441246097287694E-002
   18.520000000000000       ,    1.9976969001585090E-002  ,    2.4881106692408273E-002
   18.539999999999999       ,    1.7643041262936497E-002  ,    2.2043255487195604E-002
   18.560000000000002       ,    1.5123059508018177E-002  ,    1.8975887367791638E-002
   18.580000000000002       ,    1.2460144904655484E-002  ,    1.5729807162604931E-002
   18.600000000000001       ,    9.6987489735296025E-003  ,    1.2357493501853346E-002
   18.620000000000001       ,    6.8838667305974183E-003  ,    8.9121589880614711E-003
   18.640000000000001       ,    4.0602623834737591E-003  ,    5.4468240635313940E-003
   18.660000000000000       ,    1.2717210752898876E-003  ,    2.0134212114471385E-003
   18.680000000000000       ,   -1.4396607173675939E-003  ,   -1.3380549258908464E-003
   18.699999999999999       ,   -4.0341346245960944E-003  ,   -4.5603372563025775E-003
   18.720000000000002       ,   -6.4748994365345109E-003  ,   -7.6096030883328440E-003
   18.740000000000002       ,   -8.7286309817306718E-003  ,   -1.0446107209790376E-002
   18.760000000000002       ,   -1.0765935599971433E-002  ,   -1.3034722215835900E-002
   18.780000000000001       ,   -1.2561721623531575E-002  ,   -1.5345379162308560E-002
   18.800000000000001       ,   -1.4095484977366872E-002  ,   -1.7353403748519076E-002
   18.820000000000000       ,   -1.5351506722556205E-002  ,   -1.9039745391670231E-002
   18.840000000000000       ,   -1.6318962064254108E-002  ,   -2.0391098697999665E-002
   18.859999999999999       ,   -1.6991941992863739E-002  ,   -2.1399918920711802E-002
   18.880000000000003       ,   -1.7369390294480189E-002  ,   -2.2064334981180014E-002
   18.900000000000002       ,   -1.7454960125829502E-002  ,   -2.2387965480284676E-002
   18.920000000000002       ,   -1.7256795675050309E-002  ,   -2.2379644807505032E-002
   18.940000000000001       ,   -1.6787245601291089E-002  ,   -2.2053067937323478E-002
   18.960000000000001       ,   -1.6062515945679357E-002  ,   -2.1426363761453134E-002
   18.980000000000000       ,   -1.5102271020282641E-002  ,   -2.0521607822489026E-002
   19.000000000000000       ,   -1.3929191400967598E-002  ,   -1.9364286076575501E-002
   19.020000000000000       ,   -1.2568498569647753E-002  ,   -1.7982721812067105E-002
   19.039999999999999       ,   -1.1047455970562989E-002  ,   -1.6407478086189874E-002
   19.060000000000002       ,   -9.3948562674016581E-003  ,   -1.4670748016274895E-002
   19.080000000000002       ,   -7.6405044205883638E-003  ,   -1.2805744985529503E-002
   19.100000000000001       ,   -5.8147058578770731E-003  ,   -1.0846104309892421E-002
   19.120000000000001       ,   -3.9477685007634203E-003  ,   -8.8253071812810762E-003
   19.140000000000001       ,   -2.0695267512340185E-003  ,   -6.7761367765100692E-003
   19.160000000000000       ,   -2.0889475750321209E-004  ,   -4.7301753269126381E-003
   19.180000000000000       ,    1.6065446149693535E-003  ,   -2.7173497105344841E-003
   19.199999999999999       ,    3.3509096569931118E-003  ,   -7.6553178813002214E-004
   19.220000000000002       ,    5.0003441197641555E-003  ,    1.0998017111789947E-003
   19.240000000000002       ,    6.5332926081870819E-003  ,    2.8558464054713787E-003
   19.260000000000002       ,    7.9307248071680131E-003  ,    4.4826826926795361E-003
   19.280000000000001       ,    9.1763073594759350E-003  ,    5.9634229570683425E-003
   19.300000000000001       ,    1.0256523256607490E-002  ,    7.2842944924241034E-003
   19.320000000000000       ,    1.1160739594776174E-002  ,    8.4346603877309724E-003
   19.340000000000000       ,    1.1881225468626827E-002  ,    9.4069818151126493E-003
   19.359999999999999       ,    1.2413122609767476E-002  ,    1.0196726222529033E-002
   19.380000000000003       ,    1.2754372112514659E-002  ,    1.0802226846471752E-002
   19.400000000000002       ,    1.2905601214955204E-002  ,    1.1224499708033481E-002
   19.420000000000002       ,    1.2869974611976833E-002  ,    1.1467024828817769E-002
   19.440000000000001       ,    1.2653015163738998E-002  ,    1.1535498795131396E-002
   19.460000000000001       ,    1.2262399126435702E-002  ,    1.1437566008064446E-002
   19.480000000000000       ,    1.1707731173323065E-002  ,    1.1182535985984211E-002
   19.500000000000000       ,    1.1000304496675875E-002  ,    1.0781093941335576E-002
   19.520000000000000       ,    1.0152851191948111E-002  ,    1.0245011545945235E-002
   19.539999999999999       ,    9.1792879325007931E-003  ,    9.5868643422718815E-003
   19.560000000000002       ,    8.0944616573491810E-003  ,    8.8197616692430626E-003
   19.580000000000002       ,    6.9138996275844083E-003  ,    7.9570942700910342E-003
   19.600000000000001       ,    5.6535677728261017E-003  ,    7.0123039575618390E-003
   19.620000000000001       ,    4.3296407615295122E-003  ,    5.9986788521411514E-003
   19.640000000000001       ,    2.9582867029508534E-003  ,    4.9291768054747212E-003
   19.660000000000000       ,    1.5554688389945476E-003  ,    3.8162786982296388E-003
   19.680000000000000       ,    1.3676602565384171E-004  ,    2.6718723831892087E-003
   19.699999999999999       ,   -1.2827867496020505E-003  ,    1.5071671534675397E-003
   19.720000000000002       ,   -2.6888371031738439E-003  ,    3.3263777403748325E-004
   19.740000000000002       ,   -4.0678330368406641E-003  ,   -8.4200365795321656E-004
   19.760000000000002       ,   -5.4071200227740202E-003  ,   -2.0078104449222493E-003
   19.780000000000001       ,   -6.6950180635714854E-003  ,   -3.1565816186664378E-003
   19.800000000000001       ,   -7.9208797561774996E-003  ,   -4.2808233465811722E-003
   19.820000000000000       ,   -9.0751306838380130E-003  ,   -5.3736952435231803E-003
   19.840000000000000       ,   -1.0149293690211681E-002  ,   -6.4289456428883564E-003
   19.859999999999999       ,   -1.1135998753087567E-002  ,   -7.4408399764468195E-003
   19.880000000000003       ,   -1.2028980272436197E-002  ,   -8.4040863816680356E-003
   19.900000000000002       ,   -1.2823063621100226E-002  ,   -9.3137625025055439E-003
   19.920000000000002       ,   -1.3514142780377235E-002  ,   -1.0165247182792291E-002
   19.940000000000001       ,   -1.4099150802544400E-002  ,   -1.0954160381189272E-002
   19.960000000000001       ,   -1.4576024714848843E-002  ,   -1.1676314176215617E-002
   19.980000000000000       ,   -1.4943666312412361E-002  ,   -1.2327677194482306E-002
   20.000000000000000       ,   -1.5201900089502573E-002  ,   -1.2904354201782440E-002
   20.020000000000000       ,   -1.5351429338760358E-002  ,   -1.3402581963253266E-002
   20.039999999999999       ,   -1.5393791215587687E-002  ,   -1.3818741824257005E-002
   20.060000000000002       ,   -1.5331311329226993E-002  ,   -1.4149388806972781E-002
   20.080000000000002       ,   -1.5167058192065028E-002  ,   -1.4391296377749092E-002
   20.100000000000001       ,   -1.4904797642742036E-002  ,   -1.4541515435076119E-002
   20.120000000000001       ,   -1.4548947164321212E-002  ,   -1.4597445514447518E-002
   20.140000000000001       ,   -1.4104529852660166E-002  ,   -1.4556915719639622E-002
   20.160000000000000       ,   -1.3577127657650546E-002  ,   -1.4418272483281785E-002
   20.180000000000000       ,   -1.2972833425264965E-002  ,   -1.4180470943987507E-002
   20.199999999999999       ,   -1.2298201214118266E-002  ,   -1.3843166511147514E-002
   20.220000000000002       ,   -1.1560194347784840E-002  ,   -1.3406803077401021E-002
   20.240000000000002       ,   -1.0766130693256491E-002  ,   -1.2872694335575181E-002
   20.260000000000002       ,   -9.9236247250754119E-003  ,   -1.2243094761378758E-002
   20.280000000000001       ,   -9.0405260408846881E-003  ,   -1.1521257032336366E-002
   20.300000000000001       ,   -8.1248541331997576E-003  ,   -1.0711472961535070E-002
   20.320000000000000       ,   -7.1847293888095340E-003  ,   -9.8190954233070161E-003
   20.340000000000000       ,   -6.2283004751138189E-003  ,   -8.8505392261699501E-003
   20.359999999999999       ,   -5.2636684748965231E-003  ,   -7.8132594332792540E-003
   20.380000000000003       ,   -4.2988083400148959E-003  ,   -6.7157062276506745E-003
   20.400000000000002       ,   -3.3414884424095600E-003  ,   -5.5672560524476396E-003
   20.420000000000002       ,   -2.3991891998448576E-003  ,   -4.3781194086987534E-003
   20.440000000000001       ,   -1.4790219361595065E-003  ,   -3.1592263464151906E-003
   20.460000000000001       ,   -5.8764929422094013E-004  ,   -1.9220913226089447E-003
   20.480000000000000       ,    2.6879135242384905E-004  ,   -6.7865970398782558E-004
   20.500000000000000       ,    1.0847599518912757E-003  ,    5.5886125328819610E-004
   20.520000000000000       ,    1.8553797029994604E-003  ,    1.7781836246164055E-003
   20.539999999999999       ,    2.5764952687222786E-003  ,    2.9671285051342000E-003
   20.560000000000002       ,    3.2447217242226861E-003  ,    4.1138201100211300E-003
   20.580000000000002       ,    3.8574827805241767E-003  ,    5.2068800096940482E-003
   20.600000000000001       ,    4.4130369638705454E-003  ,    6.2356171066382179E-003
   20.620000000000001       ,    4.9104906160818210E-003  ,    7.1902089548849663E-003
   20.640000000000001       ,    5.3497968095754878E-003  ,    8.0618701291345629E-003
   20.660000000000000       ,    5.7317395376182984E-003  ,    8.8430035667791569E-003
   20.680000000000000       ,    6.0579028400755798E-003  ,    9.5273311284045682E-003
   20.699999999999999       ,    6.3306248505544246E-003  ,    1.0110000043811792E-002
   20.720000000000002       ,    6.5529370946365703E-003  ,    1.0587662421750155E-002
   20.740000000000002       ,    6.7284897223271840E-003  ,    1.0958525590621476E-002
   20.760000000000002       ,    6.8614637119139218E-003  ,    1.1222371690605049E-002
   20.780000000000001       ,    6.9564714277789014E-003  ,    1.1380545639459566E-002
   20.800000000000001       ,    7.0184472420136692E-003  ,    1.1435911327862933E-002
   20.820000000000000       ,    7.0525302297675171E-003  ,    1.1392776647800416E-002
   20.840000000000000       ,    7.0639412124117850E-003  ,    1.1256788700970837E-002
   20.859999999999999       ,    7.0578566427885649E-003  ,    1.1034801255165705E-002
   20.880000000000003       ,    7.0392819959056744E-003  ,    1.0734717197196125E-002
   20.900000000000002       ,    7.0129274404028110E-003  ,    1.0365309354148306E-002
   20.920000000000002       ,    6.9830886162131050E-003  ,    9.9360236047364679E-003
   20.940000000000001       ,    6.9535353287426046E-003  ,    9.4567686651429780E-003
   20.960000000000001       ,    6.9274108878223002E-003  ,    8.9376972968231629E-003
   20.980000000000000       ,    6.9071446704719371E-003  ,    8.3889839374537267E-003
   21.000000000000000       ,    6.8943802716545247E-003  ,    7.8206038932117899E-003
   21.020000000000000       ,    6.8899213298159890E-003  ,    7.2421192463294343E-003
   21.039999999999999       ,    6.8936967788546053E-003  ,    6.6624765246866826E-003
   21.060000000000002       ,    6.9047468914992666E-003  ,    6.0898209513366892E-003
   21.080000000000002       ,    6.9212310485629938E-003  ,    5.5313317454638864E-003
   21.100000000000001       ,    6.9404577030881247E-003  ,    4.9930824893750728E-003
   21.120000000000001       ,    6.9589365179482509E-003  ,    4.4799300184298878E-003
   21.140000000000001       ,    6.9724521508240898E-003  ,    3.9954346445160421E-003
   21.160000000000000       ,    6.9761586529815426E-003  ,    3.5418138031888600E-003
   21.180000000000000       ,    6.9646929496637311E-003  ,    3.1199304362171847E-003
   21.199999999999999       ,    6.9323053919159352E-003  ,    2.7293166028312214E-003
   21.220000000000002       ,    6.8730049238403743E-003  ,    2.3682319733823523E-003
   21.240000000000002       ,    6.7807160066664348E-003  ,    2.0337560180060041E-003
   21.260000000000002       ,    6.6494440919076647E-003  ,    1.7219118800451355E-003
   21.280000000000001       ,    6.4734461495208557E-003  ,    1.4278191390303212E-003
   21.300000000000001       ,    6.2474025414128442E-003  ,    1.1458719397871744E-003
   21.320000000000000       ,    5.9665863923967048E-003  ,    8.6993831048824189E-004
   21.340000000000000       ,    5.6270265547295759E-003  ,    5.9357592933078089E-004
   21.359999999999999       ,    5.2256602917935928E-003  ,    3.1025914120050567E-004
   21.380000000000003       ,    4.7604719226061838E-003  ,    1.3611684062099218E-005
   21.400000000000002       ,    4.2306138709820515E-003  ,   -3.0236063080823919E-004
   21.420000000000002       ,    3.6365068487076700E-003  ,   -6.4304312381079228E-004
   21.440000000000001       ,    2.9799162664875646E-003  ,   -1.0129971235660611E-003
   21.460000000000001       ,    2.2640024032780925E-003  ,   -1.4157621123809349E-003
   21.480000000000000       ,    1.4933423658101744E-003  ,   -1.8536804155846083E-003
   21.500000000000000       ,    6.7392242590519715E-004  ,   -2.3277492597137545E-003
   21.520000000000000       ,   -1.8690007749559554E-004  ,   -2.8375044558984364E-003
   21.539999999999999       ,   -1.0804654540845678E-003  ,   -3.3809392892101419E-003
   21.560000000000002       ,   -1.9969105295388969E-003  ,   -3.9544614264482502E-003
   21.580000000000002       ,   -2.9252965452634819E-003  ,   -4.5528898103817227E-003
   21.600000000000001       ,   -3.8537643280756526E-003  ,   -5.1694926062605569E-003
   21.620000000000001       ,   -4.7697143480032898E-003  ,   -5.7960663263785734E-003
   21.640000000000001       ,   -5.6600087006929275E-003  ,   -6.4230553015956690E-003
   21.660000000000000       ,   -6.5111915201333690E-003  ,   -7.0397097165689525E-003
   21.680000000000000       ,   -7.3097238598067949E-003  ,   -7.6342794996751744E-003
   21.699999999999999       ,   -8.0422286870919617E-003  ,   -8.1942404805153690E-003
   21.720000000000002       ,   -8.6957413264142011E-003  ,   -8.7065484178948001E-003
   21.740000000000002       ,   -9.2579604692676499E-003  ,   -9.1579157783490874E-003
   21.760000000000002       ,   -9.7174947499288240E-003  ,   -9.5351055269516094E-003
   21.780000000000001       ,   -1.0064099868524695E-002  ,   -9.8252356934116682E-003
   21.800000000000001       ,   -1.0288901330076344E-002  ,   -1.0016088109963850E-002
   21.820000000000000       ,   -1.0384598058928664E-002  ,   -1.0096414493010202E-002
   21.840000000000000       ,   -1.0345642440143171E-002  ,   -1.0056232964599772E-002
   21.859999999999999       ,   -1.0168392728265120E-002  ,   -9.8871081860547085E-003
   21.880000000000003       ,   -9.8512342426144966E-003  ,   -9.5824085044689620E-003
   21.900000000000002       ,   -9.3946663280711010E-003  ,   -9.1375338901333938E-003
   21.920000000000002       ,   -8.8013526906319112E-003  ,   -8.5501089625673130E-003
   21.940000000000001       ,   -8.0761334055798918E-003  ,   -7.8201360549496265E-003
   21.960000000000001       ,   -7.2259976293092016E-003  ,   -6.9501040385144871E-003
   21.980000000000000       ,   -6.2600168090277226E-003  ,   -5.9450495043336313E-003
   22.000000000000000       ,   -5.1892389622162118E-003  ,   -4.8125678618552489E-003
   22.020000000000000       ,   -4.0265453739357394E-003  ,   -3.5627729415607838E-003
   22.039999999999999       ,   -2.7864718187708220E-003  ,   -2.2082047614817341E-003
   22.060000000000002       ,   -1.4849971395245029E-003  ,   -7.6368621127357130E-004
   22.080000000000002       ,   -1.3930269144891950E-004  ,    7.5386950039357163E-004
   22.100000000000001       ,    1.2324932256277267E-003  ,    2.3256977228280312E-003
   22.120000000000001       ,    2.6116212876354464E-003  ,    3.9314636346093933E-003
   22.140000000000001       ,    3.9789623101905720E-003  ,    5.5495810324770545E-003
   22.160000000000000       ,    5.3153581960676786E-003  ,    7.1575629066308729E-003
   22.180000000000000       ,    6.6019269610621189E-003  ,    8.7323973281138462E-003
   22.199999999999999       ,    7.8203759999562663E-003  ,    1.0250941559030780E-002
   22.220000000000002       ,    8.9533077367321690E-003  ,    1.1690326823937695E-002
   22.240000000000002       ,    9.9845119023999427E-003  ,    1.3028365862105538E-002
   22.260000000000002       ,    1.0899238898637840E-002  ,    1.4243955223590798E-002
   22.280000000000001       ,    1.1684449032263485E-002  ,    1.5317464281756867E-002
   22.300000000000001       ,    1.2329032838466734E-002  ,    1.6231103112215862E-002
   22.320000000000000       ,    1.2823998241523244E-002  ,    1.6969261730591004E-002
   22.340000000000000       ,    1.3162620920175002E-002  ,    1.7518813683028114E-002
   22.359999999999999       ,    1.3340554938884686E-002  ,    1.7869377634544537E-002
   22.380000000000003       ,    1.3355901462022210E-002  ,    1.8013531388394687E-002
   22.400000000000002       ,    1.3209234170673096E-002  ,    1.7946973678958533E-002
   22.420000000000002       ,    1.2903580835056831E-002  ,    1.7668630092877148E-002
   22.440000000000001       ,    1.2444361342725132E-002  ,    1.7180700567627841E-002
   22.460000000000001       ,    1.1839283326631828E-002  ,    1.6488647070983440E-002
   22.480000000000000       ,    1.1098197360677001E-002  ,    1.5601121254976064E-002
   22.500000000000000       ,    1.0232914476673261E-002  ,    1.4529833079380657E-002
   22.520000000000000       ,    9.2569894897753299E-003  ,    1.3289362587284661E-002
   22.539999999999999       ,    8.1854742842779171E-003  ,    1.1896918164161430E-002
   22.560000000000002       ,    7.0346457946459601E-003  ,    1.0372045697881176E-002
   22.580000000000002       ,    5.8217139057402311E-003  ,    8.7362940573761320E-003
   22.600000000000001       ,    4.5645148813335014E-003  ,    7.0128432010683923E-003
   22.620000000000001       ,    3.2811962032463474E-003  ,    5.2261019937146934E-003
   22.640000000000001       ,    1.9898988590719164E-003  ,    3.4012834356208573E-003
   22.660000000000000       ,    7.0844315128250454E-004  ,    1.5639654778472581E-003
   22.680000000000000       ,   -5.4597598628183645E-004  ,   -2.6035409913131933E-004
   22.699999999999999       ,   -1.7570783851902836E-003  ,   -2.0467001345253399E-003
   22.720000000000002       ,   -2.9097672954370574E-003  ,   -3.7710512995934213E-003
   22.740000000000002       ,   -3.9903722690606980E-003  ,   -5.4107517280701243E-003
   22.760000000000002       ,   -4.9868617803750003E-003  ,   -6.9448951094993518E-003
   22.780000000000001       ,   -5.8890217097853463E-003  ,   -8.3546738431929824E-003
   22.800000000000001       ,   -6.6885965157295404E-003  ,   -9.6236865549875171E-003
   22.820000000000000       ,   -7.3793906791127994E-003  ,   -1.0738198120458772E-002
   22.840000000000000       ,   -7.9573288110980928E-003  ,   -1.1687347299412522E-002
   22.859999999999999       ,   -8.4204736517181945E-003  ,   -1.2463298147370256E-002
   22.880000000000003       ,   -8.7690020363284087E-003  ,   -1.3061332508403273E-002
   22.900000000000002       ,   -9.0051397519865031E-003  ,   -1.3479882086375964E-002
   22.920000000000002       ,   -9.1330570291400775E-003  ,   -1.3720499813657862E-002
   22.940000000000001       ,   -9.1587271986646804E-003  ,   -1.3787771462239733E-002
   22.960000000000001       ,   -9.0897517743145310E-003  ,   -1.3689169646482147E-002
   22.980000000000000       ,   -8.9351558811566183E-003  ,   -1.3434853524410777E-002
   23.000000000000000       ,   -8.7051585281397517E-003  ,   -1.3037418591545884E-002
   23.020000000000000       ,   -8.4109227059435566E-003  ,   -1.2511601955198348E-002
   23.039999999999999       ,   -8.0642906699587968E-003  ,   -1.1873949357446772E-002
   23.060000000000002       ,   -7.6775100351524055E-003  ,   -1.1142450963508511E-002
   23.080000000000002       ,   -7.2629564594974211E-003  ,   -1.0336153533598730E-002
   23.100000000000001       ,   -6.8328587228288357E-003  ,   -9.4747570384181735E-003
   23.120000000000001       ,   -6.3990319181864404E-003  ,   -8.5782040522794784E-003
   23.140000000000001       ,   -5.9726242651275008E-003  ,   -7.6662703582627608E-003
   23.160000000000000       ,   -5.5638827338278275E-003  ,   -6.7581651250578955E-003
   23.180000000000000       ,   -5.1819422420209997E-003  ,   -5.8721487673385640E-003
   23.199999999999999       ,   -4.8346426631667395E-003  ,   -5.0251761863117387E-003
   23.220000000000002       ,   -4.5283772748401039E-003  ,   -4.2325725136834113E-003
   23.240000000000002       ,   -4.2679755941678315E-003  ,   -3.5077477631837283E-003
   23.260000000000002       ,   -4.0566228065711581E-003  ,   -2.8619559445302741E-003
   23.280000000000001       ,   -3.8958172107401720E-003  ,   -2.3041032335298123E-003
   23.300000000000001       ,   -3.7853662930649435E-003  ,   -1.8406087394527600E-003
   23.320000000000000       ,   -3.7234212256396625E-003  ,   -1.4753202892921655E-003
   23.340000000000000       ,   -3.7065487705216227E-003  ,   -1.2094864818282000E-003
   23.359999999999999       ,   -3.7298387860399615E-003  ,   -1.0417850772451516E-003
   23.380000000000003       ,   -3.7870447849403690E-003  ,   -9.6840660542159437E-004
   23.400000000000002       ,   -3.8707543044288729E-003  ,   -9.8319092279179079E-004
   23.420000000000002       ,   -3.9725852289530777E-003  ,   -1.0778133480067219E-003
   23.440000000000001       ,   -4.0834036705164438E-003  ,   -1.2420159834420630E-003
   23.460000000000001       ,   -4.1935585693906440E-003  ,   -1.4638789041448298E-003
   23.480000000000000       ,   -4.2931278391803033E-003  ,   -1.7301250871740892E-003
   23.500000000000000       ,   -4.3721706510815861E-003  ,   -2.0264522790273396E-003
   23.520000000000000       ,   -4.4209803372730738E-003  ,   -2.3378844706193587E-003
   23.539999999999999       ,   -4.4303323947582863E-003  ,   -2.6491352785995926E-003
   23.560000000000002       ,   -4.3917221882382529E-003  ,   -2.9449753257816944E-003
   23.580000000000002       ,   -4.2975871809547740E-003  ,   -3.2105956757260356E-003
   23.600000000000001       ,   -4.1415088607381243E-003  ,   -3.4319595070931874E-003
   23.620000000000001       ,   -3.9183899673587829E-003  ,   -3.5961345087327972E-003
   23.640000000000001       ,   -3.6246031572538320E-003  ,   -3.6915989295776509E-003
   23.660000000000000       ,   -3.2581078514539578E-003  ,   -3.7085148179385012E-003
   23.680000000000000       ,   -2.8185326891280124E-003  ,   -3.6389627193305712E-003
   23.699999999999999       ,   -2.3072217382869914E-003  ,   -3.4771329543043265E-003
   23.720000000000002       ,   -1.7272433814930499E-003  ,   -3.2194695492716182E-003
   23.740000000000002       ,   -1.0833615818305656E-003  ,   -2.8647639233600917E-003
   23.760000000000002       ,   -3.8197002644195608E-004  ,   -2.4141965206643614E-003
   23.780000000000001       ,    3.6900957487782894E-004  ,   -1.8713256965727785E-003
   23.800000000000001       ,    1.1602630064376355E-003  ,   -1.2420242952110093E-003
   23.820000000000000       ,    1.9812501406979125E-003  ,   -5.3436546846648118E-004
   23.840000000000000       ,    2.8203992213501408E-003  ,    2.4153963803032568E-004
   23.859999999999999       ,    3.6653248685751742E-003  ,    1.0737486928269191E-003
   23.880000000000003       ,    4.5030653444602560E-003  ,    1.9487349099409346E-003
   23.900000000000002       ,    5.3203342148655918E-003  ,    2.8516683033496656E-003
   23.920000000000002       ,    6.1037812438901546E-003  ,    3.7667253537271637E-003
   23.940000000000001       ,    6.8402571644144202E-003  ,    4.6774203990569644E-003
   23.960000000000001       ,    7.5170768867078488E-003  ,    5.5669516282901670E-003
   23.980000000000000       ,    8.1222757381125069E-003  ,    6.4185542781496612E-003
   24.000000000000000       ,    8.6448534694073507E-003  ,    7.2158535126525441E-003
   24.020000000000000       ,    9.0750010143216854E-003  ,    7.9432095046635381E-003
   24.039999999999999       ,    9.4043053422974993E-003  ,    8.5860474371163703E-003
   24.060000000000002       ,    9.6259281933855530E-003  ,    9.1311654933917165E-003
   24.080000000000002       ,    9.7347550185238347E-003  ,    9.5670144034169322E-003
   24.100000000000001       ,    9.7275110571206705E-003  ,    9.8839427430091071E-003
   24.120000000000001       ,    9.6028421540465779E-003  ,    1.0074402934664640E-002
   24.140000000000001       ,    9.3613586358307754E-003  ,    1.0133113751804292E-002
   24.160000000000000       ,    9.0056413161388599E-003  ,    1.0057176066669062E-002
   24.180000000000000       ,    8.5402094679253998E-003  ,    9.8461395842215933E-003
   24.199999999999999       ,    7.9714513681935703E-003  ,    9.5020193488605503E-003
   24.220000000000002       ,    7.3075187752689010E-003  ,    9.0292618750522462E-003
   24.240000000000002       ,    6.5581874224884531E-003  ,    8.4346618143781270E-003
   24.260000000000002       ,    5.7346862914939819E-003  ,    7.7272311074259295E-003
   24.280000000000001       ,    4.8494990491719184E-003  ,    6.9180235575455962E-003
   24.300000000000001       ,    3.9161415822093169E-003  ,    6.0199186839890312E-003
   24.320000000000000       ,    2.9489200313031192E-003  ,    5.0473695451969496E-003
   24.340000000000000       ,    1.9626741040471747E-003  ,    4.0161199517883463E-003
   24.359999999999999       ,    9.7251072412634742E-004  ,    2.9428970982850930E-003
   24.380000000000003       ,   -6.4667505509983343E-006  ,    1.8450861205483503E-003
   24.400000000000002       ,   -9.5942843985019296E-004  ,    7.4039342296954925E-004
   24.420000000000002       ,   -1.8720817218543565E-003  ,   -3.5349419062811295E-004
   24.440000000000001       ,   -2.7309237655391001E-003  ,   -1.4192475087401505E-003
   24.460000000000001       ,   -3.5234779476279671E-003  ,   -2.4402230633799953E-003
   24.480000000000000       ,   -4.2385096308201475E-003  ,   -3.4007747347044020E-003
   24.500000000000000       ,   -4.8662172153428008E-003  ,   -4.2865425005253876E-003
   24.520000000000000       ,   -5.3983948906889253E-003  ,   -5.0847125505278411E-003
   24.540000000000003       ,   -5.8285640984930016E-003  ,   -5.7842436320922662E-003
   24.560000000000002       ,   -6.1520713584798485E-003  ,   -6.3760552458070998E-003
   24.580000000000002       ,   -6.3661507938700930E-003  ,   -6.8531741473013448E-003
   24.600000000000001       ,   -6.4699504063435442E-003  ,   -7.2108365194217816E-003
   24.620000000000001       ,   -6.4645218789142513E-003  ,   -7.4465441351812701E-003
   24.640000000000001       ,   -6.3527744129369037E-003  ,   -7.5600738165298503E-003
   24.660000000000000       ,   -6.1393938181048217E-003  ,   -7.5534404856297966E-003
   24.680000000000000       ,   -5.8307287573254553E-003  ,   -7.4308150827067281E-003
   24.699999999999999       ,   -5.4346466880263022E-003  ,   -7.1983995669217728E-003
   24.720000000000002       ,   -4.9603626250499860E-003  ,   -6.8642621041742789E-003
   24.740000000000002       ,   -4.4182443663370874E-003  ,   -6.4381363597344468E-003
   24.760000000000002       ,   -3.8195982610393347E-003  ,   -5.9311895372511662E-003
   24.780000000000001       ,   -3.1764399522032057E-003  ,   -5.3557644241874081E-003
   24.800000000000001       ,   -2.5012547861542446E-003  ,   -4.7251012046518404E-003
   24.820000000000000       ,   -1.8067527436171646E-003  ,   -4.0530451741029594E-003
   24.840000000000000       ,   -1.1056228108380427E-003  ,   -3.3537467294769709E-003
   24.859999999999999       ,   -4.1029167203338398E-004  ,   -2.6413601088558672E-003
   24.880000000000003       ,    2.6730853107581414E-004  ,   -1.9297473157744965E-003
   24.900000000000002       ,    9.1595885751822724E-004  ,   -1.2321934866042544E-003
   24.920000000000002       ,    1.5253544482045581E-003  ,   -5.6113965002488071E-004
   24.940000000000001       ,    2.0862838375345148E-003  ,    7.2061606880345890E-005
   24.960000000000001       ,    2.5907833789874531E-003  ,    6.5736260057308962E-004
   24.980000000000000       ,    3.0322640071489583E-003  ,    1.1862048269004270E-003
   25.000000000000000       ,    3.4056081490716570E-003  ,    1.6516674750125309E-003
   25.020000000000000       ,    3.7072352272734467E-003  ,    2.0485774124297121E-003
   25.040000000000003       ,    3.9351348518505535E-003  ,    2.3735787357738445E-003
   25.060000000000002       ,    4.0888674664654899E-003  ,    2.6251608766825682E-003
   25.080000000000002       ,    4.1695328786146377E-003  ,    2.8036451614172841E-003
   25.100000000000001       ,    4.1797077549597010E-003  ,    2.9111306259238653E-003
   25.120000000000001       ,    4.1233537844263552E-003  ,    2.9514007661627381E-003
   25.140000000000001       ,    4.0056987927614158E-003  ,    2.9297937376200770E-003
   25.160000000000000       ,    3.8330936207388879E-003  ,    2.8530392903807580E-003
   25.180000000000000       ,    3.6128480438660940E-003  ,    2.7290664207763726E-003
   25.199999999999999       ,    3.3530494052884594E-003  ,    2.5667863230205193E-003
   25.220000000000002       ,    3.0623679482016269E-003  ,    2.3758557221098477E-003
   25.240000000000002       ,    2.7498530637327001E-003  ,    2.1664260526601171E-003
   25.260000000000002       ,    2.4247248110292928E-003  ,    1.9488842098676388E-003
   25.280000000000001       ,    2.0961651161287144E-003  ,    1.7335907337393066E-003
   25.300000000000001       ,    1.7731130149094732E-003  ,    1.5306212941876161E-003
   25.320000000000000       ,    1.4640681747621217E-003  ,    1.3495172234111678E-003
   25.340000000000000       ,    1.1769067130802404E-003  ,    1.1990505967954777E-003
   25.359999999999999       ,    9.1871303355441688E-004  ,    1.0870090006515434E-003
   25.380000000000003       ,    6.9563103040282560E-004  ,    1.0200046532375718E-003
   25.400000000000002       ,    5.1273757445989825E-004  ,    1.0033119757507398E-003
   25.420000000000002       ,    3.7394070303906090E-004  ,    1.0407370554323049E-003
   25.440000000000001       ,    2.8190439837254288E-004  ,    1.1345217184387550E-003
   25.460000000000001       ,    2.3800126868229327E-004  ,    1.2852841519295399E-003
   25.480000000000000       ,    2.4229385363569748E-004  ,    1.4919972001849425E-003
   25.500000000000000       ,    2.9354467448243320E-004  ,    1.7520046264257662E-003
   25.520000000000000       ,    3.8925455102501583E-004  ,    2.0610747985533267E-003
   25.540000000000003       ,    5.2572812503437049E-004  ,    2.4134904413238081E-003
   25.560000000000002       ,    6.9816497461282678E-004  ,    2.8021723170495263E-003
   25.580000000000002       ,    9.0077418750408389E-004  ,    3.2188339684202827E-003
   25.600000000000001       ,    1.1269097936969018E-003  ,    3.6541639958366512E-003
   25.620000000000001       ,    1.3692240480291335E-003  ,    4.0980317615584017E-003
   25.640000000000001       ,    1.6198352097154976E-003  ,    4.5397119259291503E-003
   25.660000000000000       ,    1.8705061942524783E-003  ,    4.9681228367815418E-003
   25.680000000000000       ,    2.1128302788401827E-003  ,    5.3720735193856506E-003
   25.699999999999999       ,    2.3384199285724824E-003  ,    5.7405138560563162E-003
   25.720000000000002       ,    2.5390947787029324E-003  ,    6.0627825043265303E-003
   25.740000000000002       ,    2.7070648581706178E-003  ,    6.3288471803889731E-003
   25.760000000000002       ,    2.8351052693984784E-003  ,    6.5295321277241457E-003
   25.780000000000001       ,    2.9167187457196961E-003  ,    6.6567278944046539E-003
   25.800000000000001       ,    2.9462827856286174E-003  ,    6.7035789490905622E-003
   25.820000000000000       ,    2.9191784059674369E-003  ,    6.6646451656297975E-003
   25.840000000000000       ,    2.8318979564668856E-003  ,    6.5360337879406339E-003
   25.859999999999999       ,    2.6821298869526551E-003  ,    6.3154991372885846E-003
   25.880000000000003       ,    2.4688188463134193E-003  ,    6.0025080286132881E-003
   25.900000000000002       ,    2.1922000086166990E-003  ,    5.5982696056006750E-003
   25.920000000000002       ,    1.8538070556602284E-003  ,    5.1057290694173961E-003
   25.940000000000001       ,    1.4564537856797740E-003  ,    4.5295255467788101E-003
   25.960000000000001       ,    1.0041898537421529E-003  ,    3.8759151026732837E-003
   25.980000000000000       ,    5.0223166963926440E-004  ,    3.1526606353750389E-003
   26.000000000000000       ,   -4.3130026592010842E-005  ,    2.3688910808275765E-003
   26.020000000000000       ,   -6.2464393291615874E-004  ,    1.5349329856226474E-003
   26.040000000000003       ,   -1.2342309049823946E-003  ,    6.6211806955310726E-004
   26.060000000000002       ,   -1.8631328739339274E-003  ,   -2.3742912136124464E-004
   26.080000000000002       ,   -2.5020749075479651E-003  ,   -1.1510189819641966E-003
   26.100000000000001       ,   -3.1414371234066438E-003  ,   -2.0656352561516465E-003
   26.120000000000001       ,   -3.7714329953529484E-003  ,   -2.9681791217573664E-003
   26.140000000000001       ,   -4.3822904987052564E-003  ,   -3.8457139095573779E-003
   26.160000000000000       ,   -4.9644325167042440E-003  ,   -4.6857054435074852E-003
   26.180000000000000       ,   -5.5086529800510899E-003  ,   -5.4762531252036039E-003
   26.199999999999999       ,   -6.0062853312849718E-003  ,   -6.2063071236496160E-003
   26.220000000000002       ,   -6.4493600928559160E-003  ,   -6.8658673655986871E-003
   26.240000000000002       ,   -6.8307485674186800E-003  ,   -7.4461604438503257E-003
   26.260000000000002       ,   -7.1442900052802192E-003  ,   -7.9397910609694880E-003
   26.280000000000001       ,   -7.3848999300839590E-003  ,   -8.3408651923828504E-003
   26.300000000000001       ,   -7.5486577118814811E-003  ,   -8.6450827728410118E-003
   26.320000000000000       ,   -7.6328719080523827E-003  ,   -8.8497983699022415E-003
   26.340000000000000       ,   -7.6361223479099270E-003  ,   -8.9540489927965559E-003
   26.359999999999999       ,   -7.5582784066957585E-003  ,   -8.9585488797670164E-003
   26.380000000000003       ,   -7.4004933892860090E-003  ,   -8.8656517967137839E-003
   26.400000000000002       ,   -7.1651754136052830E-003  ,   -8.6792820499073924E-003
   26.420000000000002       ,   -6.8559356390085384E-003  ,   -8.4048360515120209E-003
   26.440000000000001       ,   -6.4775151167196544E-003  ,   -8.0490568653815032E-003
   26.460000000000001       ,   -6.0356919393738393E-003  ,   -7.6198846899537690E-003
   26.480000000000000       ,   -5.5371707271670741E-003  ,   -7.1262866943965194E-003
   26.500000000000000       ,   -4.9894568023405757E-003  ,   -6.5780700044199315E-003
   26.520000000000000       ,   -4.4007176660486921E-003  ,   -5.9856819281670793E-003
   26.540000000000003       ,   -3.7796345975646428E-003  ,   -5.3600017150864064E-003
   26.560000000000002       ,   -3.1352473419716058E-003  ,   -4.7121282485034733E-003
   26.580000000000002       ,   -2.4767949369596028E-003  ,   -4.0531680846665440E-003
   26.600000000000001       ,   -1.8135557514012020E-003  ,   -3.3940281683836884E-003
   26.620000000000001       ,   -1.1546897685922033E-003  ,   -2.7452173810756683E-003
   26.640000000000001       ,   -5.0908604727676623E-004  ,   -2.1166608162126841E-003
   26.660000000000000       ,    1.1478186309872549E-004  ,   -1.5175303365668343E-003
   26.680000000000000       ,    7.0898998586896756E-004  ,   -9.5609455605470553E-004
   26.699999999999999       ,    1.2662851492546833E-003  ,   -4.3959091617121681E-004
   26.720000000000002       ,    1.7801913753087025E-003  ,    2.5877995650323313E-005
   26.740000000000002       ,    2.2450997468092021E-003  ,    4.3542229879996424E-004
   26.760000000000002       ,    2.6563404331914125E-003  ,    7.8541584167600626E-004
   26.780000000000001       ,    3.0102359357935724E-003  ,    1.0735199884824226E-003
   26.800000000000001       ,    3.3041350029499417E-003  ,    1.2986803610490262E-003
   26.820000000000000       ,    3.5364270585243746E-003  ,    1.4610973065284122E-003
   26.840000000000000       ,    3.7065373752337861E-003  ,    1.5621714149017844E-003
   26.859999999999999       ,    3.8149035986469312E-003  ,    1.6044259241131437E-003
   26.880000000000003       ,    3.8629345816110941E-003  ,    1.5914083145585700E-003
   26.900000000000002       ,    3.8529528151560453E-003  ,    1.5275737990518169E-003
   26.920000000000002       ,    3.7881220344656331E-003  ,    1.4181537511922804E-003
   26.940000000000001       ,    3.6723618319278312E-003  ,    1.2690123778199822E-003
   26.960000000000001       ,    3.5102513191378705E-003  ,    1.0864951252406738E-003
   26.980000000000000       ,    3.3069240425978351E-003  ,    8.7727241125979533E-004
   27.000000000000000       ,    3.0679564713540310E-003  ,    6.4818229476433422E-004
   27.020000000000000       ,    2.7992524376481555E-003  ,    4.0607563249890079E-004
   27.040000000000003       ,    2.5069259236461566E-003  ,    1.5766713148796953E-004
   27.060000000000002       ,    2.1971845493321527E-003  ,   -9.0604510296320392E-005
   27.080000000000002       ,    1.8762160306577257E-003  ,   -3.3270446686463567E-004
   27.100000000000001       ,    1.5500797459349104E-003  ,   -5.6311508806876527E-004
   27.120000000000001       ,    1.2246053760784337E-003  ,   -7.7693247942420848E-004
   27.140000000000001       ,    9.0530037527147248E-004  ,   -9.6994463295586408E-004
   27.160000000000000       ,    5.9726778825940313E-004  ,   -1.1386898557346611E-003
   27.180000000000000       ,    3.0513566467004085E-004  ,   -1.2804947346522324E-003
   27.199999999999999       ,    3.2999035807438883E-005  ,   -1.3934913764981154E-003
   27.220000000000002       ,   -2.1562487812354033E-004  ,   -1.4766141598769968E-003
   27.240000000000002       ,   -4.3782786570341451E-004  ,   -1.5295767184658770E-003
   27.260000000000002       ,   -6.3132826464197263E-004  ,   -1.5528303325725433E-003
   27.280000000000001       ,   -7.9447507746664887E-004  ,   -1.5475053276463350E-003
   27.300000000000001       ,   -9.2623917647462238E-004  ,   -1.5153374549893295E-003
   27.320000000000000       ,   -1.0261923735571938E-003  ,   -1.4585815532475379E-003
   27.340000000000000       ,   -1.0944753673827726E-003  ,   -1.3799150524830747E-003
   27.359999999999999       ,   -1.1317557878683685E-003  ,   -1.2823340803620113E-003
   27.380000000000003       ,   -1.1391777319982538E-003  ,   -1.1690450584401794E-003
   27.400000000000002       ,   -1.1183043228246436E-003  ,   -1.0433547335394761E-003
   27.420000000000002       ,   -1.0710549226911016E-003  ,   -9.0856157431220359E-004
   27.440000000000001       ,   -9.9963869110166652E-004  ,   -7.6785137750045543E-004
   27.460000000000001       ,   -9.0648619682390881E-004  ,   -6.2419977495123391E-004
   27.480000000000000       ,   -7.9418077331433337E-004  ,   -4.8028411554263285E-004
   27.500000000000000       ,   -6.6539124779588124E-004  ,   -3.3840692164269735E-004
   27.520000000000000       ,   -5.2280757955780206E-004  ,   -2.0043279468301173E-004
   27.540000000000003       ,   -3.6908081529741729E-004  ,   -6.7740277120668534E-005
   27.560000000000002       ,   -2.0676861228692008E-004  ,    5.8810222363295631E-005
   27.580000000000002       ,   -3.8287398124051773E-005  ,    1.7889175727577193E-004
   27.600000000000001       ,    1.3412796640655824E-004  ,    2.9270917883201386E-004
   27.620000000000001       ,    3.0845637212340081E-004  ,    4.0098067116161598E-004
   27.640000000000001       ,    4.8291407159428191E-004  ,    5.0490310977198893E-004
   27.660000000000000       ,    6.5596952341885639E-004  ,    6.0610227951384910E-004
   27.680000000000000       ,    8.2634950911906568E-004  ,    7.0656937290325145E-004
   27.699999999999999       ,    9.9303678402780740E-004  ,    8.0858553718814879E-004
   27.720000000000002       ,    1.1552597345724600E-003  ,    9.1463654091639710E-004
   27.740000000000002       ,    1.3124747086759557E-003  ,    1.0273198809885534E-003
   27.760000000000002       ,    1.4643418593234972E-003  ,    1.1492468435472458E-003
   27.780000000000001       ,    1.6106954899313989E-003  ,    1.2829421622368869E-003
   27.800000000000001       ,    1.7515100108821554E-003  ,    1.4307439825165958E-003
   27.820000000000000       ,    1.8868627070368863E-003  ,    1.5947068395124422E-003
   27.840000000000000       ,    2.0168945745434649E-003  ,    1.7765102896014841E-003
   27.859999999999999       ,    2.1417705109064082E-003  ,    1.9773757043217779E-003
   27.880000000000003       ,    2.2616401349672866E-003  ,    2.1979935425876476E-003
   27.900000000000002       ,    2.3766004738136649E-003  ,    2.4384631682584758E-003
   27.920000000000002       ,    2.4866616830978151E-003  ,    2.6982469808605860E-003
   27.940000000000001       ,    2.5917168679176136E-003  ,    2.9761402848426429E-003
   27.960000000000001       ,    2.6915169460689130E-003  ,    3.2702579452936510E-003
   27.980000000000000       ,    2.7856513474532442E-003  ,    3.5780384744883188E-003
   28.000000000000000       ,    2.8735351765856857E-003  ,    3.8962657734585354E-003
   28.020000000000000       ,    2.9544032837227501E-003  ,    4.2211083258884051E-003
   28.040000000000003       ,    3.0273114986872655E-003  ,    4.5481752179983336E-003
   28.060000000000002       ,    3.0911450847379111E-003  ,    4.8725879476240385E-003
   28.080000000000002       ,    3.1446342726475919E-003  ,    5.1890665979953971E-003
   28.100000000000001       ,    3.1863765423078877E-003  ,    5.4920285958106390E-003
   28.120000000000001       ,    3.2148651353169745E-003  ,    5.7756979573841561E-003
   28.140000000000001       ,    3.2285231115480825E-003  ,    6.0342226582700770E-003
   28.160000000000000       ,    3.2257421096871133E-003  ,    6.2617975470901470E-003
   28.180000000000000       ,    3.2049248397907348E-003  ,    6.4527900683374198E-003
   28.199999999999999       ,    3.1645302281600165E-003  ,    6.6018659653530936E-003
   28.220000000000002       ,    3.1031200537535416E-003  ,    6.7041121057149983E-003
   28.240000000000002       ,    3.0194058628700568E-003  ,    6.7551536076911334E-003
   28.260000000000002       ,    2.9122949260879222E-003  ,    6.7512625474629943E-003
   28.280000000000001       ,    2.7809340089807156E-003  ,    6.6894556903059638E-003
   28.300000000000001       ,    2.6247497656933967E-003  ,    6.5675789112054793E-003
   28.320000000000000       ,    2.4434846311641488E-003  ,    6.3843762465308485E-003
   28.340000000000000       ,    2.2372271820179316E-003  ,    6.1395418422155457E-003
   28.359999999999999       ,    2.0064360557094135E-003  ,    5.8337534281567511E-003
   28.380000000000003       ,    1.7519566595562898E-003  ,    5.4686863450969453E-003
   28.400000000000002       ,    1.4750300625456722E-003  ,    5.0470075702139447E-003
   28.420000000000002       ,    1.1772936394763966E-003  ,    4.5723496216270535E-003
   28.440000000000001       ,    8.6077322499226224E-004  ,    4.0492646603326847E-003
   28.460000000000001       ,    5.2786673002629873E-004  ,    3.4831595409162948E-003
   28.480000000000000       ,    1.8131937058635725E-004  ,    2.8802129801021991E-003
   28.500000000000000       ,   -1.7580914587750593E-004  ,    2.2472764054857833E-003
   28.520000000000000       ,   -5.4018494259811694E-004  ,    1.5917604068963966E-003
   28.540000000000003       ,   -9.0824709245363930E-004  ,    9.2150903176277485E-004
   28.560000000000002       ,   -1.2762606594493230E-003  ,    2.4466443652628708E-004
   28.580000000000002       ,   -1.6403746445467510E-003  ,   -4.3047537742140949E-004
   28.600000000000001       ,   -1.9966836959374582E-003  ,   -1.0956028573741166E-003
   28.620000000000001       ,   -2.3412923470759539E-003  ,   -1.7425482416682148E-003
   28.640000000000001       ,   -2.6703804761888605E-003  ,   -2.3634249394844740E-003
   28.660000000000000       ,   -2.9802686402015705E-003  ,   -2.9507699715595414E-003
   28.680000000000000       ,   -3.2674819250549702E-003  ,   -3.4976765943633419E-003
   28.699999999999999       ,   -3.5288109735226521E-003  ,   -3.9979163915086439E-003
   28.720000000000002       ,   -3.7613689005301771E-003  ,   -4.4460483358873468E-003
   28.740000000000002       ,   -3.9626428835787030E-003  ,   -4.8375125993926687E-003
   28.760000000000002       ,   -4.1305393205140562E-003  ,   -5.1687072080376676E-003
   28.780000000000001       ,   -4.2634215762820272E-003  ,   -5.4370460017277803E-003
   28.800000000000001       ,   -4.3601394916369446E-003  ,   -5.6409967519426259E-003
   28.820000000000000       ,   -4.4200499967076996E-003  ,   -5.7800987084711377E-003
   28.840000000000000       ,   -4.4430283571495173E-003  ,   -5.8549592789857493E-003
   28.859999999999999       ,   -4.4294697762499594E-003  ,   -5.8672299831888895E-003
   28.880000000000003       ,   -4.3802812785388029E-003  ,   -5.8195622569961513E-003
   28.900000000000002       ,   -4.2968640047152465E-003  ,   -5.7155441023314024E-003
   28.920000000000002       ,   -4.1810862495952564E-003  ,   -5.5596189755350413E-003
   28.940000000000001       ,   -4.0352477698535616E-003  ,   -5.3569886735900562E-003
   28.960000000000001       ,   -3.8620360723402095E-003  ,   -5.1135023045333575E-003
   28.980000000000000       ,   -3.6644755626520161E-003  ,   -4.8355337096106293E-003
   29.000000000000000       ,   -3.4458705837670188E-003  ,   -4.5298499340548489E-003
   29.020000000000000       ,   -3.2097435026325954E-003  ,   -4.2034735160866249E-003
   29.040000000000003       ,   -2.9597691058509817E-003  ,   -3.8635414763716703E-003
   29.060000000000002       ,   -2.6997066418176564E-003  ,   -3.5171639405815664E-003
   29.080000000000002       ,   -2.4333308941840550E-003  ,   -3.1712853151105573E-003
   29.100000000000001       ,   -2.1643636893527132E-003  ,   -2.8325508610133154E-003
   29.120000000000001       ,   -1.8964072285092876E-003  ,   -2.5071813758038219E-003
   29.140000000000001       ,   -1.6328805927606112E-003  ,   -2.2008585001769545E-003
   29.160000000000000       ,   -1.3769606992392999E-003  ,   -1.9186229214821161E-003
   29.180000000000000       ,   -1.1315288881370554E-003  ,   -1.6647874535262741E-003
   29.199999999999999       ,   -8.9912419770805387E-004  ,   -1.4428666396359530E-003
   29.220000000000002       ,   -6.8190423906343744E-004  ,   -1.2555241603346696E-003
   29.240000000000002       ,   -4.8161441824574446E-004  ,   -1.1045389366362316E-003
   29.260000000000002       ,   -2.9956607323651307E-004  ,   -9.9079041345026889E-004
   29.280000000000001       ,   -1.3662390214006241E-004  ,   -9.1426309387877846E-004
   29.300000000000001       ,    6.7971400202788555E-006  ,   -8.7406998328142264E-004
   29.320000000000000       ,    1.3072550033693293E-004  ,   -8.6849420084094179E-004
   29.340000000000000       ,    2.3561746790208923E-004  ,   -8.9504763460426632E-004
   29.359999999999999       ,    3.2233281448979320E-004  ,   -9.5054516176741209E-004
   29.380000000000003       ,    3.9210224106505688E-004  ,   -1.0311926368090191E-003
   29.400000000000002       ,    4.4648740641047686E-004  ,   -1.1326865726350146E-003
   29.420000000000002       ,    4.8733446793535785E-004  ,   -1.2503232098910336E-003
   29.440000000000001       ,    5.1672219775318845E-004  ,   -1.3791144916630628E-003
   29.460000000000001       ,    5.3690584657708248E-004  ,   -1.5139083383811556E-003
   29.480000000000000       ,    5.5025801159578475E-004  ,   -1.6495105530805988E-003
   29.500000000000000       ,    5.5920782055785510E-004  ,   -1.7808056811925437E-003
   29.520000000000000       ,    5.6617977168607191E-004  ,   -1.9028742013702058E-003
   29.540000000000003       ,    5.7353356729870572E-004  ,   -2.0111035328670506E-003
   29.560000000000002       ,    5.8350624829280626E-004  ,   -2.1012905077993503E-003
   29.580000000000002       ,    5.9815787772072378E-004  ,   -2.1697331692161074E-003
   29.600000000000001       ,    6.1932193599121914E-004  ,   -2.2133100131704908E-003
   29.620000000000001       ,    6.4856147970923617E-004  ,   -2.2295450889069394E-003
   29.640000000000001       ,    6.8713198336465349E-004  ,   -2.2166576990078355E-003
   29.660000000000000       ,    7.3595163098134084E-004  ,   -2.1735957934058041E-003
   29.680000000000000       ,    7.9557965683527577E-004  ,   -2.1000525196063465E-003
   29.699999999999999       ,    8.6620315419985033E-004  ,   -1.9964657680330033E-003
   29.720000000000002       ,    9.4763258274604880E-004  ,   -1.8640009277438635E-003
   29.740000000000002       ,    1.0393060128848143E-003  ,   -1.7045174355915327E-003
   29.760000000000002       ,    1.1403019531952047E-003  ,   -1.5205200531823227E-003
   29.780000000000001       ,    1.2493604193515413E-003  ,   -1.3150961331455445E-003
   29.800000000000001       ,    1.3649117237199899E-003  ,   -1.0918404322540407E-003
   29.820000000000000       ,    1.4851122979413656E-003  ,   -8.5476928760081601E-004
   29.840000000000000       ,    1.6078867099391396E-003  ,   -6.0822618796768201E-004
   29.859999999999999       ,    1.7309749051342474E-003  ,   -3.5678094134871410E-004
   29.880000000000003       ,    1.8519835920104749E-003  ,   -1.0512475802293021E-004
   29.900000000000002       ,    1.9684406068582504E-003  ,    1.4203636553901942E-004
   29.920000000000002       ,    2.0778510333046125E-003  ,    3.8008756426492188E-004
   29.940000000000001       ,    2.1777538202864904E-003  ,    6.0460796678483085E-004
   29.960000000000001       ,    2.2657776380316428E-003  ,    8.1146823841700096E-004
