 Q (1/Ang),Zr-Zr,Zr-O ,O-O  
   0.50000 ,    -0.356848595119062E+01 ,    -0.226936920954357E+00 ,    -0.889415427727040E+00 , 
   0.52000 ,    -0.366208795909067E+01 ,    -0.229613677021813E+00 ,    -0.780776691665563E+00 , 
   0.54000 ,    -0.373564979471001E+01 ,    -0.226490806730315E+00 ,    -0.694281343835434E+00 , 
   0.56000 ,    -0.378909657365380E+01 ,    -0.217810740402560E+00 ,    -0.630023273812237E+00 , 
   0.58000 ,    -0.382264267222238E+01 ,    -0.203914049688584E+00 ,    -0.587773674786184E+00 , 
   0.60000 ,    -0.383678314119301E+01 ,    -0.185232965118102E+00 ,    -0.566990347038491E+00 , 
   0.62000 ,    -0.383228098471702E+01 ,    -0.162283252675503E+00 ,    -0.566831688470862E+00 , 
   0.64000 ,    -0.381015054914738E+01 ,    -0.135654584351596E+00 ,    -0.586175114222678E+00 , 
   0.66000 ,    -0.377163732481259E+01 ,    -0.105999564358005E+00 ,    -0.623639579078050E+00 , 
   0.68000 ,    -0.371819451637437E+01 ,    -0.740215968525288E-01 ,    -0.677611813530128E+00 , 
   0.70000 ,    -0.365145678364794E+01 ,    -0.404618021951978E-01 ,    -0.746275828020870E+00 , 
   0.72000 ,    -0.357321159394248E+01 ,    -0.608520655991705E-02 ,    -0.827645190892521E+00 , 
   0.74000 ,    -0.348536865854252E+01 ,     0.283335561565334E-01 ,    -0.919597544732129E+00 , 
   0.76000 ,    -0.338992794948158E+01 ,     0.620247810214945E-01 ,    -0.101991079368958E+01 , 
   0.78000 ,    -0.328894680798405E+01 ,     0.942382122301675E-01 ,    -0.112630037148718E+01 , 
   0.80000 ,    -0.318450666273960E+01 ,     0.124257289899461E+00 ,    -0.123645698654715E+01 , 
   0.82000 ,    -0.307867987454539E+01 ,     0.151412869266409E+00 ,    -0.134808423712169E+01 , 
   0.84000 ,    -0.297349721396208E+01 ,     0.175096165026950E+00 ,    -0.145893549553672E+01 , 
   0.86000 ,    -0.287091646078051E+01 ,     0.194770684771955E+00 ,    -0.156684947651698E+01 , 
   0.88000 ,    -0.277279258871417E+01 ,     0.209982930807114E+00 ,    -0.166978392975340E+01 , 
   0.90000 ,    -0.268084996636934E+01 ,     0.220371668860083E+00 ,    -0.176584693095812E+01 , 
   0.92000 ,    -0.259665696685960E+01 ,     0.225675584995609E+00 ,    -0.185332528804174E+01 , 
   0.94000 ,    -0.252160333417994E+01 ,     0.225739178126910E+00 ,    -0.193070962902150E+01 , 
   0.96000 ,    -0.245688060547618E+01 ,     0.220516764423179E+00 ,    -0.199671579498697E+01 , 
   0.98000 ,    -0.240346583553899E+01 ,     0.210074501210956E+00 ,    -0.205030222396426E+01 , 
   1.00000 ,    -0.236210881416923E+01 ,     0.194590371149736E+00 ,    -0.209068307879230E+01 , 
   1.02000 ,    -0.233332290948288E+01 ,     0.174352101992310E+00 ,    -0.211733694304271E+01 , 
   1.04000 ,    -0.231737961174151E+01 ,     0.149753032552700E+00 ,    -0.213001098241077E+01 , 
   1.06000 ,    -0.231430679389549E+01 ,     0.121285971015870E+00 ,    -0.212872054367424E+01 , 
   1.08000 ,    -0.232389064767509E+01 ,     0.895351268411199E-01 ,    -0.211374423803912E+01 , 
   1.10000 ,    -0.234568119868308E+01 ,     0.551662316433773E-01 ,    -0.208561462924903E+01 , 
   1.12000 ,    -0.237900125140139E+01 ,     0.189149970020815E-01 ,    -0.204510471803493E+01 , 
   1.14000 ,    -0.242295856611939E+01 ,    -0.184259124151795E-01 ,    -0.199321048217169E+01 , 
   1.16000 ,    -0.247646102524330E+01 ,    -0.560211842493145E-01 ,    -0.193112979449981E+01 , 
   1.18000 ,    -0.253823450687320E+01 ,    -0.930082115764182E-01 ,    -0.186023809875305E+01 , 
   1.20000 ,    -0.260684314946108E+01 ,    -0.128513241947211E+00 ,    -0.178206127399126E+01 , 
   1.22000 ,    -0.268071166319812E+01 ,    -0.161668053483426E+00 ,    -0.169824616206834E+01 , 
   1.24000 ,    -0.275814932182207E+01 ,    -0.191626876453964E+00 ,    -0.161052926818576E+01 , 
   1.26000 ,    -0.283737525296596E+01 ,    -0.217583270609219E+00 ,    -0.152070417164587E+01 , 
   1.28000 ,    -0.291654463605125E+01 ,    -0.238786665171575E+00 ,    -0.143058820202035E+01 , 
   1.30000 ,    -0.299377541401439E+01 ,    -0.254558269873134E+00 ,    -0.134198894483235E+01 , 
   1.32000 ,    -0.306717512868154E+01 ,    -0.264306071828467E+00 ,    -0.125667114041070E+01 , 
   1.34000 ,    -0.313486749911017E+01 ,    -0.267538644279171E+00 ,    -0.117632452986240E+01 , 
   1.36000 ,    -0.319501837733459E+01 ,    -0.263877509216178E+00 ,    -0.110253318332576E+01 , 
   1.38000 ,    -0.324586073623836E+01 ,    -0.253067816363043E+00 ,    -0.103674681816246E+01 , 
   1.40000 ,    -0.328571836920497E+01 ,    -0.234987125699688E+00 ,    -0.980254579014328E+00 , 
   1.42000 ,    -0.331302801018149E+01 ,    -0.209652109259199E+00 ,    -0.934161708316108E+00 , 
   1.44000 ,    -0.332635961518954E+01 ,    -0.177223019910184E+00 ,    -0.899369485667533E+00 , 
   1.46000 ,    -0.332443458145743E+01 ,    -0.138005809752465E+00 ,    -0.876558758285027E+00 , 
   1.48000 ,    -0.330614171752925E+01 ,    -0.924518180591043E-01 ,    -0.866177323529806E+00 , 
   1.50000 ,    -0.327055081622172E+01 ,    -0.411549878022110E-01 ,    -0.868431359277840E+00 , 
   1.52000 ,    -0.321692372144611E+01 ,     0.151533899230159E-01 ,    -0.883281029753072E+00 , 
   1.54000 ,    -0.314472281900469E+01 ,     0.756123634652621E-01 ,    -0.910440324527176E+00 , 
   1.56000 ,    -0.305361691985528E+01 ,     0.139241359416434E+00 ,    -0.949381117859798E+00 , 
   1.58000 ,    -0.294348454140117E+01 ,     0.204952452058487E+00 ,    -0.999341365580348E+00 , 
   1.60000 ,    -0.281441462754747E+01 ,     0.271564704534100E+00 ,    -0.105933728845027E+01 , 
   1.62000 ,    -0.266670478107007E+01 ,     0.337820386614695E+00 ,    -0.112817932551282E+01 , 
   1.64000 ,    -0.250085711184078E+01 ,     0.402402840491829E+00 ,    -0.120449157940482E+01 , 
   1.66000 ,    -0.231757183128591E+01 ,     0.463955735906172E+00 ,    -0.128673441897001E+01 , 
   1.68000 ,    -0.211773874684905E+01 ,     0.521103429682768E+00 ,    -0.137322985368993E+01 , 
   1.70000 ,    -0.190242682998528E+01 ,     0.572472122834398E+00 ,    -0.146218925024851E+01 , 
   1.72000 ,    -0.167287204721795E+01 ,     0.616711491231255E+00 ,    -0.155174292466920E+01 , 
   1.74000 ,    -0.143046365600442E+01 ,     0.652516453745591E+00 ,    -0.163997111448302E+01 , 
   1.76000 ,    -0.117672917562447E+01 ,     0.678648735013846E+00 ,    -0.172493581474223E+01 , 
   1.78000 ,    -0.913318248136357E+00 ,     0.693957878680431E+00 ,    -0.180471294968723E+01 , 
   1.80000 ,    -0.641985605820170E+00 ,     0.697401371271400E+00 ,    -0.187742434865771E+01 , 
   1.82000 ,    -0.364573359682685E+00 ,     0.688063546676658E+00 ,    -0.194126900042132E+01 , 
   1.84000 ,    -0.829928188212600E-01 ,     0.665172956487713E+00 ,    -0.199455307433445E+01 , 
   1.86000 ,     0.200793956934466E+00 ,     0.628117911945744E+00 ,    -0.203571821936803E+01 , 
   1.88000 ,     0.484792678303539E+00 ,     0.576459928714315E+00 ,    -0.206336768260685E+01 , 
   1.90000 ,     0.766995240434014E+00 ,     0.509944835731495E+00 ,    -0.207628982681093E+01 , 
   1.92000 ,     0.104539786099779E+01 ,     0.428511343566752E+00 ,    -0.207347867134336E+01 , 
   1.94000 ,     0.131801878811880E+01 ,     0.332296905487183E+00 ,    -0.205415113143772E+01 , 
   1.96000 ,     0.158291543843468E+01 ,     0.221640745239043E+00 ,    -0.201776068652699E+01 , 
   1.98000 ,     0.183820084057862E+01 ,     0.970839687341813E-01 ,    -0.196400726822753E+01 , 
   2.00000 ,     0.208205927431586E+01 ,    -0.406332782881197E-01 ,    -0.189284322154886E+01 , 
   2.02000 ,     0.231276101016521E+01 ,    -0.190577598693041E+00 ,    -0.180447525791726E+01 , 
   2.04000 ,     0.252867606830732E+01 ,    -0.351631024444349E+00 ,    -0.169936238456529E+01 , 
   2.06000 ,     0.272828692870167E+01 ,    -0.522502489537047E+00 ,    -0.157820986064929E+01 , 
   2.08000 ,     0.291020013642124E+01 ,    -0.701741951406359E+00 ,    -0.144195929501754E+01 , 
   2.10000 ,     0.307315675714227E+01 ,    -0.887756974495779E+00 ,    -0.129177506279989E+01 , 
   2.12000 ,     0.321604164741687E+01 ,    -0.107883154999698E+01 ,    -0.112902727690221E+01 , 
   2.14000 ,     0.333789151278527E+01 ,    -0.127314688945136E+01 ,    -0.955271605110375E+00 , 
   2.16000 ,     0.343790173397492E+01 ,    -0.146880389753755E+01 ,    -0.772226272956632E+00 , 
   2.18000 ,     0.351543194745794E+01 ,    -0.166384700150994E+01 ,    -0.581746635989574E+00 , 
   2.20000 ,     0.357001037160747E+01 ,    -0.185628899187795E+01 ,    -0.385797741934752E+00 , 
   2.22000 ,     0.360133687375896E+01 ,    -0.204413651142140E+01 ,    -0.186425332870024E+00 , 
   2.24000 ,     0.360928477682165E+01 ,    -0.222541581783557E+01 ,     0.142742404736314E-01 , 
   2.26000 ,     0.359390140690384E+01 ,    -0.239819843940769E+01 ,     0.214184706147477E+00 , 
   2.28000 ,     0.355540738592864E+01 ,    -0.256062634326657E+01 ,     0.411200668124698E+00 , 
   2.30000 ,     0.349419467565276E+01 ,    -0.271093624194045E+01 ,     0.603258023386306E+00 , 
   2.32000 ,     0.341082338208191E+01 ,    -0.284748267612782E+01 ,     0.788363519535828E+00 , 
   2.34000 ,     0.330601733222022E+01 ,    -0.296875952955300E+01 ,     0.964622991692662E+00 , 
   2.36000 ,     0.318065843859501E+01 ,    -0.307341965526977E+01 ,     0.113026784304195E+01 , 
   2.38000 ,     0.303577987123781E+01 ,    -0.316029232142502E+01 ,     0.128367936601375E+01 , 
   2.40000 ,     0.287255806192108E+01 ,    -0.322839821784571E+01 ,     0.142341054002313E+01 , 
   2.42000 ,     0.269230357155501E+01 ,    -0.327696180233445E+01 ,     0.154820498631469E+01 , 
   2.44000 ,     0.249645085880528E+01 ,    -0.330542080664686E+01 ,     0.165701280992451E+01 , 
   2.46000 ,     0.228654699622213E+01 ,    -0.331343276611171E+01 ,     0.174900311222276E+01 , 
   2.48000 ,     0.206423938944612E+01 ,    -0.330087848302963E+01 ,     0.182357301399880E+01 , 
   2.50000 ,     0.183126256530165E+01 ,    -0.326786238159240E+01 ,     0.188035308761864E+01 , 
   2.52000 ,     0.158942410568300E+01 ,    -0.321470976032623E+01 ,     0.191920915641692E+01 , 
   2.54000 ,     0.134058981590849E+01 ,    -0.314196099618703E+01 ,     0.194024047916807E+01 , 
   2.56000 ,     0.108666822845541E+01 ,    -0.305036280163381E+01 ,     0.194377439620815E+01 , 
   2.58000 ,     0.829594555438002E+00 ,    -0.294085668150378E+01 ,     0.193035757056823E+01 , 
   2.60000 ,     0.571314215569895E+00 ,    -0.281456477956047E+01 ,     0.190074401139474E+01 , 
   2.62000 ,     0.313766073347950E+00 ,    -0.267277334447828E+01 ,     0.185588011708955E+01 , 
   2.64000 ,     0.588655394765448E-01 ,    -0.251691408110770E+01 ,     0.179688702119506E+01 , 
   2.66000 ,    -0.191512308221610E+00 ,    -0.234854368454411E+01 ,     0.172504056435520E+01 , 
   2.68000 ,    -0.435549415333628E+00 ,    -0.216932188128286E+01 ,     0.164174925007552E+01 , 
   2.70000 ,    -0.671501077654938E+00 ,    -0.198098832314901E+01 ,     0.154853056996960E+01 , 
   2.72000 ,    -0.897711724049141E+00 ,    -0.178533869539773E+01 ,     0.144698610531072E+01 , 
   2.74000 ,    -0.111262997246704E+01 ,    -0.158420041014370E+01 ,     0.133877582572982E+01 , 
   2.76000 ,    -0.131482277613508E+01 ,    -0.137940825994571E+01 ,     0.122559201265611E+01 , 
   2.78000 ,    -0.150298847965720E+01 ,    -0.117278040390375E+01 ,     0.110913323455983E+01 , 
   2.80000 ,    -0.167596861049335E+01 ,    -0.966095050078480E+00 ,     0.991078793325120E+00 , 
   2.82000 ,    -0.183275824009140E+01 ,    -0.761068183579613E+00 ,     0.873064046376652E+00 , 
   2.84000 ,    -0.197251476089997E+01 ,    -0.559332669554102E+00 ,     0.756656987848543E+00 , 
   2.86000 ,    -0.209456494055812E+01 ,    -0.362419034894188E+00 ,     0.643336444567562E+00 , 
   2.88000 ,    -0.219841013265064E+01 ,    -0.171738202227823E+00 ,     0.534472209481270E+00 , 
   2.90000 ,    -0.228372954437514E+01 ,     0.114335848210386E-01 ,     0.431307397039394E+00 , 
   2.92000 ,    -0.235038148505613E+01 ,     0.185967444405531E+00 ,     0.334943262659622E+00 , 
   2.94000 ,    -0.239840254536423E+01 ,     0.350891987907865E+00 ,     0.246326682567754E+00 , 
   2.96000 ,    -0.242800468499125E+01 ,     0.505400784395124E+00 ,     0.166240441839216E+00 , 
   2.98000 ,    -0.243957023597335E+01 ,     0.648857087667634E+00 ,     0.952964282624696E-01 , 
   3.00000 ,    -0.243364485937208E+01 ,     0.780795801559373E+00 ,     0.339317785933505E-01 , 
   3.02000 ,    -0.241092852409894E+01 ,     0.900922705238261E+00 ,    -0.175920272251504E-01 , 
   3.04000 ,    -0.237226460775556E+01 ,     0.100911100557329E+01 ,    -0.591871783502906E-01 , 
   3.06000 ,    -0.231862724988303E+01 ,     0.110539532741438E+01 ,    -0.909347545443454E-01 , 
   3.08000 ,    -0.225110711738664E+01 ,     0.118996329412793E+01 ,    -0.113077305215104E+00 , 
   3.10000 ,    -0.217089576954134E+01 ,     0.126314488924658E+01 ,    -0.126008976526777E+00 , 
   3.12000 ,    -0.207926883531585E+01 ,     0.132539982498092E+01 ,    -0.130263415247630E+00 , 
   3.14000 ,    -0.197756823823290E+01 ,     0.137730317402401E+01 ,    -0.126499711436605E+00 , 
   3.16000 ,    -0.186718372309935E+01 ,     0.141952954705234E+01 ,    -0.115486670291901E+00 , 
   3.18000 ,    -0.174953395423230E+01 ,     0.145283611916950E+01 ,    -0.980857260704982E-01 , 
   3.20000 ,    -0.162604746587501E+01 ,     0.147804482392319E+01 ,    -0.752328276259266E-01 , 
   3.22000 ,    -0.149814375200928E+01 ,     0.149602404321959E+01 ,    -0.479196355998485E-01 , 
   3.24000 ,    -0.136721478447768E+01 ,     0.150767012533187E+01 ,    -0.171743755524527E-01 , 
   3.26000 ,    -0.123460724506506E+01 ,     0.151388906122293E+01 ,     0.159573106479621E-01 , 
   3.28000 ,    -0.110160574888206E+01 ,     0.151557864165104E+01 ,     0.504311808980343E-01 , 
   3.30000 ,    -0.969417323067710E+00 ,     0.151361140417819E+01 ,     0.852225559915217E-01 , 
   3.32000 ,    -0.839157386606830E+00 ,     0.150881866052755E+01 ,     0.119343528767116E+00 , 
   3.34000 ,    -0.711837454161491E+00 ,     0.150197587110690E+01 ,     0.151858942631189E+00 , 
   3.36000 ,    -0.588354759562487E+00 ,     0.149378960538173E+01 ,     0.181900891732204E+00 , 
   3.38000 ,    -0.469483963406679E+00 ,     0.148488629467557E+01 ,     0.208681527892047E+00 , 
   3.40000 ,    -0.355871074556097E+00 ,     0.147580294849620E+01 ,     0.231503995472388E+00 , 
   3.42000 ,    -0.248029677810520E+00 ,     0.146697996728885E+01 ,     0.249771353954261E+00 , 
   3.44000 ,    -0.146339520270799E+00 ,     0.145875614430555E+01 ,     0.262993388382611E+00 , 
   3.46000 ,    -0.510474676275757E-01 ,     0.145136590778399E+01 ,     0.270791249198750E+00 , 
   3.48000 ,     0.377292004545631E-01 ,     0.144493881260711E+01 ,     0.272899904568852E+00 , 
   3.50000 ,     0.119997228756720E+00 ,     0.143950124882152E+01 ,     0.269168429339211E+00 , 
   3.52000 ,     0.195879672909394E+00 ,     0.143498029358376E+01 ,     0.259558194453707E+00 , 
   3.54000 ,     0.265606187660004E+00 ,     0.143120959400588E+01 ,     0.244139058335450E+00 , 
   3.56000 ,     0.329501508224046E+00 ,     0.142793713168452E+01 ,     0.223083696690944E+00 , 
   3.58000 ,     0.387972350173766E+00 ,     0.142483468606723E+01 ,     0.196660238829254E+00 , 
   3.60000 ,     0.441492983746500E+00 ,     0.142150878383039E+01 ,     0.165223406359593E+00 , 
   3.62000 ,     0.490589764439006E+00 ,     0.141751289563473E+01 ,     0.129204373577743E+00 , 
   3.64000 ,     0.535824922731176E+00 ,     0.141236062043338E+01 ,     0.890995876019040E-01 , 
   3.66000 ,     0.577779931277561E+00 ,     0.140553958129265E+01 ,     0.454588000934949E-01 , 
   3.68000 ,     0.617038777541802E+00 ,     0.139652574571348E+01 ,    -0.112742898248450E-02 , 
   3.70000 ,     0.654171473359421E+00 ,     0.138479787788439E+01 ,    -0.500404917191623E-01 , 
   3.72000 ,     0.689718130145347E+00 ,     0.136985183022507E+01 ,    -0.100646494743624E+00 , 
   3.74000 ,     0.724173919381484E+00 ,     0.135121438696648E+01 ,    -0.152308768722433E+00 , 
   3.76000 ,     0.757975222716239E+00 ,     0.132845638322978E+01 ,    -0.204399881612071E+00 , 
   3.78000 ,     0.791487254695453E+00 ,     0.130120483888997E+01 ,    -0.256312928737011E+00 , 
   3.80000 ,     0.824993414155728E+00 ,     0.126915386712249E+01 ,    -0.307471893321267E+00 , 
   3.82000 ,     0.858686588096320E+00 ,     0.123207414253173E+01 ,    -0.357340895349643E+00 , 
   3.84000 ,     0.892662594962683E+00 ,     0.118982074266659E+01 ,    -0.405432174058455E+00 , 
   3.86000 ,     0.926915913380293E+00 ,     0.114233920899006E+01 ,    -0.451312679362684E+00 , 
   3.88000 ,     0.961337798217105E+00 ,     0.108966970837675E+01 ,    -0.494609179484786E+00 , 
   3.90000 ,     0.995716839245506E+00 ,     0.103194921330657E+01 ,    -0.535011825296362E+00 , 
   3.92000 ,     0.102974196949839E+01 ,     0.969411657409567E+00 ,    -0.572276145736923E+00 , 
   3.94000 ,     0.106300788158920E+01 ,     0.902386062179638E+00 ,    -0.606223482448998E+00 , 
   3.96000 ,     0.109502276173810E+01 ,     0.831292669785988E+00 ,    -0.636739904790237E+00 , 
   3.98000 ,     0.112521820396652E+01 ,     0.756637155246173E+00 ,    -0.663773677997100E+00 , 
   4.00000 ,     0.115296112183097E+01 ,     0.679003028077035E+00 ,    -0.687331386862731E+00 , 
   4.02000 ,     0.117756743306953E+01 ,     0.599042368230419E+00 ,    -0.707472844280968E+00 , 
   4.04000 ,     0.119831725449256E+01 ,     0.517465073013696E+00 ,    -0.724304937884310E+00 , 
   4.06000 ,     0.121447131115002E+01 ,     0.435026820207088E+00 ,    -0.737974588317725E+00 , 
   4.08000 ,     0.122528823596305E+01 ,     0.352515977201142E+00 ,    -0.748661009069290E+00 , 
   4.10000 ,     0.123004241422147E+01 ,     0.270739706241958E+00 ,    -0.756567469931627E+00 , 
   4.12000 ,     0.122804201212204E+01 ,     0.190509531423392E+00 ,    -0.761912773890429E+00 , 
   4.14000 ,     0.121864682022499E+01 ,     0.112626643626287E+00 ,    -0.764922660414120E+00 , 
   4.16000 ,     0.120128554158209E+01 ,     0.378672249891595E-01 ,    -0.765821346729649E+00 , 
   4.18000 ,     0.117547216043985E+01 ,    -0.330319253874213E-01 ,    -0.764823412783099E+00 , 
   4.20000 ,     0.114082104080867E+01 ,    -0.993871879428569E-01 ,    -0.762126225359555E+00 , 
   4.22000 ,     0.109706042462980E+01 ,    -0.160581075104191E+00 ,    -0.757903082519717E+00 , 
   4.24000 ,     0.104404402644546E+01 ,    -0.216074088677025E+00 ,    -0.752297241427100E+00 , 
   4.26000 ,     0.981760454924101E+00 ,    -0.265415251106694E+00 ,    -0.745416971188716E+00 , 
   4.28000 ,     0.910340230726268E+00 ,    -0.308251103763983E+00 ,    -0.737331747979375E+00 , 
   4.30000 ,     0.830060214310934E+00 ,    -0.344332993483498E+00 ,    -0.728069682985396E+00 , 
   4.32000 ,     0.741345305568334E+00 ,    -0.373522499982253E+00 ,    -0.717616245154329E+00 , 
   4.34000 ,     0.644767328721075E+00 ,    -0.395794890930296E+00 ,    -0.705914310972580E+00 , 
   4.36000 ,     0.541041069786936E+00 ,    -0.411240527704273E+00 ,    -0.692865543134602E+00 , 
   4.38000 ,     0.431017489014149E+00 ,    -0.420064182561176E+00 ,    -0.678333069646285E+00 , 
   4.40000 ,     0.315674186018556E+00 ,    -0.422582266430218E+00 ,    -0.662145405249050E+00 , 
   4.42000 ,     0.196103249791995E+00 ,    -0.419218005030483E+00 ,    -0.644101528672090E+00 , 
   4.44000 ,     0.734966782401675E-01 ,    -0.410494638875567E+00 ,    -0.623977002702174E+00 , 
   4.46000 ,    -0.508703985992968E-01 ,    -0.397026759231984E+00 ,    -0.601530999948682E+00 , 
   4.48000 ,    -0.175658412007765E+00 ,    -0.379509926589502E+00 ,    -0.576514075970884E+00 , 
   4.50000 ,    -0.299483644474392E+00 ,    -0.358708750050483E+00 ,    -0.548676513560415E+00 , 
   4.52000 ,    -0.420939760970321E+00 ,    -0.335443634672735E+00 ,    -0.517777047801651E+00 , 
   4.54000 ,    -0.538620198227875E+00 ,    -0.310576428686797E+00 ,    -0.483591771358425E+00 , 
   4.56000 ,    -0.651141007423123E+00 ,    -0.284995223203538E+00 ,    -0.445923013468383E+00 , 
   4.58000 ,    -0.757163732025733E+00 ,    -0.259598573157933E+00 ,    -0.404607984492700E+00 , 
   4.60000 ,    -0.855417896866723E+00 ,    -0.235279419509970E+00 ,    -0.359526980608241E+00 , 
   4.62000 ,    -0.944722686867029E+00 ,    -0.212908998942467E+00 ,    -0.310610950292681E+00 , 
   4.64000 ,    -0.102400740439213E+01 ,    -0.193321028349086E+00 ,    -0.257848235505538E+00 , 
   4.66000 ,    -0.109233031271814E+01 ,    -0.177296447278464E+00 ,    -0.201290315690320E+00 , 
   4.68000 ,    -0.114889549932211E+01 ,    -0.165548992270783E+00 ,    -0.141056401616010E+00 , 
   4.70000 ,    -0.119306742619912E+01 ,    -0.158711862861925E+00 ,    -0.773367482683655E-01 , 
   4.72000 ,    -0.122438287457386E+01 ,    -0.157325720196979E+00 ,    -0.103945810538610E-01 , 
   4.74000 ,    -0.124256003748754E+01 ,    -0.161828236033099E+00 ,     0.594334430032849E-01 , 
   4.76000 ,    -0.124750456495944E+01 ,    -0.172545382842005E+00 ,     0.131738288151702E+00 , 
   4.78000 ,    -0.123931242179139E+01 ,    -0.189684625235753E+00 ,     0.206041125491088E+00 , 
   4.80000 ,    -0.121826947656481E+01 ,    -0.213330139586466E+00 ,     0.281797438721994E+00 , 
   4.82000 ,    -0.118484780086490E+01 ,    -0.243440153093284E+00 ,     0.358402606417906E+00 , 
   4.84000 ,    -0.113969871910012E+01 ,    -0.279846456308476E+00 ,     0.435198886641363E+00 , 
   4.86000 ,    -0.108364271028917E+01 ,    -0.322256104938173E+00 ,     0.511483700409977E+00 , 
   4.88000 ,    -0.101765632268033E+01 ,    -0.370255288265417E+00 ,     0.586519083003322E+00 , 
   4.90000 ,    -0.942856318892608E+00 ,    -0.423315303491470E+00 ,     0.659542146939655E+00 , 
   4.92000 ,    -0.860481322309775E+00 ,    -0.480800538333538E+00 ,     0.729776378150704E+00 , 
   4.94000 ,    -0.771871283671835E+00 ,    -0.541978329009360E+00 ,     0.796443567895284E+00 , 
   4.96000 ,    -0.678445129234658E+00 ,    -0.606030527905287E+00 ,     0.858776167667949E+00 , 
   4.98000 ,    -0.581676987657438E+00 ,    -0.672066585342818E+00 ,     0.916029843093861E+00 , 
   5.00000 ,    -0.483071421202860E+00 ,    -0.739137923454013E+00 ,     0.967495995795868E+00 , 
   5.02000 ,    -0.384138107310880E+00 ,    -0.806253357708530E+00 ,     0.101251401963124E+01 , 
   5.04000 ,    -0.286366428699156E+00 ,    -0.872395303493994E+00 ,     0.105048305959618E+01 , 
   5.06000 ,    -0.191200433579648E+00 ,    -0.936536491645905E+00 ,     0.108087304807023E+01 , 
   5.08000 ,    -0.100014622255971E+00 ,    -0.997656908180891E+00 ,     0.110323480381920E+01 , 
   5.10000 ,    -0.140910023462157E-01 ,    -0.105476066984545E+01 ,     0.111720899410689E+01 , 
   5.12000 ,     0.654021676046022E-01 ,    -0.110689254850181E+01 ,     0.112253377911589E+01 , 
   5.14000 ,     0.137429556896744E+00 ,    -0.115315386379102E+01 ,     0.111905098030161E+01 , 
   5.16000 ,     0.201105512643421E+00 ,    -0.119271747481193E+01 ,     0.110671063988887E+01 , 
   5.18000 ,     0.255708074570316E+00 ,    -0.122484161751658E+01 ,     0.108557386699154E+01 , 
   5.20000 ,     0.300689999053063E+00 ,    -0.124888235484899E+01 ,     0.105581389626610E+01 , 
   5.22000 ,     0.335686592550388E+00 ,    -0.126430443097271E+01 ,     0.101771531702993E+01 , 
   5.24000 ,     0.360520214259246E+00 ,    -0.127069034879648E+01 ,     0.971671463783415E+00 , 
   5.26000 ,     0.375201370261070E+00 ,    -0.126774752091499E+01 ,     0.918179992451354E+00 , 
   5.28000 ,     0.379926385443273E+00 ,    -0.125531337747462E+01 ,     0.857836699774412E+00 , 
   5.30000 ,     0.375071703832480E+00 ,    -0.123335834975664E+01 ,     0.791327675510507E+00 , 
   5.32000 ,     0.361184931420104E+00 ,    -0.120198668481315E+01 ,     0.719419907841092E+00 , 
   5.34000 ,     0.338972796866506E+00 ,    -0.116143508364749E+01 ,     0.642950491035983E+00 , 
   5.36000 ,     0.309286263445786E+00 ,    -0.111206919254755E+01 ,     0.562814610471278E+00 , 
   5.38000 ,     0.273103079110592E+00 ,    -0.105437801360504E+01 ,     0.479952503023523E+00 , 
   5.40000 ,     0.231508099572011E+00 ,    -0.988966335554465E+00 ,     0.395335610245506E+00 , 
   5.42000 ,     0.185671760866144E+00 ,    -0.916545319233571E+00 ,     0.309952157195435E+00 , 
   5.44000 ,     0.136827112204438E+00 ,    -0.837921402633894E+00 ,     0.224792401048260E+00 , 
   5.46000 ,     0.862458463076136E-01 ,    -0.753983718153874E+00 ,     0.140833800448440E+00 , 
   5.48000 ,     0.352137823872760E-01 ,    -0.665690238823059E+00 ,     0.590263588364528E-01 , 
   5.50000 ,    -0.149937338862818E-01 ,    -0.574052890533803E+00 ,    -0.197216073510345E-01 , 
   5.52000 ,    -0.631360488848977E-01 ,    -0.480121883368079E+00 ,    -0.945570316046603E-01 , 
   5.54000 ,    -0.108030582210299E+00 ,    -0.384969526688701E+00 ,    -0.164694758724736E+00 , 
   5.56000 ,    -0.148574932345394E+00 ,    -0.289673799605727E+00 ,    -0.229429087566915E+00 , 
   5.58000 ,    -0.183767294550902E+00 ,    -0.195301950640888E+00 ,    -0.288143997569732E+00 , 
   5.60000 ,    -0.212724812725596E+00 ,    -0.102894397892380E+00 ,    -0.340321884580033E+00 , 
   5.62000 ,    -0.234699528144854E+00 ,    -0.134491938275122E-01 ,    -0.385550657746601E+00 , 
   5.64000 ,    -0.249091635632525E+00 ,     0.720926928364189E-01 ,    -0.423529078177015E+00 , 
   5.66000 ,    -0.255459810862865E+00 ,     0.152861041623621E+00 ,    -0.454070251113653E+00 , 
   5.68000 ,    -0.253528430080566E+00 ,     0.228068774486816E+00 ,    -0.477103216008159E+00 , 
   5.70000 ,    -0.243191564428299E+00 ,     0.297022886437129E+00 ,    -0.492672612457802E+00 , 
   5.72000 ,    -0.224513694078003E+00 ,     0.359133745911989E+00 ,    -0.500936433894295E+00 , 
   5.74000 ,    -0.197727151228598E+00 ,     0.413922627355808E+00 ,    -0.502161914562281E+00 , 
   5.76000 ,    -0.163226364496552E+00 ,     0.461027369767939E+00 ,    -0.496719628075037E+00 , 
   5.78000 ,    -0.121559039034235E+00 ,     0.500206087785855E+00 ,    -0.485075907090947E+00 , 
   5.80000 ,    -0.734144656444501E-01 ,     0.531338895632449E+00 ,    -0.467783722847897E+00 , 
   5.82000 ,    -0.196092070580816E-01 ,     0.554427638364933E+00 ,    -0.445472189895827E+00 , 
   5.84000 ,     0.389295406738697E-01 ,     0.569593658720440E+00 ,    -0.418834884902032E+00 , 
   5.86000 ,     0.101182570027434E+00 ,     0.577073660870090E+00 ,    -0.388617188450233E+00 , 
   5.88000 ,     0.166058888692532E+00 ,     0.577213764000627E+00 ,    -0.355602874959659E+00 , 
   5.90000 ,     0.232417143600976E+00 ,     0.570461868301813E+00 ,    -0.320600187934205E+00 , 
   5.92000 ,     0.299087813910322E+00 ,     0.557358483150183E+00 ,    -0.284427645511432E+00 , 
   5.94000 ,     0.364895732275976E+00 ,     0.538526191594969E+00 ,    -0.247899824595257E+00 , 
   5.96000 ,     0.428682490285562E+00 ,     0.514657946275464E+00 ,    -0.211813370685991E+00 , 
   5.98000 ,     0.489328289336048E+00 ,     0.486504409298496E+00 ,    -0.176933474911831E+00 , 
   6.00000 ,     0.545772812368734E+00 ,     0.454860562115593E+00 ,    -0.143981049843765E+00 , 
   6.02000 ,     0.597034714426833E+00 ,     0.420551820869005E+00 ,    -0.113620821647416E+00 , 
   6.04000 ,     0.642229360483918E+00 ,     0.384419897905403E+00 ,    -0.864505382714129E-01 , 
   6.06000 ,     0.680584476767098E+00 ,     0.347308651143544E+00 ,    -0.629914720431639E-01 , 
   6.08000 ,     0.711453426079992E+00 ,     0.310050159760157E+00 ,    -0.436803706517517E-01 , 
   6.10000 ,     0.734325867499444E+00 ,     0.273451257334834E+00 ,    -0.288629835112466E-01 , 
   6.12000 ,     0.748835615248461E+00 ,     0.238280742348253E+00 ,    -0.187892614275219E-01 , 
   6.14000 ,     0.754765569416566E+00 ,     0.205257471006078E+00 ,    -0.136102968852599E-01 , 
   6.16000 ,     0.752049651321502E+00 ,     0.175039519072190E+00 ,    -0.133770407006045E-01 , 
   6.18000 ,     0.740771737452920E+00 ,     0.148214578105154E+00 ,    -0.180407988347154E-01 , 
   6.20000 ,     0.721161646861547E+00 ,     0.125291727615872E+00 ,    -0.274554814223945E-01 , 
   6.22000 ,     0.693588296315336E+00 ,     0.106694698657340E+00 ,    -0.413815451179444E-01 , 
   6.24000 ,     0.658550194329178E+00 ,     0.927567167080058E-01 ,    -0.594915402581045E-01 , 
   6.26000 ,     0.616663498135704E+00 ,     0.837169829292336E-01 ,    -0.813771466203795E-01 , 
   6.28000 ,     0.568647905731482E+00 ,     0.797188234903411E-01 ,    -0.106557556205899E+00 , 
   6.30000 ,     0.515310697337203E+00 ,     0.808095071906822E-01 ,    -0.134489038942703E+00 , 
   6.32000 ,     0.457529276107235E+00 ,     0.869417025913094E-01 ,    -0.164575507874897E+00 , 
   6.34000 ,     0.396232586006419E+00 ,     0.979765178081491E-01 ,    -0.196179884599794E+00 , 
   6.36000 ,     0.332381804888595E+00 ,     0.113688039499523E+00 ,    -0.228636053694044E+00 , 
   6.38000 ,     0.266950722573961E+00 ,     0.133769262856674E+00 ,    -0.261261186813694E+00 , 
   6.40000 ,     0.200906216917219E+00 ,     0.157839281989651E+00 ,    -0.293368213168794E+00 , 
   6.42000 ,     0.135189235447634E+00 ,     0.185451590358745E+00 ,    -0.324278213190578E+00 , 
   6.44000 ,     0.706966762864371E-01 ,     0.216103324146698E+00 ,    -0.353332516381385E+00 , 
   6.46000 ,     0.826454002092483E-02 ,     0.249245267954290E+00 ,    -0.379904292442323E+00 , 
   6.48000 ,    -0.513473054782350E-01 ,     0.284292432124793E+00 ,    -0.403409436616729E+00 , 
   6.50000 ,    -0.107468442028997E+00 ,     0.320635004489811E+00 ,    -0.423316565506784E+00 , 
   6.52000 ,    -0.159529037590691E+00 ,     0.357649476442472E+00 ,    -0.439155958091584E+00 , 
   6.54000 ,    -0.207068588174680E+00 ,     0.394709743980185E+00 ,    -0.450527297918343E+00 , 
   6.56000 ,    -0.249742103778267E+00 ,     0.431197988648392E+00 ,    -0.457106096026384E+00 , 
   6.58000 ,    -0.287323632687307E+00 ,     0.466515151026641E+00 ,    -0.458648699630282E+00 , 
   6.60000 ,    -0.319707076287899E+00 ,     0.500090820335459E+00 ,    -0.454995818437603E+00 , 
   6.62000 ,    -0.346904305120728E+00 ,     0.531392377658970E+00 ,    -0.446074528192358E+00 , 
   6.64000 ,    -0.369040645070238E+00 ,     0.559933246874098E+00 ,    -0.431898739091356E+00 , 
   6.66000 ,    -0.386347859082784E+00 ,     0.585280126309721E+00 ,    -0.412568144591434E+00 , 
   6.68000 ,    -0.399154803466441E+00 ,     0.607059095046469E+00 ,    -0.388265693295310E+00 , 
   6.70000 ,    -0.407875987513899E+00 ,     0.624960510199808E+00 ,    -0.359253652576836E+00 , 
   6.72000 ,    -0.412998309865772E+00 ,     0.638742635071668E+00 ,    -0.325868356916024E+00 , 
   6.74000 ,    -0.415066283757432E+00 ,     0.648233962262566E+00 ,    -0.288513756131393E+00 , 
   6.76000 ,    -0.414666095255204E+00 ,     0.653334220254395E+00 ,    -0.247653898438209E+00 , 
   6.78000 ,    -0.412408863116712E+00 ,     0.654014076153895E+00 ,    -0.203804500194899E+00 , 
   6.80000 ,    -0.408913485490123E+00 ,     0.650313570790199E+00 ,    -0.157523768052272E+00 , 
   6.82000 ,    -0.404789466949596E+00 ,     0.642339344766886E+00 ,    -0.109402649780375E+00 , 
   6.84000 ,    -0.400620119174572E+00 ,     0.630260734986928E+00 ,    -0.600546971698129E-01 , 
   6.86000 ,    -0.396946519922196E+00 ,     0.614304840238040E+00 ,    -0.101057280104395E-01 , 
   6.88000 ,    -0.394252597995491E+00 ,     0.594750671326190E+00 ,     0.398165257700728E-01 , 
   6.90000 ,    -0.392951687030161E+00 ,     0.571922515700983E+00 ,     0.890926001141604E-01 , 
   6.92000 ,    -0.393374858631883E+00 ,     0.546182658302694E+00 ,     0.137121134030470E+00 , 
   6.94000 ,    -0.395761306371489E+00 ,     0.517923609303589E+00 ,     0.183328190916062E+00 , 
   6.96000 ,    -0.400251007207794E+00 ,     0.487559995398125E+00 ,     0.227175911758246E+00 , 
   6.98000 ,    -0.406879837002215E+00 ,     0.455520274256717E+00 ,     0.268170361409291E+00 , 
   7.00000 ,    -0.415577262967011E+00 ,     0.422238431691705E+00 ,     0.305868446851668E+00 , 
   7.02000 ,    -0.426166679284501E+00 ,     0.388145818044623E+00 ,     0.339883806001530E+00 , 
   7.04000 ,    -0.438368393943619E+00 ,     0.353663274397148E+00 ,     0.369891586725611E+00 , 
   7.06000 ,    -0.451805216293051E+00 ,     0.319193690593353E+00 ,     0.395632057940223E+00 , 
   7.08000 ,    -0.466010537147836E+00 ,     0.285115125944279E+00 ,     0.416913017476897E+00 , 
   7.10000 ,    -0.480438737733189E+00 ,     0.251774610118130E+00 ,     0.433610984388588E+00 , 
   7.12000 ,    -0.494477711488709E+00 ,     0.219482726388624E+00 ,     0.445671186089718E+00 , 
   7.14000 ,    -0.507463234904828E+00 ,     0.188509062441531E+00 ,     0.453106372741345E+00 , 
   7.16000 ,    -0.518694881148719E+00 ,     0.159078595671557E+00 ,     0.455994512200209E+00 , 
   7.18000 ,    -0.527453134174676E+00 ,     0.131369060704644E+00 ,     0.454475438266690E+00 , 
   7.20000 ,    -0.533017332089968E+00 ,     0.105509327131683E+00 ,     0.448746542547694E+00 , 
   7.22000 ,    -0.534684047399292E+00 ,     0.815787955212879E-01 ,     0.439057615693838E+00 , 
   7.24000 ,    -0.531785498856886E+00 ,     0.596078000709979E-01 ,     0.425704956821939E+00 , 
   7.26000 ,    -0.523707585321443E+00 ,     0.395789871281231E-01 ,     0.409024880390840E+00 , 
   7.28000 ,    -0.509907136363622E+00 ,     0.214296206168740E-01 ,     0.389386757513600E+00 , 
   7.30000 ,    -0.489927987366792E+00 ,     0.505474847753232E-02 ,     0.367185733571442E+00 , 
   7.32000 ,    -0.463415508255800E+00 ,    -0.968885114206402E-02 ,     0.342835266011674E+00 , 
   7.34000 ,    -0.430129244377271E+00 ,    -0.229780387355105E-01 ,     0.316759625388027E+00 , 
   7.36000 ,    -0.389953364861484E+00 ,    -0.350181035921638E-01 ,     0.289386499118144E+00 , 
   7.38000 ,    -0.342904657287136E+00 ,    -0.460370907471042E-01 ,     0.261139831223460E+00 , 
   7.40000 ,    -0.289137856771427E+00 ,    -0.562797870553632E-01 ,     0.232433022665490E+00 , 
   7.42000 ,    -0.228948151720173E+00 ,    -0.660014930777386E-01 ,     0.203662606028695E+00 , 
   7.44000 ,    -0.162770766294014E+00 ,    -0.754617093004545E-01 ,     0.175202495492744E+00 , 
   7.46000 ,    -0.911775799933682E-01 ,    -0.849178645270076E-01 ,     0.147398898588452E+00 , 
   7.48000 ,    -0.148708063969539E-01 ,    -0.946192111308130E-01 ,     0.120565960471826E+00 , 
   7.50000 ,     0.653261852657003E-01 ,    -0.104801006341082E+00 ,     0.949821947283219E-01 , 
   7.52000 ,     0.148480761644492E+00 ,    -0.115679090995193E+00 ,     0.708877373964615E-01 , 
   7.54000 ,     0.233565427974963E+00 ,    -0.127444967412699E+00 ,     0.484824433420963E-01 , 
   7.56000 ,     0.319474485897324E+00 ,    -0.140261466449547E+00 ,     0.279248266853534E-01 , 
   7.58000 ,     0.405042641053443E+00 ,    -0.154259080628702E+00 ,     0.933183003421052E-02 , 
   7.60000 ,     0.489065211759839E+00 ,    -0.169533025793920E+00 ,    -0.722060885258994E-02 , 
   7.62000 ,     0.570319553517312E+00 ,    -0.186141078297293E+00 ,    -0.216962393537975E-01 , 
   7.64000 ,     0.647587285195577E+00 ,    -0.204102218622792E+00 ,    -0.340964891991728E-01 , 
   7.66000 ,     0.719676882059411E+00 ,    -0.223396095891213E+00 ,    -0.444578365203037E-01 , 
   7.68000 ,     0.785446188847400E+00 ,    -0.243963311212139E+00 ,    -0.528486447266066E-01 , 
   7.70000 ,     0.843824403167094E+00 ,    -0.265706501667777E+00 ,    -0.593655502452411E-01 , 
   7.72000 ,     0.893833085637812E+00 ,    -0.288492191143250E+00 ,    -0.641294990722850E-01 , 
   7.74000 ,     0.934605768416889E+00 ,    -0.312153359553659E+00 ,    -0.672815317794740E-01 , 
   7.76000 ,     0.965405757723639E+00 ,    -0.336492668534042E+00 ,    -0.689784180846942E-01 , 
   7.78000 ,     0.985641758285029E+00 ,    -0.361286269601431E+00 ,    -0.693882413515574E-01 , 
   7.80000 ,     0.994880987654411E+00 ,    -0.386288110384987E+00 ,    -0.686860305064821E-01 , 
   7.82000 ,     0.992859495326449E+00 ,    -0.411234645931962E+00 ,    -0.670495319672674E-01 , 
   7.84000 ,     0.979489454571127E+00 ,    -0.435849855477371E+00 ,    -0.646552074224617E-01 , 
   7.86000 ,     0.954863252895308E+00 ,    -0.459850460516866E+00 ,    -0.616745348797008E-01 , 
   7.88000 ,     0.919254268865324E+00 ,    -0.482951237606523E+00 ,    -0.582706805392374E-01 , 
   7.90000 ,     0.873114287460546E+00 ,    -0.504870319048719E+00 ,    -0.545955979981575E-01 , 
   7.92000 ,     0.817067571891310E+00 ,    -0.525334376486124E+00 ,    -0.507875993238107E-01 , 
   7.94000 ,     0.751901675590003E+00 ,    -0.544083586350697E+00 ,    -0.469694299387082E-01 , 
   7.96000 ,     0.678555142552031E+00 ,    -0.560876281996491E+00 ,    -0.432468663282728E-01 , 
   7.98000 ,     0.598102306067773E+00 ,    -0.575493205041439E+00 ,    -0.397078426135296E-01 , 
   8.00000 ,     0.511735453899621E+00 ,    -0.587741277777907E+00 ,    -0.364220993141411E-01 , 
   8.02000 ,     0.420744680947268E+00 ,    -0.597456829277773E+00 ,    -0.334413354429039E-01 , 
   8.04000 ,     0.326495797334038E+00 ,    -0.604508219782693E+00 ,    -0.307998336833815E-01 , 
   8.06000 ,     0.230406699683191E+00 ,    -0.608797820880350E+00 ,    -0.285155180476790E-01 , 
   8.08000 ,     0.133922645319870E+00 ,    -0.610263322553390E+00 ,    -0.265913943036495E-01 , 
   8.10000 ,     0.384908925735940E-01 ,    -0.608878352169670E+00 ,    -0.250173157806298E-01 , 
   8.12000 ,    -0.544648152226325E-01 ,    -0.604652404575613E+00 ,    -0.237720110552552E-01 , 
   8.14000 ,    -0.143569439345660E+00 ,    -0.597630096375322E+00 ,    -0.228253055913342E-01 , 
   8.16000 ,    -0.227521030573212E+00 ,    -0.587889770949149E+00 ,    -0.221404667276901E-01 , 
   8.18000 ,    -0.305113844758498E+00 ,    -0.575541493521472E+00 ,    -0.216766005021855E-01 , 
   8.20000 ,    -0.375259747367793E+00 ,    -0.560724487379821E+00 ,    -0.213910296550694E-01 , 
   8.22000 ,    -0.437007496829987E+00 ,    -0.543604072949822E+00 ,    -0.212415847167777E-01 , 
   8.24000 ,    -0.489559536204006E+00 ,    -0.524368180641765E+00 ,    -0.211887442627778E-01 , 
   8.26000 ,    -0.532285969642759E+00 ,    -0.503223516034322E+00 ,    -0.211975660838882E-01 , 
   8.28000 ,    -0.564735453502845E+00 ,    -0.480391461910972E+00 ,    -0.212393580154806E-01 , 
   8.30000 ,    -0.586642790672889E+00 ,    -0.456103805812387E+00 ,    -0.212930453056076E-01 , 
   8.32000 ,    -0.597933079616706E+00 ,    -0.430598384047926E+00 ,    -0.213462004692737E-01 , 
   8.34000 ,    -0.598722335515016E+00 ,    -0.404114733494029E+00 ,    -0.213957113440728E-01 , 
   8.36000 ,    -0.589314568445299E+00 ,    -0.376889841007621E+00 ,    -0.214480732882454E-01 , 
   8.38000 ,    -0.570195371435847E+00 ,    -0.349154076947234E+00 ,    -0.215193018953339E-01 , 
   8.40000 ,    -0.542022138132075E+00 ,    -0.321127394208859E+00 ,    -0.216344729875335E-01 , 
   8.42000 ,    -0.505611094406647E+00 ,    -0.293015867467239E+00 ,    -0.218269067440002E-01 , 
   8.44000 ,    -0.461921389262356E+00 ,    -0.265008639118437E+00 ,    -0.221370223815893E-01 , 
   8.46000 ,    -0.412036546621958E+00 ,    -0.237275328926272E+00 ,    -0.226108986093537E-01 , 
   8.48000 ,    -0.357143629972820E+00 ,    -0.209963953789340E+00 ,    -0.232985829199679E-01 , 
   8.50000 ,    -0.298510515353522E+00 ,    -0.183199392592602E+00 ,    -0.242521994804690E-01 , 
   8.52000 ,    -0.237461703989796E+00 ,    -0.157082419030186E+00 ,    -0.255239107889343E-01 , 
   8.54000 ,    -0.175353133316427E+00 ,    -0.131689312837045E+00 ,    -0.271637922517202E-01 , 
   8.56000 ,    -0.113546463636163E+00 ,    -0.107072047305481E+00 ,    -0.292176813204004E-01 , 
   8.58000 ,    -0.533833269196497E-01 ,    -0.832590385481599E-01 ,    -0.317250637566998E-01 , 
   8.60000 ,     0.383997592129518E-02 ,    -0.602564299570315E-01 ,    -0.347170589523250E-01 , 
   8.62000 ,     0.568968525265301E-01 ,    -0.380498739435108E-01 ,    -0.382145640398861E-01 , 
   8.64000 ,     0.104653413348455E+00 ,    -0.166067625602066E-01 ,    -0.422266128483759E-01 , 
   8.66000 ,     0.146089652244432E+00 ,     0.412115078908151E-02 ,    -0.467490006734969E-01 , 
   8.68000 ,     0.180318418761693E+00 ,     0.241948044578536E-01 ,    -0.517632194733456E-01 , 
   8.70000 ,     0.206601830783466E+00 ,     0.436846290616450E-01 ,    -0.572357406164578E-01 , 
   8.72000 ,     0.224364826152406E+00 ,     0.626671730533917E-01 ,    -0.631176738805742E-01 , 
   8.74000 ,     0.233205607475009E+00 ,     0.812216344665717E-01 ,    -0.693448222266167E-01 , 
   8.76000 ,     0.232902794431277E+00 ,     0.994263816069586E-01 ,    -0.758381421700290E-01 , 
   8.78000 ,     0.223419161375234E+00 ,     0.117355545389223E+00 ,    -0.825046095694339E-01 , 
   8.80000 ,     0.204901903560052E+00 ,     0.135075764168162E+00 ,    -0.892384805856623E-01 , 
   8.82000 ,     0.177679441667032E+00 ,     0.152643158348757E+00 ,    -0.959229276691458E-01 , 
   8.84000 ,     0.142254840160884E+00 ,     0.170100606851783E+00 ,    -0.102432020942804E+00 , 
   8.86000 ,     0.992959790507101E-01 ,     0.187475390773264E+00 ,    -0.108633016484028E+00 , 
   8.88000 ,     0.496226796649076E-01 ,     0.204777261448141E+00 ,    -0.114388904981918E+00 , 
   8.90000 ,    -0.580895812753717E-02 ,     0.221996980781065E+00 ,    -0.119561167244332E+00 , 
   8.92000 ,    -0.659246982836757E-01 ,     0.239105371334336E+00 ,    -0.124012677219992E+00 , 
   8.94000 ,    -0.129552436309809E+00 ,     0.256052902480070E+00 ,    -0.127610688723419E+00 , 
   8.96000 ,    -0.195444199958313E+00 ,     0.272769827161671E+00 ,    -0.130229839014170E+00 , 
   8.98000 ,    -0.262299460178845E+00 ,     0.289166871712015E+00 ,    -0.131755100863608E+00 , 
   9.00000 ,    -0.328789307625337E+00 ,     0.305136468991874E+00 ,    -0.132084614784784E+00 , 
   9.02000 ,    -0.393581036771668E+00 ,     0.320554513094058E+00 ,    -0.131132334711452E+00 , 
   9.04000 ,    -0.455362675368398E+00 ,     0.335282602254424E+00 ,    -0.128830423562623E+00 , 
   9.06000 ,    -0.512867001600733E+00 ,     0.349170725660805E+00 ,    -0.125131339756799E+00 , 
   9.08000 ,    -0.564894604725526E+00 ,     0.362060339781813E+00 ,    -0.120009561748920E+00 , 
   9.10000 ,    -0.610335566842320E+00 ,     0.373787770859094E+00 ,    -0.113462904925719E+00 , 
   9.12000 ,    -0.648189373293104E+00 ,     0.384187872506506E+00 ,    -0.105513393555869E+00 , 
   9.14000 ,    -0.677582696337474E+00 ,     0.393097861100193E+00 ,    -0.962076597691084E-01 , 
   9.16000 ,    -0.697784740422836E+00 ,     0.400361246957820E+00 ,    -0.856168515316785E-01 , 
   9.18000 ,    -0.708219886649678E+00 ,     0.405831776295540E+00 ,    -0.738360420754051E-01 , 
   9.20000 ,    -0.708477427900906E+00 ,     0.409377297685616E+00 ,    -0.609831439944828E-01 , 
   9.22000 ,    -0.698318243461537E+00 ,     0.410883467249789E+00 ,    -0.471973420104974E-01 , 
   9.24000 ,    -0.677678321639312E+00 ,     0.410257209110956E+00 ,    -0.326370689842181E-01 , 
   9.26000 ,    -0.646669099711484E+00 ,     0.407429851650900E+00 ,    -0.174775598874856E-01 , 
   9.28000 ,    -0.605574651259210E+00 ,     0.402359865811688E+00 ,    -0.190802791451695E-02 , 
   9.30000 ,    -0.554845810412916E+00 ,     0.395035138926530E+00 ,     0.138714845024890E-01 , 
   9.32000 ,    -0.495091379560554E+00 ,     0.385474726234572E+00 ,     0.296535194967877E-01 , 
   9.34000 ,    -0.427066620566815E+00 ,     0.373730032156326E+00 ,     0.452268158449041E-01 , 
   9.36000 ,    -0.351659278497300E+00 ,     0.359885384389899E+00 ,     0.603800478938666E-01 , 
   9.38000 ,    -0.269873430321630E+00 ,     0.344057975718698E+00 ,     0.749056165338514E-01 , 
   9.40000 ,    -0.182811488286138E+00 ,     0.326397160866738E+00 ,     0.886034156160883E-01 , 
   9.42000 ,    -0.916547179379887E-01 ,     0.307083108553302E+00 ,     0.101284497049650E+00 , 
   9.44000 ,     0.235734636896422E-02 ,     0.286324821830866E+00 ,     0.112774559286528E+00 , 
   9.46000 ,     0.979481906104449E-01 ,     0.264357552582424E+00 ,     0.122917186998288E+00 , 
   9.48000 ,     0.193825909951449E+00 ,     0.241439648451497E+00 ,     0.131576774400696E+00 , 
   9.50000 ,     0.288704693406020E+00 ,     0.217848882232045E+00 ,     0.138641070802037E+00 , 
   9.52000 ,     0.381325809281230E+00 ,     0.193878324619595E+00 ,     0.144023294411397E+00 , 
   9.54000 ,     0.470477712922077E+00 ,     0.169831830998806E+00 ,     0.147663769090507E+00 , 
   9.56000 ,     0.555014921995890E+00 ,     0.146019221416974E+00 ,     0.149531048386240E+00 , 
   9.58000 ,     0.633875334887349E+00 ,     0.122751239892805E+00 ,     0.149622501637755E+00 , 
   9.60000 ,     0.706095704014658E+00 ,     0.100334384588156E+00 ,     0.147964347991685E+00 , 
   9.62000 ,     0.770825017206138E+00 ,     0.790657040123805E-01 ,     0.144611135546771E+00 , 
   9.64000 ,     0.827335585785608E+00 ,     0.592276562517488E-01 ,     0.139644674343651E+00 , 
   9.66000 ,     0.875031686719689E+00 ,     0.410831281740374E-01 ,     0.133172443271060E+00 , 
   9.68000 ,     0.913455657045189E+00 ,     0.248707096396239E-01 ,     0.125325501933471E+00 , 
   9.70000 ,     0.942291390752021E+00 ,     0.108003139817110E-01 ,     0.116255948881947E+00 , 
   9.72000 ,     0.961365240271815E+00 ,    -0.950769538312021E-03 ,     0.106133977126846E+00 , 
   9.74000 ,     0.970644375652928E+00 ,    -0.102413128416486E-01 ,     0.951445863227856E-01 , 
   9.76000 ,     0.970232703363798E+00 ,    -0.169690060576472E-01 ,     0.834840182592611E-01 , 
   9.78000 ,     0.960364492489617E+00 ,    -0.210726750187546E-01 ,     0.713559881471658E-01 , 
   9.80000 ,     0.941395897980444E+00 ,    -0.225338111950082E-01 ,     0.589677885335477E-01 , 
   9.82000 ,     0.913794607773366E+00 ,    -0.213773784496565E-01 ,     0.465263454081794E-01 , 
   9.84000 ,     0.878127872359163E+00 ,    -0.176718741714507E-01 ,     0.342343071238047E-01 , 
   9.86000 ,     0.835049201128978E+00 ,    -0.115286360262674E-01 ,     0.222862461107314E-01 , 
   9.88000 ,     0.785284029186206E+00 ,    -0.310039951090772E-02 ,     0.108650510356950E-01 , 
   9.90000 ,     0.729614670951080E+00 ,     0.742087458084914E-02 ,     0.138583080323380E-03 , 
   9.92000 ,     0.668864882673551E+00 ,     0.198068700222767E-01 ,    -0.974333552265629E-02 , 
   9.94000 ,     0.603884354903277E+00 ,     0.337964364845173E-01 ,    -0.186515395427449E-01 , 
   9.96000 ,     0.535533448188348E+00 ,     0.490997041600175E-01 ,    -0.264796925295862E-01 , 
   9.98000 ,     0.464668471071044E+00 ,     0.654027222265364E-01 ,    -0.331459688670277E-01 , 
  10.00000 ,     0.392127779235953E+00 ,     0.823725416740680E-01 ,    -0.385942130018437E-01 , 
  10.02000 ,     0.318718948981233E+00 ,     0.996626544395227E-01 ,    -0.427945538047692E-01 , 
  10.04000 ,     0.245207247675461E+00 ,     0.116918693833144E+00 ,    -0.457434635586931E-01 , 
  10.06000 ,     0.172305589270844E+00 ,     0.133784296034529E+00 ,    -0.474632628395879E-01 , 
  10.08000 ,     0.100666125087270E+00 ,     0.149907019089351E+00 ,    -0.480010843098857E-01 , 
  10.10000 ,     0.308735798363174E-01 ,     0.164944214419891E+00 ,    -0.474273199313744E-01 , 
  10.12000 ,    -0.365595988636684E-01 ,     0.178568746405649E+00 ,    -0.458335870803088E-01 , 
  10.14000 ,    -0.101196251487520E+00 ,     0.190474458089509E+00 ,    -0.433302592767020E-01 , 
  10.16000 ,    -0.162675693986980E+00 ,     0.200381285477601E+00 ,    -0.400436165036469E-01 , 
  10.18000 ,    -0.220713137984639E+00 ,     0.208039929147679E+00 ,    -0.361126781919586E-01 , 
  10.20000 ,    -0.275097438585984E+00 ,     0.213235999846704E+00 ,    -0.316857887059085E-01 , 
  10.22000 ,    -0.325687300012410E+00 ,     0.215793564295456E+00 ,    -0.269170304408669E-01 , 
  10.24000 ,    -0.372406100931222E+00 ,     0.215578028347888E+00 ,    -0.219625433182311E-01 , 
  10.26000 ,    -0.415235528667297E+00 ,     0.212498306770316E+00 ,    -0.169768314557589E-01 , 
  10.28000 ,    -0.454208233885715E+00 ,     0.206508241981659E+00 ,    -0.121091380567182E-01 , 
  10.30000 ,    -0.489399734411909E+00 ,     0.197607247883649E+00 ,    -0.749996809006292E-02 , 
  10.32000 ,    -0.520919808304667E+00 ,     0.185840169147817E+00 ,    -0.327783515402347E-02 , 
  10.34000 ,    -0.548903621945182E+00 ,     0.171296360743909E+00 ,     0.443695908649356E-03 , 
  10.36000 ,    -0.573502838711139E+00 ,     0.154108006818034E+00 ,     0.356860544473728E-02 , 
  10.38000 ,    -0.594876947856729E+00 ,     0.134447711985762E+00 ,     0.602059705662297E-02 , 
  10.40000 ,    -0.613185041734411E+00 ,     0.112525411429765E+00 ,     0.774480891479078E-02 , 
  10.42000 ,    -0.628578252808781E+00 ,     0.885846586295780E-01 ,     0.870902002316247E-02 , 
  10.44000 ,    -0.641193040477818E+00 ,     0.628983608654415E-01 ,     0.890432408339260E-02 , 
  10.46000 ,    -0.651145492083237E+00 ,     0.357640426136738E-01 ,     0.834525516063462E-02 , 
  10.48000 ,    -0.658526773300585E+00 ,     0.749872539722673E-02 ,     0.706936128161688E-02 , 
  10.50000 ,    -0.663399831064893E+00 ,    -0.215664805881334E-01 ,     0.513623414296100E-02 , 
  10.52000 ,    -0.665797418080816E+00 ,    -0.510919728128018E-01 ,     0.262601501712444E-02 , 
  10.54000 ,    -0.665721472598244E+00 ,    -0.807353374302622E-01 ,    -0.362591538921376E-03 , 
  10.56000 ,    -0.663143851338125E+00 ,    -0.110157010624103E+00 ,    -0.371475368768088E-02 , 
  10.58000 ,    -0.658008378063948E+00 ,    -0.139025816862011E+00 ,    -0.730234553556536E-02 , 
  10.60000 ,    -0.650234136131716E+00 ,    -0.167024283524042E+00 ,    -0.109871161656433E-01 , 
  10.62000 ,    -0.639719901200892E+00 ,    -0.193853636170221E+00 ,    -0.146241254278233E-01 , 
  10.64000 ,    -0.626349580885383E+00 ,    -0.219238385322946E+00 ,    -0.180653712448983E-01 , 
  10.66000 ,    -0.609998502134389E+00 ,    -0.242930423932391E+00 ,    -0.211635285870532E-01 , 
  10.68000 ,    -0.590540365143867E+00 ,    -0.264712564505942E+00 ,    -0.237757173502563E-01 , 
  10.70000 ,    -0.567854665101878E+00 ,    -0.284401456023112E+00 ,    -0.257672152138258E-01 , 
  10.72000 ,    -0.541834370452307E+00 ,    -0.301849833007968E+00 ,    -0.270150321809888E-01 , 
  10.74000 ,    -0.512393638895903E+00 ,    -0.316948062252169E+00 ,    -0.274112659174615E-01 , 
  10.76000 ,    -0.479475350191238E+00 ,    -0.329624966417447E+00 ,    -0.268661611533997E-01 , 
  10.78000 ,    -0.443058238006400E+00 ,    -0.339847917828371E+00 ,    -0.253108022232180E-01 , 
  10.80000 ,    -0.403163411518709E+00 ,    -0.347622209920012E+00 ,    -0.226993751703637E-01 , 
  10.82000 ,    -0.359860070959378E+00 ,    -0.352989727754613E+00 ,    -0.190109445918794E-01 , 
  10.84000 ,    -0.313270239534205E+00 ,    -0.356026952494536E+00 ,    -0.142507003625346E-01 , 
  10.86000 ,    -0.263572356694458E+00 ,    -0.356842347453349E+00 ,    -0.845064035627213E-02 , 
  10.88000 ,    -0.211003604062983E+00 ,    -0.355573185094686E+00 ,    -0.166966704765276E-02 , 
  10.90000 ,    -0.155860864832694E+00 ,    -0.352381884881227E+00 ,     0.600691181544973E-02 , 
  10.92000 ,    -0.985002494713659E-01 ,    -0.347451940989019E+00 ,     0.144684756799884E-01 , 
  10.94000 ,    -0.393351543553070E-01 ,    -0.340983526418767E+00 ,     0.235807613865288E-01 , 
  10.96000 ,     0.211671452562668E-01 ,    -0.333188865810507E+00 ,     0.331880833045239E-01 , 
  10.98000 ,     0.824903314982818E-01 ,    -0.324287473190181E+00 ,     0.431160637241738E-01 , 
  11.00000 ,     0.144075238614838E+00 ,    -0.314501352871767E+00 ,     0.531748226878652E-01 , 
  11.02000 ,     0.205327302268675E+00 ,    -0.304050261770199E+00 ,     0.631625662915754E-01 , 
  11.04000 ,     0.265625128699676E+00 ,    -0.293147129450856E+00 ,     0.728695035345489E-01 , 
  11.06000 ,     0.324330020920214E+00 ,    -0.281993728391772E+00 ,     0.820820142361523E-01 , 
  11.08000 ,     0.380796274545989E+00 ,    -0.270776681244105E+00 ,     0.905869845357614E-01 , 
  11.10000 ,     0.434382035316314E+00 ,    -0.259663884460161E+00 ,     0.981762221771260E-01 , 
  11.12000 ,     0.484460494333619E+00 ,    -0.248801418666114E+00 ,     0.104650861250457E+00 , 
  11.14000 ,     0.530431185925646E+00 ,    -0.238311005769404E+00 ,     0.109825665384715E+00 , 
  11.16000 ,     0.571731147073564E+00 ,    -0.228288061217400E+00 ,     0.113533139572352E+00 , 
  11.18000 ,     0.607845696710544E+00 ,    -0.218800377296516E+00 ,     0.115627363853878E+00 , 
  11.20000 ,     0.638318597915069E+00 ,    -0.209887460131064E+00 ,     0.115987466936481E+00 , 
  11.22000 ,     0.662761376021471E+00 ,    -0.201560529374258E+00 ,     0.114520664378756E+00 , 
  11.24000 ,     0.680861580749852E+00 ,    -0.193803175754451E+00 ,     0.111164794116204E+00 , 
  11.26000 ,     0.692389800310348E+00 ,    -0.186572657925730E+00 ,     0.105890291670354E+00 , 
  11.28000 ,     0.697205259648694E+00 ,    -0.179801806749429E+00 ,     0.987015581892189E-01 , 
  11.30000 ,     0.695259863061590E+00 ,    -0.173401492470312E+00 ,     0.896376862936409E-01 , 
  11.32000 ,     0.686600572726570E+00 ,    -0.167263598503680E+00 ,     0.787725213164344E-01 , 
  11.34000 ,     0.671370048595181E+00 ,    -0.161264434955152E+00 ,     0.662140486660955E-01 , 
  11.36000 ,     0.649805510865821E+00 ,    -0.155268515768306E+00 ,     0.521031114594908E-01 , 
  11.38000 ,     0.622235823117404E+00 ,    -0.149132615724695E+00 ,     0.366114759774835E-01 , 
  11.40000 ,     0.589076831355580E+00 ,    -0.142710017563203E+00 ,     0.199392756322962E-01 , 
  11.42000 ,     0.550825030900138E+00 ,    -0.135854855364478E+00 ,     0.231187672895056E-02 , 
  11.44000 ,     0.508049668434799E+00 ,    -0.128426458147998E+00 ,    -0.160237789011863E-01 , 
  11.46000 ,     0.461383419885087E+00 ,    -0.120293597402650E+00 ,    -0.348032885595137E-01 , 
  11.48000 ,     0.411511815364562E+00 ,    -0.111338544025571E+00 ,    -0.537492852985506E-01 , 
  11.50000 ,     0.359161609571807E+00 ,    -0.101460843847952E+00 ,    -0.725762331220796E-01 , 
  11.52000 ,     0.305088319138929E+00 ,    -0.905807265107400E-01 ,    -0.909954309663701E-01 , 
  11.54000 ,     0.250063167022443E+00 ,    -0.786420698103178E-01 ,    -0.108720130992971E+00 , 
  11.56000 ,     0.194859687679255E+00 ,    -0.656148506208754E-01 ,    -0.125470673908248E+00 , 
  11.58000 ,     0.140240255180482E+00 ,    -0.514970239400479E-01 ,    -0.140979543124444E+00 , 
  11.60000 ,     0.869427993903138E-01 ,    -0.363157832913473E-01 ,    -0.154996240614871E+00 , 
  11.62000 ,     0.356679727993303E-01 ,    -0.201281684194715E-01 ,    -0.167291890275993E+00 , 
  11.64000 ,    -0.129329774093513E-01 ,    -0.302099967983162E-02 ,    -0.177663479437188E+00 , 
  11.66000 ,    -0.582693908102613E-01 ,     0.148898675170930E-01 ,    -0.185937655762874E+00 , 
  11.68000 ,    -0.998212058272334E-01 ,     0.334609606726451E-01 ,    -0.191974005043685E+00 , 
  11.70000 ,    -0.137147602639204E+00 ,     0.525232589416671E-01 ,    -0.195667745112507E+00 , 
  11.72000 ,    -0.169894104317348E+00 ,     0.718848772656695E-01 ,    -0.196951782156751E+00 , 
  11.74000 ,    -0.197797994487552E+00 ,     0.913343174016416E-01 ,    -0.195798087813150E+00 , 
  11.76000 ,    -0.220691943680702E+00 ,     0.110644225139736E+00 ,    -0.192218368387254E+00 , 
  11.78000 ,    -0.238505772688605E+00 ,     0.129575581944007E+00 ,    -0.186264011081080E+00 , 
  11.80000 ,    -0.251266318932964E+00 ,     0.147882249571532E+00 ,    -0.178025305971854E+00 , 
  11.82000 ,    -0.259095410293778E+00 ,     0.165315778128660E+00 ,    -0.167629956388975E+00 , 
  11.84000 ,    -0.262205989230716E+00 ,     0.181630381679707E+00 ,    -0.155240904010790E+00 , 
  11.86000 ,    -0.260896467567372E+00 ,     0.196587981070549E+00 ,    -0.141053508177701E+00 , 
  11.88000 ,    -0.255543428212029E+00 ,     0.209963211167080E+00 ,    -0.125292131333932E+00 , 
  11.90000 ,    -0.246592823613249E+00 ,     0.221548289297427E+00 ,    -0.108206193922370E+00 , 
  11.92000 ,    -0.234549851197703E+00 ,     0.231157643347557E+00 ,    -0.900657722411610E-01 , 
  11.94000 ,    -0.219967712779650E+00 ,     0.238632201671948E+00 ,    -0.711568215272988E-01 , 
  11.96000 ,    -0.203435487413272E+00 ,     0.243843252682772E+00 ,    -0.517761136902602E-01 , 
  11.98000 ,    -0.185565364916745E+00 ,     0.246695789571509E+00 ,    -0.322259845385900E-01 , 
  12.00000 ,    -0.166979499966489E+00 ,     0.247131264956859E+00 ,    -0.128089889197588E-01 , 
  12.02000 ,    -0.148296753983534E+00 ,     0.245129691167944E+00 ,     0.617743613938387E-02 , 
  12.04000 ,    -0.130119593866157E+00 ,     0.240711034155572E+00 ,     0.244462004773220E-01 , 
  12.06000 ,    -0.113021412932759E+00 ,     0.233935862442194E+00 ,     0.417255844182754E-01 , 
  12.08000 ,    -0.975345303110880E-01 ,     0.224905226815197E+00 ,     0.577639634481890E-01 , 
  12.10000 ,    -0.841391106417409E-01 ,     0.213759761361480E+00 ,     0.723341463164645E-01 , 
  12.12000 ,    -0.732532266619325E-01 ,     0.200678011644072E+00 ,     0.852372465050236E-01 , 
  12.14000 ,    -0.652242634082377E-01 ,     0.185874011036468E+00 ,     0.963060161067668E-01 , 
  12.16000 ,    -0.603218349260972E-01 ,     0.169594141158202E+00 ,     0.105407581602712E+00 , 
  12.18000 ,    -0.587323530835102E-01 ,     0.152113326700936E+00 ,     0.112445532612993E+00 , 
  12.20000 ,    -0.605553540109110E-01 ,     0.133730628413082E+00 ,     0.117361327191299E+00 , 
  12.22000 ,    -0.658016515389726E-01 ,     0.114764310353162E+00 ,     0.120134990388150E+00 , 
  12.24000 ,    -0.743933495325968E-01 ,     0.955464684795292E-01 ,     0.120785096366080E+00 , 
  12.26000 ,    -0.861657069993553E-01 ,     0.764173169938930E-01 ,     0.119368038043184E+00 , 
  12.28000 ,    -0.100870812069829E+00 ,     0.577192364065280E-01 ,     0.115976601802255E+00 , 
  12.30000 ,    -0.118182984183773E+00 ,     0.397906928840431E-01 ,     0.110737877966873E+00 , 
  12.32000 ,    -0.137705788824320E+00 ,     0.229601419558573E-01 ,     0.103810550257666E+00 , 
  12.34000 ,    -0.158980516637365E+00 ,     0.754003101286726E-02 ,     0.953816190602690E-01 , 
  12.36000 ,    -0.181495949415721E+00 ,    -0.617898580762638E-02 ,     0.856626238385751E-01 , 
  12.38000 ,    -0.204699209810581E+00 ,    -0.179335097885299E-01 ,     0.748854392130144E-01 , 
  12.40000 ,    -0.228007470269198E+00 ,    -0.274924314667163E-01 ,     0.632977269211536E-01 , 
  12.42000 ,    -0.250820280010415E+00 ,    -0.346614379842955E-01 ,     0.511581319444826E-01 , 
  12.44000 ,    -0.272532257162752E+00 ,    -0.392869049706445E-01 ,     0.387313154111341E-01 , 
  12.46000 ,    -0.292545886722079E+00 ,    -0.412590948920924E-01 ,     0.262829193949881E-01 , 
  12.48000 ,    -0.310284163847560E+00 ,    -0.405145962887946E-01 ,     0.140745593885471E-01 , 
  12.50000 ,    -0.325202826203996E+00 ,    -0.370379521267666E-01 ,     0.235893902862806E-02 , 
  12.52000 ,    -0.336801928464989E+00 ,    -0.308624403677987E-01 ,    -0.862482136498018E-02 , 
  12.54000 ,    -0.344636526494921E+00 ,    -0.220699855196281E-01 ,    -0.186555556463866E-01 , 
  12.56000 ,    -0.348326257807432E+00 ,    -0.107901960758691E-01 ,    -0.275340417183879E-01 , 
  12.58000 ,    -0.347563628237063E+00 ,     0.280146091820008E-02 ,    -0.350865379701275E-01 , 
  12.60000 ,    -0.342120841856384E+00 ,     0.184863207444198E-01 ,    -0.411678030886525E-01 , 
  12.62000 ,    -0.331855041445329E+00 ,     0.360059741560676E-01 ,    -0.456635464741786E-01 , 
  12.64000 ,    -0.316711859632283E+00 ,     0.550664546067801E-01 ,    -0.484922678483582E-01 , 
  12.66000 ,    -0.296727215488380E+00 ,     0.753430874185265E-01 ,    -0.496064567158151E-01 , 
  12.68000 ,    -0.272027327143776E+00 ,     0.964859160867277E-01 ,    -0.489931348801951E-01 , 
  12.70000 ,    -0.242826947164885E+00 ,     0.118125609818557E+00 ,    -0.466737379779176E-01 , 
  12.72000 ,    -0.209425863238646E+00 ,     0.139879747069864E+00 ,    -0.427033447242273E-01 , 
  12.74000 ,    -0.172203741420281E+00 ,     0.161359362470190E+00 ,    -0.371692750181615E-01 , 
  12.76000 ,    -0.131613422108111E+00 ,     0.182175639250408E+00 ,    -0.301890899841163E-01 , 
  12.78000 ,    -0.881728093488449E-01 ,     0.201946626219307E+00 ,    -0.219080382087530E-01 , 
  12.80000 ,    -0.424555214403521E-01 ,     0.220303857538067E+00 ,    -0.124960026503980E-01 , 
  12.82000 ,     0.491950545408153E-02 ,     0.236898755034777E+00 ,    -0.214401176233840E-02 , 
  12.84000 ,     0.532992492981676E-01 ,     0.251408696561488E+00 ,     0.893961388585734E-02 , 
  12.86000 ,     0.102008443184652E+00 ,     0.263542639855767E+00 ,     0.205334019231731E-01 , 
  12.88000 ,     0.150361788266743E+00 ,     0.273046199417712E+00 ,     0.324070731511600E-01 , 
  12.90000 ,     0.197676295966212E+00 ,     0.279706083901269E+00 ,     0.443260058369857E-01 , 
  12.92000 ,     0.243283516218880E+00 ,     0.283353813257831E+00 ,     0.560557326141131E-01 , 
  12.94000 ,     0.286541412889337E+00 ,     0.283868648138637E+00 ,     0.673663836101827E-01 , 
  12.96000 ,     0.326845656683779E+00 ,     0.281179678609101E+00 ,     0.780369914310039E-01 , 
  12.98000 ,     0.363640119682602E+00 ,     0.275267034776624E+00 ,     0.878595772607131E-01 , 
  13.00000 ,     0.396426373678168E+00 ,     0.266162198188159E+00 ,     0.966429425026142E-01 , 
  13.02000 ,     0.424772016428279E+00 ,     0.253947409505161E+00 ,     0.104216096965353E+00 , 
  13.04000 ,     0.448317675234380E+00 ,     0.238754184694595E+00 ,     0.110431262449903E+00 , 
  13.06000 ,     0.466782565372937E+00 ,     0.220760968466355E+00 ,     0.115166399546087E+00 , 
  13.08000 ,     0.479968511240858E+00 ,     0.200189969625605E+00 ,     0.118327215314201E+00 , 
  13.10000 ,     0.487762369974142E+00 ,     0.177303238089460E+00 ,     0.119848620103159E+00 , 
  13.12000 ,     0.490136830087817E+00 ,     0.152398057253974E+00 ,     0.119695612824595E+00 , 
  13.14000 ,     0.487149590678007E+00 ,     0.125801737924527E+00 ,     0.117863585338602E+00 , 
  13.16000 ,     0.478940959238363E+00 ,     0.978659109026833E-01 ,     0.114378047984150E+00 , 
  13.18000 ,     0.465729937504800E+00 ,     0.689604243493487E-01 ,     0.109293789480654E+00 , 
  13.20000 ,     0.447808894316249E+00 ,     0.394669590475772E-01 ,     0.102693495217500E+00 , 
  13.22000 ,     0.425536951670427E+00 ,     0.977247953757505E-02 ,     0.946858581272715E-01 , 
  13.24000 ,     0.399332234423677E+00 ,    -0.197373582978295E-01 ,     0.854032257120830E-01 , 
  13.26000 ,     0.369663154960132E+00 ,    -0.486847223030266E-01 ,     0.749988351854058E-01 , 
  13.28000 ,     0.337038921241591E+00 ,    -0.767059228557023E-01 ,     0.636436959503252E-01 , 
  13.30000 ,     0.301999469632406E+00 ,    -0.103457420714182E+00 ,     0.515231846300499E-01 , 
  13.32000 ,     0.265105032549834E+00 ,    -0.128621415597899E+00 ,     0.388334224954444E-01 , 
  13.34000 ,     0.226925555189414E+00 ,    -0.151910915615157E+00 ,     0.257775083234736E-01 , 
  13.36000 ,     0.188030175281623E+00 ,    -0.173074197943151E+00 ,     0.125616814259384E-01 , 
  13.38000 ,     0.148976975110164E+00 ,    -0.191898583122047E+00 ,    -0.608510204112850E-03 , 
  13.40000 ,     0.110303206016137E+00 ,    -0.208213458713331E+00 ,    -0.135319629537894E-01 , 
  13.42000 ,     0.725161725673330E-01 ,    -0.221892502630719E+00 ,    -0.260156208928106E-01 , 
  13.44000 ,     0.360849468113902E-01 ,    -0.232855071895986E+00 ,    -0.378778624186826E-01 , 
  13.46000 ,     0.143306295478954E-02 ,    -0.241066738601438E+00 ,    -0.489516086747427E-01 , 
  13.48000 ,    -0.310676801193542E-01 ,    -0.246538971164402E+00 ,    -0.590870986352158E-01 , 
  13.50000 ,    -0.611022063427778E-01 ,    -0.249327975221080E+00 ,    -0.681542832051124E-01 , 
  13.52000 ,    -0.884158648411350E-01 ,    -0.249532724413377E+00 ,    -0.760447989626026E-01 , 
  13.54000 ,    -0.112816800283337E+00 ,    -0.247292226566170E+00 ,    -0.826734910992475E-01 , 
  13.56000 ,    -0.134176973050072E+00 ,    -0.242782085041130E+00 ,    -0.879794645005815E-01 , 
  13.58000 ,    -0.152431839780457E+00 ,    -0.236210428113189E+00 ,    -0.919266515607246E-01 , 
  13.60000 ,    -0.167578732900565E+00 ,    -0.227813290798204E+00 ,    -0.945038950421694E-01 , 
  13.62000 ,    -0.179674004528756E+00 ,    -0.217849543445997E+00 ,    -0.957245538793964E-01 , 
  13.64000 ,    -0.188829025135809E+00 ,    -0.206595469416233E+00 ,    -0.956256490916250E-01 , 
  13.66000 ,    -0.195205150003405E+00 ,    -0.194339100127301E+00 ,    -0.942665757344717E-01 , 
  13.68000 ,    -0.199007786418700E+00 ,    -0.181374419602225E+00 ,    -0.917274149138895E-01 , 
  13.70000 ,    -0.200479711276164E+00 ,    -0.167995552264938E+00 ,    -0.881068871560887E-01 , 
  13.72000 ,    -0.199893802014112E+00 ,    -0.154491047142201E+00 ,    -0.835199947408661E-01 , 
  13.74000 ,    -0.197545353353717E+00 ,    -0.141138368822336E+00 ,    -0.780954058509877E-01 , 
  13.76000 ,    -0.193744157977478E+00 ,    -0.128198700576047E+00 ,    -0.719726374786494E-01 , 
  13.78000 ,    -0.188806531011511E+00 ,    -0.115912158063077E+00 ,    -0.652990968981926E-01 , 
  13.80000 ,    -0.183047455977273E+00 ,    -0.104493503177182E+00 ,    -0.582270431247237E-01 , 
  13.82000 ,    -0.176773023853436E+00 ,    -0.941284370033794E-01 ,    -0.509105301199404E-01 , 
  13.84000 ,    -0.170273327219190E+00 ,    -0.849705387911258E-01 ,    -0.435023925943038E-01 , 
  13.86000 ,    -0.163815958394778E+00 ,    -0.771389045291962E-01 ,    -0.361513331292061E-01 , 
  13.88000 ,    -0.157640244382336E+00 ,    -0.707165244105941E-01 ,    -0.289991660687245E-01 , 
  13.90000 ,    -0.151952332631275E+00 ,    -0.657494234851035E-01 ,    -0.221782692951683E-01 , 
  13.92000 ,    -0.146921220652560E+00 ,    -0.622465744124008E-01 ,    -0.158092897136885E-01 , 
  13.94000 ,    -0.142675799772754E+00 ,    -0.601805757557493E-01 ,    -0.999914215425883E-02 , 
  13.96000 ,    -0.139302959372016E+00 ,    -0.594890740020481E-01 ,    -0.483933459496196E-02 , 
  13.98000 ,    -0.136846773330649E+00 ,    -0.600768927596065E-01 ,    -0.404645271177221E-03 , 
  14.00000 ,    -0.135308765665473E+00 ,    -0.618188186606274E-01 ,     0.324783047806878E-02 , 
  14.02000 ,    -0.134649228015688E+00 ,    -0.645629806540299E-01 ,     0.607925369672325E-02 , 
  14.04000 ,    -0.134789538268261E+00 ,    -0.681347478666370E-01 ,     0.806923366331657E-02 , 
  14.06000 ,    -0.135615407698550E+00 ,    -0.723410612603910E-01 ,     0.921564397657739E-02 , 
  14.08000 ,    -0.136980964008748E+00 ,    -0.769751061118540E-01 ,     0.953407629604848E-02 , 
  14.10000 ,    -0.138713559993463E+00 ,    -0.818212260443883E-01 ,     0.905695227444236E-02 , 
  14.12000 ,    -0.140619182610847E+00 ,    -0.866599750710301E-01 ,     0.783232075827138E-02 , 
  14.14000 ,    -0.142488325288536E+00 ,    -0.912732019347914E-01 ,     0.592237317208623E-02 , 
  14.16000 ,    -0.144102177576071E+00 ,    -0.954490609982071E-01 ,     0.340171503113317E-02 , 
  14.18000 ,    -0.145238980925911E+00 ,    -0.989868460282934E-01 ,     0.355435658050857E-03 , 
  14.20000 ,    -0.145680397523454E+00 ,    -0.101701547396930E+00 ,    -0.312297865763630E-02 , 
  14.22000 ,    -0.145217740695292E+00 ,    -0.103428039379158E+00 ,    -0.693384067031572E-02 , 
  14.24000 ,    -0.143657920430088E+00 ,    -0.104024812252579E+00 ,    -0.109735188644748E-01 , 
  14.26000 ,    -0.140828965799557E+00 ,    -0.103377173612932E+00 ,    -0.151367062562678E-01 , 
  14.28000 ,    -0.136584997349204E+00 ,    -0.101399854523602E+00 ,    -0.193186537088968E-01 , 
  14.30000 ,    -0.130810536556005E+00 ,    -0.980389685807474E-01 ,    -0.234173221015041E-01 , 
  14.32000 ,    -0.123424055881413E+00 ,    -0.932732854467170E-01 ,    -0.273354105545895E-01 , 
  14.34000 ,    -0.114380691391061E+00 ,    -0.871147946088533E-01 ,    -0.309822216210115E-01 , 
  14.36000 ,    -0.103674059934850E+00 ,    -0.796085497710644E-01 ,    -0.342753288045708E-01 , 
  14.38000 ,    -0.913371440189677E-01 ,    -0.708317990859665E-01 ,    -0.371420168579985E-01 , 
  14.40000 ,    -0.774422292708710E-01 ,    -0.608924210878170E-01 ,    -0.395204709172373E-01 , 
  14.42000 ,    -0.620999013055957E-01 ,    -0.499267003966591E-01 ,    -0.413606965187121E-01 , 
  14.44000 ,    -0.454571303546910E-01 ,    -0.380964907471402E-01 ,    -0.426251587845026E-01 , 
  14.46000 ,    -0.276944927376245E-01 ,    -0.255858253818750E-01 ,    -0.432891354076789E-01 , 
  14.48000 ,    -0.902259768238460E-02 ,    -0.125970460898509E-01 ,    -0.433407843874980E-01 , 
  14.50000 ,     0.103221942872384E-01 ,     0.653468058157098E-03 ,    -0.427809336157322E-01 , 
  14.52000 ,     0.300826595683805E-01 ,     0.139398831166789E-01 ,    -0.416226052712665E-01 , 
  14.54000 ,     0.499860912902632E-01 ,     0.270317083688959E-01 ,    -0.398902934190797E-01 , 
  14.56000 ,     0.697500452374392E-01 ,     0.396987103400849E-01 ,    -0.376190181218969E-01 , 
  14.58000 ,     0.890883188505950E-01 ,     0.517158406247854E-01 ,    -0.348531836616976E-01 , 
  14.60000 ,     0.107717025785401E+00 ,     0.628680751938643E-01 ,    -0.316452720526028E-01 , 
  14.62000 ,     0.125360627168833E+00 ,     0.729550646842849E-01 ,    -0.280544058421317E-01 , 
  14.64000 ,     0.141757782501565E+00 ,     0.817954990450566E-01 ,    -0.241448161978976E-01 , 
  14.66000 ,     0.156666888050131E+00 ,     0.892310957366134E-01 ,    -0.199842534337932E-01 , 
  14.68000 ,     0.169871178421377E+00 ,     0.951301283380656E-01 ,    -0.156423774347829E-01 , 
  14.70000 ,     0.181183277616510E+00 ,     0.993904217508718E-01 ,    -0.111891649026849E-01 , 
  14.72000 ,     0.190449098965628E+00 ,     0.101941751009005E+00 ,    -0.669336899527721E-02 , 
  14.74000 ,     0.197551008634368E+00 ,     0.102747592795249E+00 ,    -0.222106481361137E-02 , 
  14.76000 ,     0.202410184514397E+00 ,     0.101806191876816E+00 ,     0.216568863031925E-02 , 
  14.78000 ,     0.204988120862315E+00 ,     0.991509185465270E-01 ,     0.641004278475539E-02 , 
  14.80000 ,     0.205287248611684E+00 ,     0.948499075091379E-01 ,     0.104613870779978E-01 , 
  14.82000 ,     0.203350661404821E+00 ,     0.890049831976750E-01 ,     0.142761908267639E-01 , 
  14.84000 ,     0.199260957619898E+00 ,     0.817498909498595E-01 ,     0.178186455344860E-01 , 
  14.86000 ,     0.193138228550299E+00 ,     0.732478675304356E-01 ,     0.210610985603968E-01 , 
  14.88000 ,     0.185137241983326E+00 ,     0.636885978700347E-01 ,     0.239842742209841E-01 , 
  14.90000 ,     0.175443888300810E+00 ,     0.532846173375539E-01 ,     0.265772834503938E-01 , 
  14.92000 ,     0.164270972491346E+00 ,     0.422672301223488E-01 ,     0.288374280808581E-01 , 
  14.94000 ,     0.151853449767111E+00 ,     0.308820241502819E-01 ,     0.307698104981891E-01 , 
  14.96000 ,     0.138443214508140E+00 ,     0.193840711977828E-01 ,     0.323867637778327E-01 , 
  14.98000 ,     0.124303561756237E+00 ,     0.803290733671080E-02 ,     0.337071213203669E-01 , 
  15.00000 ,     0.109703447250317E+00 ,    -0.291260658821770E-02 ,     0.347553483993094E-01 , 
  15.02000 ,     0.949116758975544E-01 ,    -0.131994421686979E-01 ,     0.355605608393371E-01 , 
  15.04000 ,     0.801911495376453E-01 ,    -0.225854755095018E-01 ,     0.361554582045326E-01 , 
  15.06000 ,     0.657933028741200E-01 ,    -0.308443728648926E-01 ,     0.365752003544954E-01 , 
  15.08000 ,     0.519528515758920E-01 ,    -0.377701920579233E-01 ,     0.368562569975880E-01 , 
  15.10000 ,     0.388829689170158E-01 ,    -0.431816073844947E-01 ,     0.370352599281802E-01 , 
  15.12000 ,     0.267709971069771E-01 ,    -0.469256730207603E-01 ,     0.371478869878451E-01 , 
  15.14000 ,     0.157747869080839E-01 ,    -0.488810489609292E-01 ,     0.372278054642923E-01 , 
  15.16000 ,     0.601974453210299E-02 ,    -0.489606240328110E-01 ,     0.373057006769270E-01 , 
  15.18000 ,    -0.240335150932780E-02 ,    -0.471134823610551E-01 ,     0.374084129489018E-01 , 
  15.20000 ,    -0.943971858462039E-02 ,    -0.433261725376373E-01 ,     0.375582030996875E-01 , 
  15.22000 ,    -0.150710967361783E-01 ,    -0.376232524595723E-01 ,     0.377721630879383E-01 , 
  15.24000 ,    -0.193154267930891E-01 ,    -0.300670970331922E-01 ,     0.380617845793174E-01 , 
  15.26000 ,    -0.222256917209555E-01 ,    -0.207569704402606E-01 ,     0.384326941025699E-01 , 
  15.28000 ,    -0.238879520040802E-01 ,    -0.982737912668754E-02 ,     0.388845591890245E-01 , 
  15.30000 ,    -0.244186239753737E-01 ,     0.255426417646595E-02 ,     0.394111655678558E-01 , 
  15.32000 ,    -0.239610669713522E-01 ,     0.161906215369708E-01 ,     0.400006612141761E-01 , 
  15.34000 ,    -0.226815606193863E-01 ,     0.308579994580042E-01 ,     0.406359589194146E-01 , 
  15.36000 ,    -0.207647671232342E-01 ,     0.463104389382319E-01 ,     0.412952851693540E-01 , 
  15.38000 ,    -0.184087848051165E-01 ,     0.622842475902371E-01 ,     0.419528595638398E-01 , 
  15.40000 ,    -0.158199081413395E-01 ,     0.785028867572444E-01 ,     0.425796858744191E-01 , 
  15.42000 ,    -0.132072159015760E-01 ,     0.946821195842664E-01 ,     0.431444331825024E-01 , 
  15.44000 ,    -0.107771126351750E-01 ,     0.110535320862947E+00 ,     0.436143834299828E-01 , 
  15.46000 ,    -0.872794956883973E-02 ,     0.125778846278627E+00 ,     0.439564201922171E-01 , 
  15.48000 ,    -0.724484897779167E-02 ,     0.140137357504101E+00 ,     0.441380325819195E-01 , 
  15.50000 ,    -0.649485131967225E-02 ,     0.153349000428136E+00 ,     0.441283079289081E-01 , 
  15.52000 ,    -0.662249698961259E-02 ,     0.165170336658984E+00 ,     0.438988872573187E-01 , 
  15.54000 ,    -0.774594463776747E-02 ,     0.175380933245186E+00 ,     0.434248585863711E-01 , 
  15.56000 ,    -0.995371581272546E-02 ,     0.183787522211018E+00 ,     0.426855646861951E-01 , 
  15.58000 ,    -0.133021415305277E-01 ,     0.190227649878690E+00 ,     0.416653040859883E-01 , 
  15.60000 ,    -0.178135705373165E-01 ,     0.194572745877121E+00 ,     0.403539068045601E-01 , 
  15.62000 ,    -0.234753818874312E-01 ,     0.196730553020545E+00 ,     0.387471693882878E-01 , 
  15.64000 ,    -0.302398263796723E-01 ,     0.196646871656291E+00 ,     0.368471373239812E-01 , 
  15.66000 ,    -0.380247027832676E-01 ,     0.194306585384428E+00 ,     0.346622266612150E-01 , 
  15.68000 ,    -0.467148560534224E-01 ,     0.189733948980778E+00 ,     0.322071806411941E-01 , 
  15.70000 ,    -0.561644662971463E-01 ,     0.182992133635288E+00 ,     0.295028611938226E-01 , 
  15.72000 ,    -0.662000795090000E-01 ,     0.174182038969833E+00 ,     0.265758792359188E-01 , 
  15.74000 ,    -0.766243144424656E-01 ,     0.163440395442691E+00 ,     0.234580716861598E-01 , 
  15.76000 ,    -0.872201647804292E-01 ,     0.150937194405023E+00 ,     0.201858369132427E-01 , 
  15.78000 ,    -0.977558023492164E-01 ,     0.136872495982156E+00 ,     0.167993438642647E-01 , 
  15.80000 ,    -0.107989775776815E+00 ,     0.121472676858879E+00 ,     0.133416332980260E-01 , 
  15.82000 ,    -0.117676489973032E+00 ,     0.104986190723448E+00 ,     0.985763229873137E-02 , 
  15.84000 ,    -0.126571845302122E+00 ,     0.876789233641203E-01 ,     0.639310550501031E-02 , 
  15.86000 ,    -0.134438911465982E+00 ,     0.698292320384482E-01 ,     0.299356820425528E-02 , 
  15.88000 ,    -0.141053509999647E+00 ,     0.517227646047465E-01 ,    -0.296812427665910E-03 , 
  15.90000 ,    -0.146209580921787E+00 ,     0.336471579074663E-01 ,    -0.343630114358352E-02 , 
  15.92000 ,    -0.149724213442642E+00 ,     0.158867169711627E-01 ,    -0.638663680941124E-02 , 
  15.94000 ,    -0.151442227612859E+00 ,    -0.128282335345883E-02 ,    -0.911400699916298E-02 , 
  15.96000 ,    -0.151240203244599E+00 ,    -0.175993545287693E-01 ,    -0.115899303871929E-01 , 
  15.98000 ,    -0.149029864143953E+00 ,    -0.328191723000389E-01 ,    -0.137920242488009E-01 , 
  16.00000 ,    -0.144760739405192E+00 ,    -0.467213861957238E-01 ,    -0.157046368444032E-01 , 
  16.02000 ,    -0.138422038934213E+00 ,    -0.591118776433285E-01 ,    -0.173193274120031E-01 , 
  16.04000 ,    -0.130043697156020E+00 ,    -0.698267327520680E-01 ,    -0.186351798626244E-01 , 
  16.06000 ,    -0.119696556655653E+00 ,    -0.787350861807688E-01 ,    -0.196589399891598E-01 , 
  16.08000 ,    -0.107491681919379E+00 ,    -0.857413240710082E-01 ,    -0.204049699782540E-01 , 
  16.10000 ,    -0.935788119861638E-01 ,    -0.907866065521771E-01 ,    -0.208950181689060E-01 , 
  16.12000 ,    -0.781439792879004E-01 ,    -0.938496835697682E-01 ,    -0.211578062378463E-01 , 
  16.14000 ,    -0.614063398542481E-01 ,    -0.949469914904365E-01 ,    -0.212284402158096E-01 , 
  16.16000 ,    -0.436142770018534E-01 ,    -0.941320318290445E-01 ,    -0.211476558559778E-01 , 
  16.18000 ,    -0.250408562563268E-01 ,    -0.914940472532776E-01 ,    -0.209609127936798E-01 , 
  16.20000 ,    -0.597872323676874E-02 ,    -0.871560234822883E-01 ,    -0.207173555665973E-01 , 
  16.22000 ,     0.132654517294699E-01 ,    -0.812720585471344E-01 ,    -0.204686628250305E-01 , 
  16.24000 ,     0.323768686535379E-01 ,    -0.740241528753541E-01 ,    -0.202678088779406E-01 , 
  16.26000 ,     0.510387115479935E-01 ,    -0.656184845705152E-01 ,    -0.201677640277208E-01 , 
  16.28000 ,     0.689383547812202E-01 ,    -0.562812438728816E-01 ,    -0.202201618911375E-01 , 
  16.30000 ,     0.857735339767708E-01 ,    -0.462541089284207E-01 ,    -0.204739630439191E-01 , 
  16.32000 ,     0.101258353788743E+00 ,    -0.357894515089835E-01 ,    -0.209741448334142E-01 , 
  16.34000 ,     0.115129008047029E+00 ,    -0.251453660974366E-01 ,    -0.217604470625698E-01 , 
  16.36000 ,     0.127149093541783E+00 ,    -0.145806186936500E-01 ,    -0.228662024582823E-01 , 
  16.38000 ,     0.137114406977876E+00 ,    -0.434961276204057E-02 ,    -0.243172794109496E-01 , 
  16.40000 ,     0.144857125197815E+00 ,     0.530253108251730E-02 ,    -0.261311624366763E-01 , 
  16.42000 ,     0.150249281418327E+00 ,     0.141446877408923E-01 ,    -0.283161932091121E-01 , 
  16.44000 ,     0.153205464680534E+00 ,     0.219641432274935E-01 ,    -0.308709918866885E-01 , 
  16.46000 ,     0.153684685668660E+00 ,     0.285706299735806E-01 ,    -0.337840748867467E-01 , 
  16.48000 ,     0.151691369168990E+00 ,     0.337999063807247E-01 ,    -0.370336813042430E-01 , 
  16.50000 ,     0.147275451357745E+00 ,     0.375168143568272E-01 ,    -0.405878159211881E-01 , 
  16.52000 ,     0.140531578446855E+00 ,     0.396177589862419E-01 ,    -0.444045122922447E-01 , 
  16.54000 ,     0.131597421595651E+00 ,     0.400325659269187E-01 ,    -0.484323148150421E-01 , 
  16.56000 ,     0.120651141031174E+00 ,     0.387256843636663E-01 ,    -0.526109740967050E-01 , 
  16.58000 ,     0.107908049635272E+00 ,     0.356967161356540E-01 ,    -0.568723454073869E-01 , 
  16.60000 ,     0.936165424953278E-01 ,     0.309802647469708E-01 ,    -0.611414756625178E-01 , 
  16.62000 ,     0.780533737439011E-01 ,     0.246451111057253E-01 ,    -0.653378602898476E-01 , 
  16.64000 ,     0.615183751283187E-01 ,     0.167927357647584E-01 ,    -0.693768476018758E-01 , 
  16.66000 ,     0.443287218895274E-01 ,     0.755521990607413E-02 ,    -0.731711649882848E-01 , 
  16.68000 ,     0.268128604679936E-01 ,    -0.290743091755945E-02 ,    -0.766325384372777E-01 , 
  16.70000 ,     0.930421911804308E-02 ,    -0.144104854206707E-01 ,    -0.796733746496977E-01 , 
  16.72000 ,    -0.786517342376458E-02 ,    -0.267481430163661E-01 ,    -0.822084733742989E-01 , 
  16.74000 ,    -0.243710345775576E-01 ,    -0.396975750390249E-01 ,    -0.841567366029515E-01 , 
  16.76000 ,    -0.399030143235454E-01 ,    -0.530232708041362E-01 ,    -0.854428409438892E-01 , 
  16.78000 ,    -0.541705994752884E-01 ,    -0.664816031867757E-01 ,    -0.859988398485895E-01 , 
  16.80000 ,    -0.669086200400544E-01 ,    -0.798255247182121E-01 ,    -0.857656633988541E-01 , 
  16.82000 ,    -0.778822503186067E-01 ,    -0.928093032605182E-01 ,    -0.846944850465036E-01 , 
  16.84000 ,    -0.868914079682991E-01 ,    -0.105193206148112E+00 ,    -0.827479270068488E-01 , 
  16.86000 ,    -0.937744667308761E-01 ,    -0.116748043274354E+00 ,    -0.799010788939298E-01 , 
  16.88000 ,    -0.984112126416039E-01 ,    -0.127259482908024E+00 ,    -0.761423075937750E-01 , 
  16.90000 ,    -0.100724988989096E+00 ,    -0.136532058972932E+00 ,    -0.714738402343756E-01 , 
  16.92000 ,    -0.100683991759482E+00 ,    -0.144392795006910E+00 ,    -0.659121063511032E-01 , 
  16.94000 ,    -0.983016944302033E-01 ,    -0.150694377897787E+00 ,    -0.594878298797309E-01 , 
  16.96000 ,    -0.936363984221821E-01 ,    -0.155317823610967E+00 ,    -0.522458663459563E-01 , 
  16.98000 ,    -0.867899229153202E-01 ,    -0.158174587290875E+00 ,    -0.442447854661039E-01 , 
  17.00000 ,    -0.779054647260220E-01 ,    -0.159208081132035E+00 ,    -0.355562042322551E-01 , 
  17.02000 ,    -0.671646751929618E-01 ,    -0.158394575055681E+00 ,    -0.262638803299138E-01 , 
  17.04000 ,    -0.547840161928742E-01 ,    -0.155743467264614E+00 ,    -0.164625803328052E-01 , 
  17.06000 ,    -0.410104712115118E-01 ,    -0.151296923946402E+00 ,    -0.625674144661424E-02 , 
  17.08000 ,    -0.261166995564412E-01 ,    -0.145128899515904E+00 ,     0.424105045392997E-02 , 
  17.10000 ,    -0.103957320850154E-01 ,    -0.137343560598184E+00 ,     0.149117402103739E-01 , 
  17.12000 ,     0.584468495936454E-02 ,    -0.128073148226341E+00 ,     0.256316108659538E-01 , 
  17.14000 ,     0.222879854046328E-01 ,    -0.117475323251260E+00 ,     0.362741874517721E-01 , 
  17.16000 ,     0.386148016131498E-01 ,    -0.105730049534436E+00 ,     0.467122034058297E-01 , 
  17.18000 ,     0.545089883397173E-01 ,    -0.930360779427813E-01 ,     0.568195947323771E-01 , 
  17.20000 ,     0.696635354202440E-01 ,    -0.796071013315637E-01 ,     0.664734864507410E-01 , 
  17.22000 ,     0.837862560963119E-01 ,    -0.656676564598120E-01 ,     0.755561359999216E-01 , 
  17.24000 ,     0.966051433795463E-01 ,    -0.514488530319111E-01 ,     0.839567990534811E-01 , 
  17.26000 ,     0.107873294548928E+00 ,    -0.371840127298293E-01 ,     0.915734846410407E-01 , 
  17.28000 ,     0.117373313473622E+00 ,    -0.231043021540901E-01 ,     0.983145685374323E-01 , 
  17.30000 ,     0.124921111746340E+00 ,    -0.943444302110036E-02 ,     0.104100236525860E+00 , 
  17.32000 ,     0.130369042347796E+00 ,     0.361141920510114E-02 ,     0.108863732313242E+00 , 
  17.34000 ,     0.133608313465025E+00 ,     0.158336107819405E-01 ,     0.112552388510473E+00 , 
  17.36000 ,     0.134570644858255E+00 ,     0.270505169653937E-01 ,     0.115128423114922E+00 , 
  17.38000 ,     0.133229144501324E+00 ,     0.371017953201225E-01 ,     0.116569488267380E+00 , 
  17.40000 ,     0.129598398790623E+00 ,     0.458511570139097E-01 ,     0.116868962615276E+00 , 
  17.42000 ,     0.123733785107782E+00 ,     0.531886668222258E-01 ,     0.116035983309293E+00 , 
  17.44000 ,     0.115730030618183E+00 ,     0.590325222129128E-01 ,     0.114095218400258E+00 , 
  17.46000 ,     0.105719055589847E+00 ,     0.633302822006142E-01 ,     0.111086385095932E+00 , 
  17.48000 ,     0.938671529425689E-01 ,     0.660595274504769E-01 ,     0.107063523893595E+00 , 
  17.50000 ,     0.803715679269804E-01 ,     0.672279441581295E-01 ,     0.102094042937645E+00 , 
  17.52000 ,     0.654565525583774E-01 ,     0.668728353225334E-01 ,     0.962575509809493E-01 , 
  17.54000 ,     0.493689784949436E-01 ,     0.650600739456699E-01 ,     0.896445009798214E-01 , 
  17.56000 ,     0.323735992962533E-01 ,     0.618825232292369E-01 ,     0.823546695590997E-01 , 
  17.58000 ,     0.147480583073009E-01 ,     0.574579587941094E-01 ,     0.744955002889291E-01 , 
  17.60000 ,    -0.322225829074872E-02 ,     0.519265371368464E-01 ,     0.661803408719810E-01 , 
  17.62000 ,    -0.212494224726139E-01 ,     0.454478627895673E-01 ,     0.575266059137633E-01 , 
  17.64000 ,    -0.390481194016777E-01 ,     0.381977138150565E-01 ,     0.486538979157806E-01 , 
  17.66000 ,    -0.563406592756807E-01 ,     0.303644912209322E-01 ,     0.396821194803512E-01 , 
  17.68000 ,    -0.728617534260794E-01 ,     0.221454625125671E-01 ,     0.307296094476593E-01 , 
  17.70000 ,    -0.883629685451772E-01 ,     0.137428728482690E-01 ,     0.219113348130604E-01 , 
  17.72000 ,    -0.102616780949274E+00 ,     0.535999906386061E-02 ,     0.133371688203105E-01 , 
  17.74000 ,    -0.115420162226783E+00 ,    -0.280277782265851E-02 ,     0.511028362987513E-02 , 
  17.76000 ,    -0.126597638247468E+00 ,    -0.105518071235524E-01 ,    -0.267431653358091E-02 , 
  17.78000 ,    -0.136003775081681E+00 ,    -0.177038380306834E-01 ,    -0.993109878895791E-02 , 
  17.80000 ,    -0.143525057640963E+00 ,    -0.240894560954592E-01 ,    -0.165851219156864E-01 , 
  17.82000 ,    -0.149081139537745E+00 ,    -0.295562236691243E-01 ,    -0.225729575648139E-01 , 
  17.84000 ,    -0.152625455502750E+00 ,    -0.339714676189298E-01 ,    -0.278434002173344E-01 , 
  17.86000 ,    -0.154145200426738E+00 ,    -0.372246649378277E-01 ,    -0.323579577704020E-01 , 
  17.88000 ,    -0.153660691448444E+00 ,    -0.392293850321819E-01 ,    -0.360911187391454E-01 , 
  17.90000 ,    -0.151224141246292E+00 ,    -0.399247563369877E-01 ,    -0.390303961684193E-01 , 
  17.92000 ,    -0.146917881578791E+00 ,    -0.392764342931804E-01 ,    -0.411761523762603E-01 , 
  17.94000 ,    -0.140852085951253E+00 ,    -0.372770574405101E-01 ,    -0.425412125232335E-01 , 
  17.96000 ,    -0.133162048884869E+00 ,    -0.339461882419145E-01 ,    -0.431502786478550E-01 , 
  17.98000 ,    -0.124005086478352E+00 ,    -0.293297450702814E-01 ,    -0.430391591620414E-01 , 
  18.00000 ,    -0.113557128664864E+00 ,    -0.234989413682651E-01 ,    -0.422538318033197E-01 , 
  18.02000 ,    -0.102009077694769E+00 ,    -0.165487571554539E-01 ,    -0.408493606415320E-01 , 
  18.04000 ,    -0.895630098702523E-01 ,    -0.859597663397725E-02 ,    -0.388886898950556E-01 , 
  18.06000 ,    -0.764282984091196E-01 ,     0.223166523740237E-03 ,    -0.364413389928438E-01 , 
  18.08000 ,    -0.628177345456240E-01 ,     0.975568767384336E-02 ,    -0.335820245015537E-01 , 
  18.10000 ,    -0.489437216432513E-01 ,     0.198348390151025E-01 ,    -0.303892352097137E-01 , 
  18.12000 ,    -0.350146132878473E-01 ,     0.302833274148831E-01 ,    -0.269437868217233E-01 , 
  18.14000 ,    -0.212312611679333E-01 ,     0.409166992989727E-01 ,    -0.233273823720123E-01 , 
  18.16000 ,    -0.778383217815381E-02 ,     0.515468272538811E-01 ,    -0.196212036424008E-01 , 
  18.18000 ,     0.515105323092306E-02 ,     0.619854318584744E-01 ,    -0.159045575812381E-01 , 
  18.20000 ,     0.174128177015647E-01 ,     0.720475724066076E-01 ,    -0.122536000174931E-01 , 
  18.22000 ,     0.288590237847898E-01 ,     0.815550415842229E-01 ,    -0.874015688036967E-02 , 
  18.24000 ,     0.393670454616157E-01 ,     0.903396017795881E-01 ,    -0.543066072563862E-02 , 
  18.26000 ,     0.488352985099167E-01 ,     0.982460044677270E-01 ,    -0.238521768938091E-02 , 
  18.28000 ,     0.571840234779921E-01 ,     0.105134738931978E+00 ,     0.343182901833474E-03 , 
  18.30000 ,     0.643556244576234E-01 ,     0.110884462360550E+00 ,     0.270930707556142E-02 , 
  18.32000 ,     0.703145758928512E-01 ,     0.115394069960175E+00 ,     0.467615684874879E-02 , 
  18.34000 ,     0.750469181312296E-01 ,     0.118584371024913E+00 ,     0.621529003426658E-02 , 
  18.36000 ,     0.785593701543532E-01 ,     0.120399344736750E+00 ,     0.730697940124506E-02 , 
  18.38000 ,     0.808780947675589E-01 ,     0.120806957698403E+00 ,     0.794021437018647E-02 , 
  18.40000 ,     0.820471573620774E-01 ,     0.119799533645512E+00 ,     0.811255126202603E-02 , 
  18.42000 ,     0.821267240894114E-01 ,     0.117393674290602E+00 ,     0.782982074614956E-02 , 
  18.44000 ,     0.811910488380315E-01 ,     0.113629738652013E+00 ,     0.710570349956967E-02 , 
  18.46000 ,     0.793263007352740E-01 ,     0.108570896358990E+00 ,     0.596118715827541E-02 , 
  18.48000 ,     0.766282850001084E-01 ,     0.102301778148152E+00 ,     0.442391937975107E-02 , 
  18.50000 ,     0.732001098608806E-01 ,     0.949267539360902E-01 ,     0.252747321808296E-02 , 
  18.52000 ,     0.691498509690703E-01 ,     0.865678753399504E-01 ,     0.310542023354635E-03 , 
  18.54000 ,     0.645882623539560E-01 ,     0.773625252099622E-01 ,    -0.218391829325729E-02 , 
  18.56000 ,     0.596265795655814E-01 ,     0.674608215392466E-01 ,    -0.490958153824107E-02 , 
  18.58000 ,     0.543744563571395E-01 ,     0.570228269501454E-01 ,    -0.781766009179099E-02 , 
  18.60000 ,     0.489380711927598E-01 ,     0.462156177654571E-01 ,    -0.108578128558648E-01 , 
  18.62000 ,     0.434184341771484E-01 ,     0.352102684211705E-01 ,    -0.139790356251304E-01 , 
  18.64000 ,     0.379099188440303E-01 ,     0.241788076488125E-01 ,    -0.171305183337607E-01 , 
  18.66000 ,     0.324990367724988E-01 ,     0.132912024561265E-01 ,    -0.202624550243166E-01 , 
  18.68000 ,     0.272634663878486E-01 ,     0.271242449027447E-02 ,    -0.233267940102013E-01 , 
  18.70000 ,     0.222713407093061E-01 ,    -0.740034907624503E-02 ,    -0.262779175171491E-01 , 
  18.72000 ,     0.175807923886430E-01 ,    -0.169003513762641E-01 ,    -0.290732420461665E-01 , 
  18.74000 ,     0.132397482902124E-01 ,    -0.256536138686911E-01 ,    -0.316737327527400E-01 , 
  18.76000 ,     0.928596023121923E-02 ,    -0.335410870159814E-01 ,    -0.340443272369597E-01 , 
  18.78000 ,     0.574725345321138E-02 ,    -0.404604597283872E-01 ,    -0.361542662389098E-01 , 
  18.80000 ,     0.264197003596746E-02 ,    -0.463276498597827E-01 ,    -0.379773307873268E-01 , 
  18.82000 ,    -0.204191219097809E-04 ,    -0.510779446186862E-01 ,    -0.394919873136297E-01 , 
  18.84000 ,    -0.223856288220101E-02 ,    -0.546667766086911E-01 ,    -0.406814440779893E-01 , 
  18.86000 ,    -0.401837000613020E-02 ,    -0.570701281996263E-01 ,    -0.415336239233330E-01 , 
  18.88000 ,    -0.537207283167603E-02 ,    -0.582845639193348E-01 ,    -0.420410598462256E-01 , 
  18.90000 ,    -0.631724655520551E-02 ,    -0.583268974132887E-01 ,    -0.422007211249795E-01 , 
  18.92000 ,    -0.687581540762526E-02 ,    -0.572335061180337E-01 ,    -0.420137787557429E-01 , 
  18.94000 ,    -0.707307542365238E-02 ,    -0.550593130146654E-01 ,    -0.414853197032831E-01 , 
  18.96000 ,    -0.693676116319517E-02 ,    -0.518764605599543E-01 ,    -0.406240199678401E-01 , 
  18.98000 ,    -0.649618074111579E-02 ,    -0.477727070367564E-01 ,    -0.394417867020678E-01 , 
  19.00000 ,    -0.578143995565509E-02 ,    -0.428495800366480E-01 ,    -0.379533795881919E-01 , 
  19.02000 ,    -0.482277228895804E-02 ,    -0.372203255157274E-01 ,    -0.361760214164944E-01 , 
  19.04000 ,    -0.364998720647800E-02 ,    -0.310076937943998E-01 ,    -0.341290073088238E-01 , 
  19.06000 ,    -0.229204463318193E-02 ,    -0.243416059653731E-01 ,    -0.318333213267827E-01 , 
  19.08000 ,    -0.776758863230198E-03 ,    -0.173567454096662E-01 ,    -0.293112683194975E-01 , 
  19.10000 ,     0.869369404343763E-03 ,    -0.101901194936319E-01 ,    -0.265861278299385E-01 , 
  19.12000 ,     0.262119859305818E-02 ,    -0.297863604314620E-02 ,    -0.236818357239341E-01 , 
  19.14000 ,     0.445487910927889E-02 ,     0.414326210757206E-02 ,    -0.206226979664174E-01 , 
  19.16000 ,     0.634768697628286E-02 ,     0.110458632720855E-01 ,    -0.174331396803409E-01 , 
  19.18000 ,     0.827777484865210E-02 ,     0.176063153502783E-01 ,    -0.141374913204699E-01 , 
  19.20000 ,     0.102238595925763E-01 ,     0.237105815756224E-01 ,    -0.107598125116161E-01 , 
  19.22000 ,     0.121648675455923E-01 ,     0.292551926163066E-01 ,    -0.732375287202445E-02 , 
  19.24000 ,     0.140795597998639E-01 ,     0.341487685742554E-01 ,    -0.385244799850016E-02 , 
  19.26000 ,     0.159461603593023E-01 ,     0.383132893080131E-01 ,    -0.368447758343467E-03 , 
  19.28000 ,     0.177420097950008E-01 ,     0.416850966682713E-01 ,     0.310632686134028E-02 , 
  19.30000 ,     0.194432660780524E-01 ,     0.442156175736586E-01 ,     0.655060283380970E-02 , 
  19.32000 ,     0.210246726350139E-01 ,     0.458718022633386E-01 ,     0.994375515376406E-02 , 
  19.34000 ,     0.224594113988638E-01 ,     0.466362774375549E-01 ,     0.132657933117983E-01 , 
  19.36000 ,     0.237190557836430E-01 ,     0.465072192363381E-01 ,     0.164973398063859E-01 , 
  19.38000 ,     0.247736351755968E-01 ,     0.454979560141048E-01 ,     0.196196063192033E-01 , 
  19.40000 ,     0.255918188019052E-01 ,     0.436363155548847E-01 ,     0.226143729955588E-01 , 
  19.42000 ,     0.261412228146674E-01 ,     0.409637356587853E-01 ,     0.254639759111035E-01 , 
  19.44000 ,     0.263888402252254E-01 ,     0.375341608445666E-01 ,     0.281513072824555E-01 , 
  19.46000 ,     0.263015890591440E-01 ,     0.334127511960485E-01 ,     0.306598323107487E-01 , 
  19.48000 ,     0.258469698943430E-01 ,     0.286744320839370E-01 ,     0.329736257546613E-01 , 
  19.50000 ,     0.249938199115197E-01 ,     0.234023155842048E-01 ,     0.350774304376414E-01 , 
  19.52000 ,     0.237131468406126E-01 ,     0.176860258670727E-01 ,     0.369567389295753E-01 , 
  19.54000 ,     0.219790228359032E-01 ,     0.116199616374942E-01 ,     0.385978986343957E-01 , 
  19.56000 ,     0.197695154519048E-01 ,     0.530152887220480E-02 ,     0.399882394915290E-01 , 
  19.58000 ,     0.170676306066418E-01 ,    -0.117062336439832E-02 ,     0.411162224900540E-01 , 
  19.60000 ,     0.138622407781087E-01 ,    -0.769833230566104E-02 ,     0.419716062290833E-01 , 
  19.62000 ,     0.101489707372428E-01 ,    -0.141855859730865E-01 ,     0.425456278636872E-01 , 
  19.64000 ,     0.593101291264080E-02 ,    -0.205400948125059E-01 ,     0.428311939785074E-01 , 
  19.66000 ,     0.121984502615377E-02 ,    -0.266747451104911E-01 ,     0.428230762540286E-01 , 
  19.68000 ,    -0.396417606717836E-02 ,    -0.325089118123851E-01 ,     0.425181062532031E-01 , 
  19.70000 ,    -0.959136837707922E-02 ,    -0.379696116740177E-01 ,     0.419153632750061E-01 , 
  19.72000 ,    -0.156224479409949E-01 ,    -0.429924812401270E-01 ,     0.410163490087060E-01 , 
  19.74000 ,    -0.220084391301010E-01 ,    -0.475225678777778E-01 ,     0.398251426859303E-01 , 
  19.76000 ,    -0.286907861667486E-01 ,    -0.515149259255974E-01 ,     0.383485305703385E-01 , 
  19.78000 ,    -0.356016755393557E-01 ,    -0.549350138730527E-01 ,     0.365961039455115E-01 , 
  19.80000 ,    -0.426645742464943E-01 ,    -0.577588922840259E-01 ,     0.345803202545966E-01 , 
  19.82000 ,    -0.497949837865418E-01 ,    -0.599732258547176E-01 ,     0.323165227000427E-01 , 
  19.84000 ,    -0.569014046513930E-01 ,    -0.615750964815005E-01 ,     0.298229144138296E-01 , 
  19.86000 ,    -0.638865009056588E-01 ,    -0.625716374496662E-01 ,     0.271204842396715E-01 , 
  19.88000 ,    -0.706484493618731E-01 ,    -0.629795017860142E-01 ,     0.242328822070276E-01 , 
  19.90000 ,    -0.770824530213822E-01 ,    -0.628241804015560E-01 ,     0.211862438978242E-01 , 
  19.92000 ,    -0.830823939600520E-01 ,    -0.621391878484319E-01 ,     0.180089640837828E-01 , 
  19.94000 ,    -0.885425968104975E-01 ,    -0.609651352993569E-01 ,     0.147314212167439E-01 , 
  19.96000 ,    -0.933596705317493E-01 ,    -0.593487117096942E-01 ,     0.113856555569968E-01 , 
  19.98000 ,    -0.974343933539421E-01 ,    -0.573415950317736E-01 ,     0.800500489582520E-02 , 
  20.00000 ,    -0.100673603716659E+00 ,    -0.549993158176887E-01 ,     0.462370293917335E-02 , 
  20.02000 ,    -0.102992058744976E+00 ,    -0.523800955784448E-01 ,     0.127644644160774E-02 , 
  20.04000 ,    -0.104314221369647E+00 ,    -0.495436818803037E-01 ,    -0.200206191242632E-02 , 
  20.06000 ,    -0.104575937620533E+00 ,    -0.465502013772246E-01 ,    -0.517758711321835E-02 , 
  20.08000 ,    -0.103725966909065E+00 ,    -0.434590508321328E-01 ,    -0.821684353812359E-02 , 
  20.10000 ,    -0.101727330250239E+00 ,    -0.403278447059122E-01 ,    -0.110879759575701E-01 , 
  20.12000 ,    -0.985584443215032E-01 ,    -0.372114361330844E-01 ,    -0.137610307732103E-01 , 
  20.14000 ,    -0.942140129603331E-01 ,    -0.341610261025366E-01 ,    -0.162084083762971E-01 , 
  20.16000 ,    -0.887056520918829E-01 ,    -0.312233734687365E-01 ,    -0.184052876652013E-01 , 
  20.18000 ,    -0.820622290641418E-01 ,    -0.284401160836412E-01 ,    -0.203300141125752E-01 , 
  20.20000 ,    -0.743299028475747E-01 ,    -0.258472109126967E-01 ,    -0.219644433198768E-01 , 
  20.22000 ,    -0.655718574143643E-01 ,    -0.234744985301624E-01 ,    -0.232942327300912E-01 , 
  20.24000 ,    -0.558677267245495E-01 ,    -0.213453949283797E-01 ,    -0.243090750744912E-01 , 
  20.26000 ,    -0.453127159814665E-01 ,    -0.194767111689887E-01 ,    -0.250028681880469E-01 , 
  20.28000 ,    -0.340164300420320E-01 ,    -0.178785990947620E-01 ,    -0.253738170188633E-01 , 
  20.30000 ,    -0.221014259427970E-01 ,    -0.165546191479781E-01 ,    -0.254244649548777E-01 , 
  20.32000 ,    -0.970151229706536E-02 ,    -0.155019243398154E-01 ,    -0.251616529683822E-01 , 
  20.34000 ,     0.304017629639672E-02 ,    -0.147115526147423E-01 ,    -0.245964065062111E-01 , 
  20.36000 ,     0.159732968362961E-01 ,    -0.141688182784686E-01 ,    -0.237437514997026E-01 , 
  20.38000 ,     0.289425702782238E-01 ,    -0.138537918261985E-01 ,    -0.226224623022559E-01 , 
  20.40000 ,     0.417901679704759E-01 ,    -0.137418564323290E-01 ,    -0.212547457519111E-01 , 
  20.42000 ,     0.543581687946365E-01 ,    -0.138043285502587E-01 ,    -0.196658668711895E-01 , 
  20.44000 ,     0.664910418436130E-01 ,    -0.140091295229734E-01 ,    -0.178837229271072E-01 , 
  20.46000 ,     0.780381085937931E-01 ,    -0.143214948173385E-01 ,    -0.159383736537119E-01 , 
  20.48000 ,     0.888559385954522E-01 ,    -0.147047074587042E-01 ,    -0.138615363632682E-01 , 
  20.50000 ,     0.988106337196814E-01 ,    -0.151208424437812E-01 ,    -0.116860554192567E-01 , 
  20.52000 ,     0.107779957944054E+00 ,    -0.155315093314506E-01 ,    -0.944535609731579E-02 , 
  20.54000 ,     0.115655272495241E+00 ,    -0.158985808322062E-01 ,    -0.717289320607067E-02 , 
  20.56000 ,     0.122343239838173E+00 ,    -0.161848960138149E-01 ,    -0.490160496980443E-02 , 
  20.58000 ,     0.127767264432903E+00 ,    -0.163549276878777E-01 ,    -0.266338258524647E-02 , 
  20.60000 ,     0.131868643280486E+00 ,    -0.163754046122904E-01 ,    -0.488565556236533E-03 , 
  20.62000 ,     0.134607404941428E+00 ,    -0.162158803105472E-01 ,     0.159452761157418E-02 , 
  20.64000 ,     0.135962821816351E+00 ,    -0.158492415426704E-01 ,     0.356002449818812E-02 , 
  20.66000 ,     0.135933586899890E+00 ,    -0.152521507373290E-01 ,     0.538487169331203E-02 , 
  20.68000 ,     0.134537652820550E+00 ,    -0.144054179843786E-01 ,     0.704914869247050E-02 , 
  20.70000 ,     0.131811737622231E+00 ,    -0.132942994675389E-01 ,     0.853631712779987E-02 , 
  20.72000 ,     0.127810508287489E+00 ,    -0.119087204659532E-01 ,     0.983340104331122E-02 , 
  20.74000 ,     0.122605459310484E+00 ,    -0.102434222513714E-01 ,     0.109310953628756E-01 , 
  20.76000 ,     0.116283509566706E+00 ,    -0.829803333761494E-02 ,     0.118238011981836E-01 , 
  20.78000 ,     0.108945346172246E+00 ,    -0.607706658686693E-02 ,     0.125095881711937E-01 , 
  20.80000 ,     0.100703548864081E+00 ,    -0.358984463204453E-02 ,     0.129900854483087E-01 , 
  20.82000 ,     0.916805325642052E-01 ,    -0.850356928110751E-03 ,     0.132703046687607E-01 , 
  20.84000 ,     0.820063491293134E-01 ,     0.212294750745390E-02 ,     0.133583993653879E-01 , 
  20.86000 ,     0.718163917665555E-01 ,     0.530742696591142E-02 ,     0.132653667914318E-01 , 
  20.88000 ,     0.612490471654347E-01 ,     0.867656830041133E-02 ,     0.130046992537058E-01 , 
  20.90000 ,     0.504433410269426E-01 ,     0.122003569058977E-01 ,     0.125919930846076E-01 , 
  20.92000 ,     0.395366223543225E-01 ,     0.158456894461894E-01 ,     0.120445242406112E-01 , 
  20.94000 ,     0.286623306169223E-01 ,     0.195768231185506E-01 ,     0.113808001743530E-01 , 
  20.96000 ,     0.179478877406860E-01 ,     0.233558551027906E-01 ,     0.106200980768801E-01 , 
  20.98000 ,     0.751275386694122E-02 ,     0.271432257767924E-01 ,     0.978199981614545E-02 , 
  21.00000 ,    -0.253331797585707E-02 ,     0.308982392843433E-01 ,     0.888593390240098E-02 , 
  21.02000 ,    -0.120917976392971E-01 ,     0.345795951049141E-01 ,     0.795073459050261E-02 , 
  21.04000 ,    -0.210766385086628E-01 ,     0.381459243895902E-01 ,     0.699422778806854E-02 , 
  21.06000 ,    -0.294152630730152E-01 ,     0.415563249841026E-01 ,     0.603285278643875E-02 , 
  21.08000 ,    -0.370492593879116E-01 ,     0.447708892510628E-01 ,     0.508132798257063E-02 , 
  21.10000 ,    -0.439347805876308E-01 ,     0.477512190224164E-01 ,     0.415236773284774E-02 , 
  21.12000 ,    -0.500426458845025E-01 ,     0.504609222540290E-01 ,     0.325645629660629E-02 , 
  21.14000 ,    -0.553581477385765E-01 ,     0.528660862131777E-01 ,     0.240168351374164E-02 , 
  21.16000 ,    -0.598805759574806E-01 ,     0.549357223034401E-01 ,     0.159364544571776E-02 , 
  21.18000 ,    -0.636224752646301E-01 ,     0.566421779185853E-01 ,     0.835411723554712E-03 , 
  21.20000 ,    -0.666086582322011E-01 ,     0.579615110173130E-01 ,     0.127559822353560E-03 , 
  21.22000 ,    -0.688750003013528E-01 ,     0.588738234249408E-01 ,    -0.531725046964553E-03 , 
  21.24000 ,    -0.704670478066092E-01 ,     0.593635491983384E-01 ,    -0.114648723828643E-02 , 
  21.26000 ,    -0.714384733990307E-01 ,     0.594196947393126E-01 ,    -0.172277941160961E-02 , 
  21.28000 ,    -0.718494159548750E-01 ,     0.590360277124289E-01 ,    -0.226838830878308E-02 , 
  21.30000 ,    -0.717647439119102E-01 ,     0.582112122196448E-01 ,    -0.279251438004765E-02 , 
  21.32000 ,    -0.712522819617862E-01 ,     0.569488881094960E-01 ,    -0.330541315034485E-02 , 
  21.34000 ,    -0.703810411308760E-01 ,     0.552576927563612E-01 ,    -0.381800711316241E-02 , 
  21.36000 ,    -0.692194915099845E-01 ,     0.531512241380593E-01 ,    -0.434147764453078E-02 , 
  21.38000 ,    -0.678339152708650E-01 ,     0.506479445696551E-01 ,    -0.488684692473617E-02 , 
  21.40000 ,    -0.662868751785061E-01 ,     0.477710250184598E-01 ,    -0.546456012893324E-02 , 
  21.42000 ,    -0.646358306341209E-01 ,     0.445481305292196E-01 ,    -0.608407819346693E-02 , 
  21.44000 ,    -0.629319294420412E-01 ,     0.410111479272642E-01 ,    -0.675349128061203E-02 , 
  21.46000 ,    -0.612189990756672E-01 ,     0.371958576370708E-01 ,    -0.747916265385597E-02 , 
  21.48000 ,    -0.595327563268089E-01 ,     0.331415521488500E-01 ,    -0.826541204695101E-02 , 
  21.50000 ,    -0.579002489721746E-01 ,     0.288906043790393E-01 ,    -0.911424677558699E-02 , 
  21.52000 ,    -0.563395376005420E-01 ,     0.244879898931053E-01 ,    -0.100251478181349E-01 , 
  21.54000 ,    -0.548596201387760E-01 ,     0.199807676802093E-01 ,    -0.109949169028841E-01 , 
  21.56000 ,    -0.534605960202544E-01 ,     0.154175248770752E-01 ,    -0.120175893087221E-01 , 
  21.58000 ,    -0.521340614801942E-01 ,     0.108477915196795E-01 ,    -0.130844156425319E-01 , 
  21.60000 ,    -0.508637222594510E-01 ,     0.632143204188755E-02 ,    -0.141839143304748E-01 , 
  21.62000 ,    -0.496262051656128E-01 ,     0.188802082525799E-02 ,    -0.153019949844421E-01 , 
  21.64000 ,    -0.483920455823836E-01 ,    -0.240379038123829E-02 ,    -0.164221512131549E-01 , 
  21.66000 ,    -0.471268242286481E-01 ,    -0.650690492372260E-02 ,    -0.175257198738752E-01 , 
  21.68000 ,    -0.457924233271604E-01 ,    -0.103764050109569E-01 ,    -0.185922022395517E-01 , 
  21.70000 ,    -0.443483699141389E-01 ,    -0.139701579937045E-01 ,    -0.195996411204218E-01 , 
  21.72000 ,    -0.427532323534519E-01 ,    -0.172493962718866E-01 ,    -0.205250466599183E-01 , 
  21.74000 ,    -0.409660352433237E-01 ,    -0.201792619903365E-01 ,    -0.213448623511589E-01 , 
  21.76000 ,    -0.389476578322894E-01 ,    -0.227293078724881E-01 ,    -0.220354618182338E-01 , 
  21.78000 ,    -0.366621817891552E-01 ,    -0.248739458792152E-01 ,    -0.225736660983307E-01 , 
  21.80000 ,    -0.340781556755485E-01 ,    -0.265928358701783E-01 ,    -0.229372705648599E-01 , 
  21.82000 ,    -0.311697457087363E-01 ,    -0.278712070871827E-01 ,    -0.231055702620270E-01 , 
  21.84000 ,    -0.279177453198374E-01 ,    -0.287001060699197E-01 ,    -0.230598722870333E-01 , 
  21.86000 ,    -0.243104195366726E-01 ,    -0.290765655472805E-01 ,    -0.227839839614550E-01 , 
  21.88000 ,    -0.203441642664022E-01 ,    -0.290036899122943E-01 ,    -0.222646658776932E-01 , 
  21.90000 ,    -0.160239650248251E-01 ,    -0.284906540722263E-01 ,    -0.214920394838398E-01 , 
  21.92000 ,    -0.113636444517437E-01 ,    -0.275526137511608E-01 ,    -0.204599396702187E-01 , 
  21.94000 ,    -0.638589295386749E-02 ,    -0.262105266910180E-01 ,    -0.191662038278416E-01 , 
  21.96000 ,    -0.112208191280041E-02 ,    -0.244908856264558E-01 ,    -0.176128900432724E-01 , 
  21.98000 ,     0.438813603078490E-02 ,    -0.224253653751932E-01 ,    -0.158064184521719E-01 , 
  22.00000 ,     0.100974301701372E-01 ,    -0.200503878618374E-01 ,    -0.137576312678774E-01 , 
  22.02000 ,     0.159515842697028E-01 ,    -0.174066103528419E-01 ,    -0.114817686015726E-01 , 
  22.04000 ,     0.218904599821429E-01 ,    -0.145383435945725E-01 ,    -0.899835886444758E-02 , 
  22.06000 ,     0.278491087995476E-01 ,    -0.114929078870561E-01 ,    -0.633102425566449E-02 , 
  22.08000 ,     0.337590068486560E-01 ,    -0.831993636485961E-02 ,    -0.350720355790781E-02 , 
  22.10000 ,     0.395493841042791E-01 ,    -0.507063586658802E-02 ,    -0.557796149544002E-03 , 
  22.12000 ,     0.451486175270215E-01 ,    -0.179701673028662E-02 ,     0.248326723564228E-02 , 
  22.14000 ,     0.504856562739528E-01 ,     0.144889636955649E-02 ,     0.557951994710591E-02 , 
  22.16000 ,     0.554914465105762E-01 ,     0.461585984715603E-02 ,     0.869251260773263E-02 , 
  22.18000 ,     0.601003234790910E-01 ,     0.765419983072632E-02 ,     0.117824143751287E-01 , 
  22.20000 ,     0.642513393442923E-01 ,     0.105165807883197E-01 ,     0.148086515448960E-01 , 
  22.22000 ,     0.678894969204750E-01 ,     0.131587410541426E-01 ,     0.177305719250193E-01 , 
  22.24000 ,     0.709668616402782E-01 ,     0.155401824965718E-01 ,     0.205081227934700E-01 , 
  22.26000 ,     0.734435270043856E-01 ,     0.176248021519023E-01 ,     0.231025298721181E-01 , 
  22.28000 ,     0.752884121803206E-01 ,     0.193814544671174E-01 ,     0.254769646174924E-01 , 
  22.30000 ,     0.764798743181705E-01 ,     0.207844338408412E-01 ,     0.275971872463455E-01 , 
  22.32000 ,     0.770061224296587E-01 ,     0.218138684091708E-01 ,     0.294321532797207E-01 , 
  22.34000 ,     0.768654242349113E-01 ,     0.224560174730884E-01 ,     0.309545719967338E-01 , 
  22.36000 ,     0.760661021135334E-01 ,     0.227034665827441E-01 ,     0.321414060270248E-01 , 
  22.38000 ,     0.746263190942509E-01 ,     0.225552160534772E-01 ,     0.329743023626551E-01 , 
  22.40000 ,     0.725736605710141E-01 ,     0.220166605578473E-01 ,     0.334399463156641E-01 , 
  22.42000 ,     0.699445220348786E-01 ,     0.210994593830875E-01 ,     0.335303313621712E-01 , 
  22.44000 ,     0.667833174561816E-01 ,     0.198212989280369E-01 ,     0.332429393699992E-01 , 
  22.46000 ,     0.631415269427824E-01 ,     0.182055509998595E-01 ,     0.325808273737523E-01 , 
  22.48000 ,     0.590766058481250E-01 ,     0.162808324200768E-01 ,     0.315526188062164E-01 , 
  22.50000 ,     0.546507805289419E-01 ,     0.140804733230078E-01 ,     0.301723988835248E-01 , 
  22.52000 ,     0.499297583899213E-01 ,     0.116419032896812E-01 ,     0.284595156385297E-01 , 
  22.54000 ,     0.449813816487529E-01 ,     0.900596607049033E-02 ,     0.264382898668843E-01 , 
  22.56000 ,     0.398742553715646E-01 ,     0.621617507624603E-02 ,     0.241376389587148E-01 , 
  22.58000 ,     0.346763807433087E-01 ,     0.331792302919101E-02 ,     0.215906212019692E-01 , 
  22.60000 ,     0.294538242436739E-01 ,     0.357660135850872E-03 ,     0.188339086300201E-01 , 
  22.62000 ,     0.242694524062675E-01 ,    -0.261794415019511E-02 ,     0.159071978169920E-01 , 
  22.64000 ,     0.191817601723765E-01 ,    -0.556284028306152E-02 ,     0.128525691736884E-01 , 
  22.66000 ,     0.142438185513992E-01 ,    -0.843242307373458E-02 ,     0.971380624294450E-02 , 
  22.68000 ,     0.950236442258944E-02 ,    -0.111843259804596E-01 ,     0.653568721758545E-02 , 
  22.70000 ,     0.499705192493088E-02 ,    -0.137791702578439E-01 ,     0.336326139345098E-02 , 
  22.72000 ,     0.759881062596406E-03 ,    -0.161812547482641E-01 ,     0.241123515285290E-03 , 
  22.74000 ,    -0.318518500887783E-02 ,    -0.183591731489008E-01 ,    -0.278730102930199E-02 , 
  22.76000 ,    -0.682240696000711E-02 ,    -0.202863469037047E-01 ,    -0.568044746218616E-02 , 
  22.78000 ,    -0.101442580280196E-01 ,    -0.219414634286317E-01 ,    -0.839926709847246E-02 , 
  22.80000 ,    -0.131512166175103E-01 ,    -0.233088111523589E-01 ,    -0.109078355680103E-01 , 
  22.82000 ,    -0.158513693920399E-01 ,    -0.243785048103404E-01 ,    -0.131739032177875E-01 , 
  22.84000 ,    -0.182598358558159E-01 ,    -0.251465965304597E-01 ,    -0.151693782712090E-01 , 
  22.86000 ,    -0.203980295280215E-01 ,    -0.256150704532680E-01 ,    -0.168707346262261E-01 , 
  22.88000 ,    -0.222927745583349E-01 ,    -0.257917208958677E-01 ,    -0.182593376269748E-01 , 
  22.90000 ,    -0.239752999364256E-01 ,    -0.256899163512512E-01 ,    -0.193216827137683E-01 , 
  22.92000 ,    -0.254801362367744E-01 ,    -0.253282538688164E-01 ,    -0.200495435127658E-01 , 
  22.94000 ,    -0.268439420507409E-01 ,    -0.247301105415091E-01 ,    -0.204400276365193E-01 , 
  22.96000 ,    -0.281042888414493E-01 ,    -0.239231008862494E-01 ,    -0.204955401962256E-01 , 
  22.98000 ,    -0.292984338790779E-01 ,    -0.229384508046784E-01 ,    -0.202236567420452E-01 , 
  23.00000 ,    -0.304621111547067E-01 ,    -0.218103005113036E-01 ,    -0.196369090159214E-01 , 
  23.02000 ,    -0.316283697257213E-01 ,    -0.205749502801394E-01 ,    -0.187524884897931E-01 , 
  23.04000 ,    -0.328264878259814E-01 ,    -0.192700640575964E-01 ,    -0.175918741405563E-01 , 
  23.06000 ,    -0.340809893057350E-01 ,    -0.179338468926030E-01 ,    -0.161803922536368E-01 , 
  23.08000 ,    -0.354107865904407E-01 ,    -0.166042127244211E-01 ,    -0.145467172245684E-01 , 
  23.10000 ,    -0.368284714184889E-01 ,    -0.153179593301285E-01 ,    -0.127223233209393E-01 , 
  23.12000 ,    -0.383397712019747E-01 ,    -0.141099671598533E-01 ,    -0.107408981577237E-01 , 
  23.14000 ,    -0.399431850295690E-01 ,    -0.130124383776351E-01 ,    -0.863772921374578E-02 , 
  23.16000 ,    -0.416298091825936E-01 ,    -0.120541916854396E-01 ,    -0.644907506667573E-02 , 
  23.18000 ,    -0.433833576581396E-01 ,    -0.112600274500925E-01 ,    -0.421153314387247E-02 , 
  23.20000 ,    -0.451803786850355E-01 ,    -0.106501762972261E-01 ,    -0.196141567657441E-02 , 
  23.22000 ,    -0.469906636807584E-01 ,    -0.102398427082604E-01 ,     0.265854790097074E-03 , 
  23.24000 ,    -0.487778406319575E-01 ,    -0.100388532873968E-01 ,     0.243631953000777E-02 , 
  23.26000 ,    -0.505001395879511E-01 ,    -0.100514172919423E-01 ,     0.451801736461921E-02 , 
  23.28000 ,    -0.521113139314172E-01 ,    -0.102760047819980E-01 ,     0.648146888009512E-02 , 
  23.30000 ,    -0.535616974235879E-01 ,    -0.107053453889473E-01 ,     0.830010313068611E-02 , 
  23.32000 ,    -0.547993737941915E-01 ,    -0.113265482735430E-01 ,     0.995062007243832E-02 , 
  23.34000 ,    -0.557714329314009E-01 ,    -0.121213413925507E-01 ,     0.114132833324221E-01 , 
  23.36000 ,    -0.564252855845084E-01 ,    -0.130664257674959E-01 ,     0.126721393662493E-01 , 
  23.38000 ,    -0.567100069699109E-01 ,    -0.141339380995102E-01 ,     0.137151605607817E-01 , 
  23.40000 ,    -0.565776788032408E-01 ,    -0.152920128485768E-01 ,     0.145343113689077E-01 , 
  23.42000 ,    -0.559846990867042E-01 ,    -0.165054328394958E-01 ,     0.151255380881729E-01 , 
  23.44000 ,    -0.548930294656133E-01 ,    -0.177363556131125E-01 ,     0.154886843844238E-01 , 
  23.46000 ,    -0.532713511215708E-01 ,    -0.189451011482132E-01 ,     0.156273360860215E-01 , 
  23.48000 ,    -0.510961019666502E-01 ,    -0.200909852704152E-01 ,     0.155486001057881E-01 , 
  23.50000 ,    -0.483523703046217E-01 ,    -0.211331820671743E-01 ,     0.152628235610521E-01 , 
  23.52000 ,    -0.450346230792164E-01 ,    -0.220315979641872E-01 ,     0.147832602339813E-01 , 
  23.54000 ,    -0.411472502717648E-01 ,    -0.227477398028261E-01 ,     0.141256924250350E-01 , 
  23.56000 ,    -0.367049108663358E-01 ,    -0.232455592984391E-01 ,     0.133080169854369E-01 , 
  23.58000 ,    -0.317326699861764E-01 ,    -0.234922566559756E-01 ,     0.123498048575562E-01 , 
  23.60000 ,    -0.262659212300739E-01 ,    -0.234590268654950E-01 ,     0.112718437964197E-01 , 
  23.62000 ,    -0.203500928055210E-01 ,    -0.231217332817860E-01 ,     0.100956740868533E-01 , 
  23.64000 ,    -0.140401406684573E-01 ,    -0.224614944886206E-01 ,     0.884312700877600E-02 , 
  23.66000 ,    -0.739983643749900E-02 ,    -0.214651721316406E-01 ,     0.753587554185720E-02 , 
  23.68000 ,    -0.500862255725706E-03 ,    -0.201257493412079E-01 ,     0.619500634813026E-02 , 
  23.70000 ,     0.657827106930100E-02 ,    -0.184425915190191E-01 ,     0.484062143896655E-02 , 
  23.72000 ,     0.137534624956900E-01 ,    -0.164215835867639E-01 ,     0.349147713651153E-02 , 
  23.74000 ,     0.209363921933522E-01 ,    -0.140751402447579E-01 ,     0.216466699773138E-02 , 
  23.76000 ,     0.280359995401314E-01 ,    -0.114220883138592E-01 ,     0.875354303073837E-03 , 
  23.78000 ,     0.349600388426214E-01 ,    -0.848742278396698E-02 ,    -0.363441455002099E-03 , 
  23.80000 ,     0.416166821994406E-01 ,    -0.530194071522783E-02 ,    -0.154100089015470E-02 , 
  23.82000 ,     0.479161378066639E-01 ,    -0.190175958253716E-02 ,    -0.264900194356399E-02 , 
  23.84000 ,     0.537722515490469E-01 ,     0.167227102978230E-02 ,    -0.368155741613975E-02 , 
  23.86000 ,     0.591040599352698E-01 ,     0.537525333525304E-02 ,    -0.463519352312935E-02 , 
  23.88000 ,     0.638372633150436E-01 ,     0.915900788462414E-02 ,    -0.550877145283597E-02 , 
  23.90000 ,     0.679055898409611E-01 ,     0.129729081037289E-01 ,    -0.630335512103483E-02 , 
  23.92000 ,     0.712520227749357E-01 ,     0.167647668246305E-01 ,    -0.702202943769899E-02 , 
  23.94000 ,     0.738298664417457E-01 ,     0.204817577534349E-01 ,    -0.766967442010720E-02 , 
  23.96000 ,     0.756036293426160E-01 ,     0.240713541084576E-01 ,    -0.825270137612959E-02 , 
  23.98000 ,     0.765497065912042E-01 ,     0.274822663088091E-01 ,    -0.877875812611864E-02 , 
  24.00000 ,     0.766568478454209E-01 ,     0.306653606031798E-01 ,    -0.925641081720791E-02 , 
  24.02000 ,     0.759264011962469E-01 ,     0.335745409013557E-01 ,    -0.969481029928548E-02 , 
  24.04000 ,     0.743723279489300E-01 ,     0.361675767990489E-01 ,    -0.101033512703602E-01 , 
  24.06000 ,     0.720209877989090E-01 ,     0.384068618550318E-01 ,    -0.104913324572366E-01 , 
  24.08000 ,     0.689106984692495E-01 ,     0.402600875662637E-01 ,    -0.108676259758330E-01 , 
  24.10000 ,     0.650910783437862E-01 ,     0.417008201632940E-01 ,    -0.112403637184128E-01 , 
  24.12000 ,     0.606221849084419E-01 ,     0.427089692801990E-01 ,    -0.116166481502933E-01 , 
  24.14000 ,     0.555734658147847E-01 ,     0.432711397011063E-01 ,    -0.120022942776572E-01 , 
  24.16000 ,     0.500225430237567E-01 ,     0.433808597049152E-01 ,    -0.124016087853595E-01 , 
  24.18000 ,     0.440538537003253E-01 ,     0.430386819736661E-01 ,    -0.128172114565031E-01 , 
  24.20000 ,     0.377571742481088E-01 ,     0.422521555481610E-01 ,    -0.132499029938605E-01 , 
  24.22000 ,     0.312260560438436E-01 ,     0.410356698555067E-01 ,    -0.136985822888175E-01 , 
  24.24000 ,     0.245562030138858E-01 ,     0.394101743454259E-01 ,    -0.141602150498298E-01 , 
  24.26000 ,     0.178438221603533E-01 ,     0.374027797043730E-01 ,    -0.146298545339425E-01 , 
  24.28000 ,     0.111839784776806E-01 ,     0.350462489194285E-01 ,    -0.151007139467369E-01 , 
  24.30000 ,     0.466898539913915E-02 ,     0.323783885910196E-01 ,    -0.155642889132984E-01 , 
  24.32000 ,    -0.161313901145389E-02 ,     0.294413528019734E-01 ,    -0.160105272999467E-01 , 
  24.34000 ,    -0.758012143102981E-02 ,     0.262808735021050E-01 ,    -0.164280426072326E-01 , 
  24.36000 ,    -0.131567616060222E-01 ,     0.229454327296806E-01 ,    -0.168043661811346E-01 , 
  24.38000 ,    -0.182761156343443E-01 ,     0.194853930370613E-01 ,    -0.171262326217205E-01 , 
  24.40000 ,    -0.228805132549940E-01 ,     0.159521031975520E-01 ,    -0.173798920246345E-01 , 
  24.42000 ,    -0.269223916485543E-01 ,     0.123969966309490E-01 ,    -0.175514420857844E-01 , 
  24.44000 ,    -0.303649320169047E-01 ,     0.887069999080694E-02 ,    -0.176271726457767E-01 , 
  24.46000 ,    -0.331824892114877E-01 ,     0.542216900858802E-02 ,    -0.175939149569212E-01 , 
  24.48000 ,    -0.353608088323619E-01 ,     0.209786799769563E-02 ,    -0.174393878276231E-01 , 
  24.50000 ,    -0.368970304387697E-01 ,    -0.105899160007929E-02 ,    -0.171525328388050E-01 , 
  24.52000 ,    -0.377994797092314E-01 ,    -0.400913956905962E-02 ,    -0.167238310333092E-01 , 
  24.54000 ,    -0.380872564799734E-01 ,    -0.671784972071166E-02 ,    -0.161455938471433E-01 , 
  24.56000 ,    -0.377896294928054E-01 ,    -0.915544653065359E-02 ,    -0.154122215728251E-01 , 
  24.58000 ,    -0.369452523200823E-01 ,    -0.112977070469413E-01 ,    -0.145204233086515E-01 , 
  24.60000 ,    -0.356012182345252E-01 ,    -0.131261517092179E-01 ,    -0.134693931392213E-01 , 
  24.62000 ,    -0.338119746925308E-01 ,    -0.146282200342471E-01 ,    -0.122609381952408E-01 , 
  24.64000 ,    -0.316381205474789E-01 ,    -0.157973295021636E-01 ,    -0.108995552354800E-01 , 
  24.66000 ,    -0.291451110606916E-01 ,    -0.166328183695131E-01 ,    -0.939245345988962E-02 , 
  24.68000 ,    -0.264018971995505E-01 ,    -0.171397754899968E-01 ,    -0.774952237812614E-02 , 
  24.70000 ,    -0.234795265832549E-01 ,    -0.173287624928286E-01 ,    -0.598324469883077E-02 , 
  24.72000 ,    -0.204497337473556E-01 ,    -0.172154358050222E-01 ,    -0.410855534845998E-02 , 
  24.74000 ,    -0.173835471506108E-01 ,    -0.168200779639956E-01 ,    -0.214264885056683E-02 , 
  24.76000 ,    -0.143499395554244E-01 ,    -0.161670494107683E-01 ,    -0.104738374247949E-03 , 
  24.78000 ,    -0.114145471010856E-01 ,    -0.152841734467960E-01 ,     0.198422922815823E-02 , 
  24.80000 ,    -0.863848059209110E-02 ,    -0.142020682495841E-01 ,     0.410189714974248E-02 , 
  24.82000 ,    -0.607725028685644E-02 ,    -0.129534407502681E-01 ,     0.622485506122191E-02 , 
  24.84000 ,    -0.377982284789408E-02 ,    -0.115723577635150E-01 ,     0.832902148782885E-02 , 
  24.86000 ,    -0.178782616338424E-02 ,    -0.100935100164678E-01 ,     0.103900448125464E-01 , 
  24.88000 ,    -0.134914537792556E-03 ,    -0.855148464620217E-02 ,     0.123837151755452E-01 , 
  24.90000 ,     0.115369665393737E-02 ,    -0.698006132852629E-02 ,     0.142863792837592E-01 , 
  24.92000 ,     0.206152127516751E-02 ,    -0.541154647622679E-02 ,     0.160753500495719E-01 , 
  24.94000 ,     0.258091569079928E-02 ,    -0.387615892000559E-02 ,     0.177293030451974E-01 , 
  24.96000 ,     0.271301651164451E-02 ,    -0.240147918461571E-02 ,     0.192286519881034E-01 , 
  24.98000 ,     0.246750778036101E-02 ,    -0.101197292615631E-02 ,     0.205558958578384E-01 , 
  25.00000 ,     0.186222582359376E-02 ,     0.271402660836637E-03 ,     0.216959307780157E-01 , 
  25.02000 ,     0.922613026260698E-03 ,     0.143150258646662E-02 ,     0.226363204680487E-01 , 
  25.04000 ,    -0.318965474967134E-03 ,     0.245520313582888E-02 ,     0.233675198639448E-01 , 
  25.06000 ,    -0.182402578093445E-02 ,     0.333351358394248E-02 ,     0.238830474099340E-01 , 
  25.08000 ,    -0.354887148516371E-02 ,     0.406159004906845E-02 ,     0.241796025148237E-01 , 
  25.10000 ,    -0.544558217434798E-02 ,     0.463865314356420E-02 ,     0.242571257287838E-01 , 
  25.12000 ,    -0.746306298893724E-02 ,     0.506781318877680E-02 ,     0.241188003065599E-01 , 
  25.14000 ,    -0.954813334674506E-02 ,     0.535580876450198E-02 ,     0.237709949597754E-01 , 
  25.16000 ,    -0.116466326779500E-01 ,     0.551266622138994E-02 ,     0.232231487413872E-01 , 
  25.18000 ,    -0.137045212170790E-01 ,     0.555128945690142E-02 ,     0.224876001269781E-01 , 
  25.20000 ,    -0.156689545318001E-01 ,     0.548699070685642E-02 ,     0.215793634382200E-01 , 
  25.22000 ,    -0.174893115160949E-01 ,     0.533697430503866E-02 ,     0.205158567723082E-01 , 
  25.24000 ,    -0.191181570048251E-01 ,     0.511978628812122E-02 ,     0.193165865375102E-01 , 
  25.26000 ,    -0.205121219389883E-01 ,     0.485474335396078E-02 ,     0.180027945309267E-01 , 
  25.28000 ,    -0.216326860807380E-01 ,     0.456135500601120E-02 ,     0.165970742139754E-01 , 
  25.30000 ,    -0.224468505942079E-01 ,     0.425875273010506E-02 ,     0.151229634300811E-01 , 
  25.32000 ,    -0.229276903179375E-01 ,     0.396513975364632E-02 ,     0.136045212564650E-01 , 
  25.34000 ,    -0.230547782002766E-01 ,     0.369727433973078E-02 ,     0.120658969792985E-01 , 
  25.36000 ,    -0.228144770920555E-01 ,     0.346999868477780E-02 ,     0.105308993234886E-01 , 
  25.38000 ,    -0.222000968326955E-01 ,     0.329582433892638E-02 ,     0.902257405263599E-02 , 
  25.40000 ,    -0.212119172692152E-01 ,     0.318458368062931E-02 ,     0.756279788203075E-02 , 
  25.42000 ,    -0.198570804576129E-01 ,     0.314315538239991E-02 ,     0.617189632178643E-02 , 
  25.44000 ,    -0.181493577611566E-01 ,     0.317527003989457E-02 ,     0.486829259516794E-02 , 
  25.46000 ,    -0.161087998334911E-01 ,     0.328140024133157E-02 ,     0.366819416850342E-02 , 
  25.48000 ,    -0.137612795146334E-01 ,     0.345873737127704E-02 ,     0.258532269608872E-02 , 
  25.50000 ,    -0.111379394396158E-01 ,     0.370125541645359E-02 ,     0.163069234079905E-02 , 
  25.52000 ,    -0.827455763435465E-02 ,     0.399986001661147E-02 ,     0.812440495487912E-03 , 
  25.54000 ,    -0.521084553000423E-02 ,     0.434261902567109E-02 ,     0.135713920085404E-03 , 
  25.56000 ,    -0.198969365191164E-02 ,     0.471506896105118E-02 ,    -0.397387755553678E-03 , 
  25.58000 ,     0.134361927379375E-02 ,     0.510058996408606E-02 ,    -0.787810311790247E-03 , 
  25.60000 ,     0.474223790260672E-02 ,     0.548084031031066E-02 ,    -0.103948526246420E-02 , 
  25.62000 ,     0.815854682728395E-02 ,     0.583624012997346E-02 ,    -0.115921358391502E-02 , 
  25.64000 ,     0.115449768809797E-01 ,     0.614649285653925E-02 ,    -0.115649528486077E-02 , 
  25.66000 ,     0.148547867428988E-01 ,     0.639113203915721E-02 ,    -0.104330827413061E-02 , 
  25.68000 ,     0.180428064455101E-01 ,     0.655008055306477E-02 ,    -0.833840935192098E-03 , 
  25.70000 ,     0.210661306574699E-01 ,     0.660420893272846E-02 ,    -0.544183680442855E-03 , 
  25.72000 ,     0.238847510864432E-01 ,     0.653587954247854E-02 ,    -0.191985518214148E-03 , 
  25.74000 ,     0.264621189717988E-01 ,     0.632946358845118E-02 ,     0.203917692744691E-03 , 
  25.76000 ,     0.287656303775110E-01 ,     0.597181855695327E-02 ,     0.623896114505417E-03 , 
  25.78000 ,     0.307670288082992E-01 ,     0.545271452486347E-02 ,     0.104793236710251E-02 , 
  25.80000 ,     0.324427215149326E-01 ,     0.476519890804662E-02 ,     0.145603374410497E-02 , 
  25.82000 ,     0.337740076863081E-01 ,     0.390589056905883E-02 ,     0.182864234047598E-02 , 
  25.84000 ,     0.347472185071295E-01 ,     0.287519576560436E-02 ,     0.214703529759429E-02 , 
  25.86000 ,     0.353537707539844E-01 ,     0.167744015170580E-02 ,     0.239370758884352E-02 , 
  25.88000 ,     0.355901371761442E-01 ,     0.320912906138195E-03 ,     0.255273013026197E-02 , 
  25.90000 ,     0.354577383314919E-01 ,    -0.118217898369395E-02 ,     0.261007649671301E-02 , 
  25.92000 ,     0.349627617980622E-01 ,    -0.281584625273466E-02 ,     0.255391214469041E-02 , 
  25.94000 ,     0.341159157386367E-01 ,    -0.456054066892473E-02 ,     0.237484077570605E-02 , 
  25.96000 ,     0.329321246454363E-01 ,    -0.639346212311634E-02 ,     0.206610330467640E-02 , 
  25.98000 ,     0.314301757259233E-01 ,    -0.828894361606325E-02 ,     0.162372580948149E-02 , 
  26.00000 ,     0.296323248059523E-01 ,    -0.102189065032239E-01 ,     0.104661381319014E-02 , 
  26.02000 ,     0.275638708253110E-01 ,    -0.121533767644877E-01 ,     0.336591270467672E-03 , 
  26.04000 ,     0.252527079906462E-01 ,    -0.140610516706367E-01 ,    -0.501616325117693E-03 , 
  26.06000 ,     0.227288644439101E-01 ,    -0.159099050521299E-01 ,    -0.146045424570397E-02 , 
  26.08000 ,     0.200240359172569E-01 ,    -0.176678184642546E-01 ,    -0.252966474255967E-02 , 
  26.10000 ,     0.171711222978901E-01 ,    -0.193032249059483E-01 ,    -0.369646466327461E-02 , 
  26.12000 ,     0.142037743416874E-01 ,    -0.207857514017392E-01 ,    -0.494577101830934E-02 , 
  26.14000 ,     0.111559569780561E-01 ,    -0.220868467050808E-01 ,    -0.626047016322186E-02 , 
  26.16000 ,     0.806153476731910E-02 ,    -0.231803806282518E-01 ,    -0.762172546967872E-02 , 
  26.18000 ,     0.495388413383650E-02 ,    -0.240432020437737E-01 ,    -0.900931766554124E-02 , 
  26.20000 ,     0.186553603099802E-02 ,    -0.246556434235316E-01 ,    -0.104020114440918E-01 , 
  26.22000 ,    -0.117214827472956E-02 ,    -0.250019608668513E-01 ,    -0.117779414849027E-01 , 
  26.24000 ,    -0.412926655825885E-02 ,    -0.250706998943527E-01 ,    -0.131150107015856E-01 , 
  26.26000 ,    -0.697762928328840E-02 ,    -0.248549788220448E-01 ,    -0.143912933398396E-01 , 
  26.28000 ,    -0.969097752453990E-02 ,    -0.243526832466387E-01 ,    -0.155854354953234E-01 , 
  26.30000 ,    -0.122451658866644E-01 ,    -0.235665670316020E-01 ,    -0.166770457049424E-01 , 
  26.32000 ,    -0.146183117790785E-01 ,    -0.225042571439675E-01 ,    -0.176470684844159E-01 , 
  26.34000 ,    -0.167909129298271E-01 ,    -0.211781617122355E-01 ,    -0.184781340343574E-01 , 
  26.36000 ,    -0.187459354246076E-01 ,    -0.196052827123500E-01 ,    -0.191548778090251E-01 , 
  26.38000 ,    -0.204688748359610E-01 ,    -0.178069366979719E-01 ,    -0.196642242265696E-01 , 
  26.40000 ,    -0.219477931630884E-01 ,    -0.158083889299194E-01 ,    -0.199956294852892E-01 , 
  26.42000 ,    -0.231733343391248E-01 ,    -0.136384080861143E-01 ,    -0.201412792235033E-01 , 
  26.44000 ,    -0.241387209880128E-01 ,    -0.113287504085240E-01 ,    -0.200962376061681E-01 , 
  26.46000 ,    -0.248397349384534E-01 ,    -0.891358363153715E-02 ,    -0.198585453229997E-01 , 
  26.48000 ,    -0.252746837417110E-01 ,    -0.642886230521063E-02 ,    -0.194292649235338E-01 , 
  26.50000 ,    -0.254443551094625E-01 ,    -0.391166714979107E-02 ,    -0.188124728765753E-01 , 
  26.52000 ,    -0.253519608053650E-01 ,    -0.139952183314888E-02 ,    -0.180151987069340E-01 , 
  26.54000 ,    -0.250030711085393E-01 ,     0.107029896567003E-02 ,    -0.170473125135239E-01 , 
  26.56000 ,    -0.244055405384940E-01 ,     0.346145616550672E-02 ,    -0.159213630924287E-01 , 
  26.58000 ,    -0.235694251084441E-01 ,     0.573921364242202E-02 ,    -0.146523697599469E-01 , 
  26.60000 ,    -0.225068909766609E-01 ,     0.787107282997165E-02 ,    -0.132575717784019E-01 , 
  26.62000 ,    -0.212321140107710E-01 ,     0.982736174902761E-02 ,    -0.117561400176040E-01 , 
  26.64000 ,    -0.197611694838674E-01 ,     0.115817666232511E-01 ,    -0.101688561246502E-01 , 
  26.66000 ,    -0.181119108974155E-01 ,     0.131117954523664E-01 ,    -0.851776501368850E-02 , 
  26.68000 ,    -0.163038367851666E-01 ,     0.143991643535596E-01 ,    -0.682580691647866E-02 , 
  26.70000 ,    -0.143579443026949E-01 ,     0.154300991105777E-01 ,    -0.511643554757850E-02 , 
  26.72000 ,    -0.122965684534442E-01 ,     0.161955461552718E-01 ,    -0.341322913030959E-02 , 
  26.74000 ,    -0.101432059457204E-01 ,     0.166912891090186E-01 ,    -0.173950109922936E-02 , 
  26.76000 ,    -0.792232291394389E-02 ,     0.169179689908315E-01 ,    -0.117917241815056E-03 , 
  26.78000 ,    -0.565914606629677E-02 ,     0.168810082125835E-01 ,     0.142987413112962E-02 , 
  26.80000 ,    -0.337943723103848E-02 ,     0.165904404866338E-01 ,     0.288359268567821E-02 , 
  26.82000 ,    -0.110925175387582E-02 ,     0.160606507244398E-01 ,     0.422465133270597E-02 , 
  26.84000 ,     0.112531826554435E-02 ,     0.153100308649842E-01 ,     0.543645085891595E-02 , 
  26.86000 ,     0.329841433492679E-02 ,     0.143605592995344E-01 ,     0.650463910480415E-02 , 
  26.88000 ,     0.538469336915829E-02 ,     0.132373131179542E-01 ,     0.741733054032285E-02 , 
  26.90000 ,     0.735961817170720E-02 ,     0.119679237586672E-01 ,     0.816528282137286E-02 , 
  26.92000 ,     0.919975326124614E-02 ,     0.105819877711496E-01 ,     0.874202769406813E-02 , 
  26.94000 ,     0.108830621665199E-01 ,     0.911044527317040E-02 ,     0.914395443419971E-02 , 
  26.96000 ,     0.123892018303072E-01 ,     0.758493928704090E-02 ,     0.937034485136216E-02 , 
  26.98000 ,     0.136998093582353E-01 ,     0.603716945808607E-02 ,     0.942335973533093E-02 , 
  27.00000 ,     0.147987760373400E-01 ,     0.449825368848152E-02 ,     0.930797746140049E-02 , 
  27.02000 ,     0.156725033475058E-01 ,     0.299811096104863E-02 ,     0.903188628657080E-02 , 
  27.04000 ,     0.163101356085437E-01 ,     0.156487808718538E-02 ,     0.860533264564166E-02 , 
  27.06000 ,     0.167037639559997E-01 ,     0.224372303511074E-03 ,     0.804092848214466E-02 , 
  27.08000 ,     0.168485965257134E-01 ,    -0.100038941848832E-02 ,     0.735342131154732E-02 , 
  27.10000 ,     0.167430900530176E-01 ,    -0.208960477274457E-02 ,     0.655943130255814E-02 , 
  27.12000 ,     0.163890385559433E-01 ,    -0.302702613728423E-02 ,     0.567716016740616E-02 , 
  27.14000 ,     0.157916153675839E-01 ,    -0.380021977078597E-02 ,     0.472607706610925E-02 , 
  27.16000 ,     0.149593655020612E-01 ,    -0.440073952684590E-02 ,     0.372658704718059E-02 , 
  27.18000 ,     0.139041461687792E-01 ,    -0.482421229643188E-02 ,     0.269968776401308E-02 , 
  27.20000 ,     0.126410141749647E-01 ,    -0.507033430931256E-02 ,     0.166662032022942E-02 , 
  27.22000 ,     0.111880599580794E-01 ,    -0.514277935351784E-02 ,     0.648520108430310E-03 , 
  27.24000 ,     0.956618904610908E-02 ,    -0.504902186641859E-02 ,    -0.333926583336341E-03 , 
  27.26000 ,     0.779885283138571E-02 ,    -0.480007967101993E-02 ,    -0.126081461100481E-02 , 
  27.28000 ,     0.591173163755854E-02 ,    -0.441018283749018E-02 ,    -0.211333535402566E-02 , 
  27.30000 ,     0.393237413346177E-02 ,    -0.389637670629756E-02 ,    -0.287407049584201E-02 , 
  27.32000 ,     0.188979817578009E-02 ,    -0.327806848257485E-02 ,    -0.352725971064682E-02 , 
  27.34000 ,    -0.185940881378717E-03 ,    -0.257652797244458E-02 ,    -0.405903827488651E-02 , 
  27.36000 ,    -0.226420751253712E-02 ,    -0.181435395674031E-02 ,    -0.445764119333389E-02 , 
  27.38000 ,    -0.431426134567348E-02 ,    -0.101491836674811E-02 ,    -0.471357104800234E-02 , 
  27.40000 ,    -0.630574225062596E-02 ,    -0.201800826857813E-03 ,    -0.481972743195262E-02 , 
  27.42000 ,    -0.820915651652968E-02 ,     0.601773747318717E-03 ,    -0.477149650698910E-02 , 
  27.44000 ,    -0.999635517827314E-02 ,     0.137348196118748E-02 ,    -0.456679991211454E-02 , 
  27.46000 ,    -0.116409954711929E-01 ,     0.209242105758327E-02 ,    -0.420610293618293E-02 , 
  27.48000 ,    -0.131189765041983E-01 ,     0.273958892231910E-02 ,    -0.369238254159849E-02 , 
  27.50000 ,    -0.144088405465182E-01 ,     0.329831450201328E-02 ,    -0.303105647474875E-02 , 
  27.52000 ,    -0.154921318204563E-01 ,     0.375462932109640E-02 ,    -0.222987531248414E-02 , 
  27.54000 ,    -0.163537053752512E-01 ,     0.409757214796782E-02 ,    -0.129877986257062E-02 , 
  27.56000 ,    -0.169819794744023E-01 ,     0.431942039210207E-02 ,    -0.249726850891264E-03 , 
  27.58000 ,    -0.173691259452680E-01 ,     0.441584348035721E-02 ,     0.903513718314935E-03 , 
  27.60000 ,    -0.175111940961064E-01 ,     0.438597522490129E-02 ,     0.214558575699249E-02 , 
  27.62000 ,    -0.174081650790498E-01 ,     0.423240401805647E-02 ,     0.345979475709756E-02 , 
  27.64000 ,    -0.170639349417062E-01 ,     0.396108153084709E-02 ,     0.482837160099140E-02 , 
  27.66000 ,    -0.164862260365766E-01 ,     0.358115241171619E-02 ,     0.623274803662899E-02 , 
  27.68000 ,    -0.156864279156585E-01 ,     0.310470923993433E-02 ,     0.765383925553786E-02 , 
  27.70000 ,    -0.146793702956418E-01 ,     0.254647864629010E-02 ,     0.907232900940372E-02 , 
  27.72000 ,    -0.134830321046871E-01 ,     0.192344603566503E-02 ,     0.104689527748350E-01 , 
  27.74000 ,    -0.121181919826940E-01 ,     0.125442769906322E-02 ,     0.118247746221690E-01 , 
  27.76000 ,    -0.106080268721011E-01 ,     0.559600257332746E-03 ,     0.131214536584182E-01 , 
  27.78000 ,    -0.897766647609202E-02 ,    -0.140001689589869E-03 ,     0.143414961910098E-01 , 
  27.80000 ,    -0.725371234859473E-02 ,    -0.823008145462825E-03 ,     0.154684900912697E-01 , 
  27.82000 ,    -0.546373119154805E-02 ,    -0.146824453902526E-02 ,     0.164873182172772E-01 , 
  27.84000 ,    -0.363573254940240E-02 ,    -0.205525862548535E-02 ,     0.173843481768267E-01 , 
  27.86000 ,    -0.179764149231447E-02 ,    -0.256483141461078E-02 ,     0.181475961643165E-01 , 
  27.88000 ,     0.232229433253221E-04 ,    -0.297946044301131E-02 ,     0.187668630817450E-01 , 
  27.90000 ,     0.180065284240494E-02 ,    -0.328380433727540E-02 ,     0.192338416447564E-01 , 
  27.92000 ,     0.351002959857861E-02 ,    -0.346507848727984E-02 ,     0.195421936710822E-01 , 
  27.94000 ,     0.512876528913758E-02 ,    -0.351339274563564E-02 ,     0.196875972421020E-01 , 
  27.96000 ,     0.663669806014360E-02 ,    -0.342202336545972E-02 ,     0.196677639104260E-01 , 
  27.98000 ,     0.801643328616816E-02 ,    -0.318761285573383E-02 ,     0.194824265895227E-01 , 
  28.00000 ,     0.925362339772080E-02 ,    -0.281029303899241E-02 ,     0.191332991984014E-01 , 
  28.02000 ,     0.103371805622723E-01 ,    -0.229372830464571E-02 ,     0.186240095387122E-01 , 
  28.04000 ,     0.112594178345290E-01 ,    -0.164507782528120E-02 ,     0.179600072477578E-01 , 
  28.06000 ,     0.120161159279441E-01 ,    -0.874877303929125E-03 ,     0.171484489940378E-01 , 
  28.08000 ,     0.126065143690560E-01 ,     0.315739196840332E-05 ,     0.161980633582683E-01 , 
  28.10000 ,     0.130332274440899E-01 ,     0.972400618307630E-03 ,     0.151189980695237E-01 , 
  28.12000 ,     0.133020869970074E-01 ,     0.201365562625771E-02 ,     0.139226524412689E-01 , 
  28.14000 ,     0.134219157530861E-01 ,     0.310555426060790E-02 ,     0.126214979748294E-01 , 
  28.16000 ,     0.134042363860017E-01 ,     0.422500906536203E-02 ,     0.112288901682321E-01 , 
  28.18000 ,     0.132629229842032E-01 ,     0.534770800443539E-02 ,     0.975887458737510E-02 , 
  28.20000 ,     0.130138028713045E-01 ,     0.644864104621601E-02 ,     0.822599022596664E-02 , 
  28.22000 ,     0.126742178651464E-01 ,     0.750264713629802E-02 ,     0.664507310320141E-02 , 
  28.24000 ,     0.122625549946733E-01 ,     0.848496960853401E-02 ,     0.503106292708140E-02 , 
  28.26000 ,     0.117977574104321E-01 ,     0.937180787083023E-02 ,     0.339881549049368E-02 , 
  28.28000 ,     0.112988267057456E-01 ,     0.101408532534000E-01 ,     0.176292327115482E-02 , 
  28.30000 ,     0.107843280989715E-01 ,     0.107717972221915E-01 ,     0.137546480073068E-03 , 
  28.32000 ,     0.102719099057131E-01 ,     0.112468007319727E-01 ,    -0.146374344850495E-02 , 
  28.34000 ,     0.977784845206166E-02 ,     0.115509143096031E-01 ,    -0.302810620434316E-02 , 
  28.36000 ,     0.931662905035723E-02 ,     0.116724395004770E-01 ,    -0.454355935048444E-02 , 
  28.38000 ,     0.890057288760311E-02 ,     0.116032235573907E-01 ,    -0.599908833463558E-02 , 
  28.40000 ,     0.853951867917320E-02 ,     0.113388806740048E-01 ,    -0.738473892187309E-02 , 
  28.42000 ,     0.824056673758293E-02 ,     0.108789346339085E-01 ,    -0.869169150576377E-02 , 
  28.44000 ,     0.800789172336041E-02 ,     0.102268794269332E-01 ,    -0.991231704685657E-02 , 
  28.46000 ,     0.784262881224592E-02 ,     0.939015614059944E-02 ,    -0.110402146689735E-01 , 
  28.48000 ,     0.774283636328251E-02 ,     0.838004622838361E-02 ,    -0.120702312107599E-01 , 
  28.50000 ,     0.770353644214652E-02 ,     0.721148304922475E-02 ,    -0.129984632790643E-01 , 
  28.52000 ,     0.771683278136669E-02 ,     0.590278532570010E-02 ,    -0.138222425788966E-01 , 
  28.54000 ,     0.777210398345031E-02 ,     0.447531784390642E-02 ,    -0.145401054994712E-01 , 
  28.56000 ,     0.785626803405893E-02 ,     0.295308628026984E-02 ,    -0.151517481152672E-01 , 
  28.58000 ,     0.795411252949809E-02 ,     0.136227445578411E-02 ,    -0.156579679137608E-01 , 
  28.60000 ,     0.804868347365114E-02 ,    -0.269266443712111E-03 ,    -0.160605936866508E-01 , 
  28.62000 ,     0.812172409959960E-02 ,    -0.191256610815584E-02 ,    -0.163624051187121E-01 , 
  28.64000 ,     0.815415395284547E-02 ,    -0.353810942283621E-02 ,    -0.165670436780557E-01 , 
  28.66000 ,     0.812657746487652E-02 ,    -0.511642491889909E-02 ,    -0.166789164541143E-01 , 
  28.68000 ,     0.801981047175293E-02 ,    -0.661867509525886E-02 ,    -0.167030946062552E-01 , 
  28.70000 ,     0.781541261141147E-02 ,    -0.801723630191364E-02 ,    -0.166452080778270E-01 , 
  28.72000 ,     0.749621327887520E-02 ,    -0.928625608597991E-02 ,    -0.165113381994514E-01 , 
  28.74000 ,     0.704681883816724E-02 ,    -0.104021763700116E-01 ,    -0.163079097534116E-01 , 
  28.76000 ,     0.645408908478483E-02 ,    -0.113442115469926E-01 ,    -0.160415840001833E-01 , 
  28.78000 ,     0.570757151870890E-02 ,    -0.120947715222274E-01 ,    -0.157191540808348E-01 , 
  28.80000 ,     0.479988281419676E-02 ,    -0.126398208886057E-01 ,    -0.153474441075079E-01 , 
  28.82000 ,     0.372702794266444E-02 ,    -0.129691667634187E-01 ,    -0.149332131409196E-01 , 
  28.84000 ,     0.248864869665204E-02 ,    -0.130766693131489E-01 ,    -0.144830651311532E-01 , 
  28.86000 ,     0.108819484916081E-02 ,    -0.129603706151991E-01 ,    -0.140033657682609E-01 , 
  28.88000 ,    -0.466987168130917E-03 ,    -0.126225392176219E-01 ,    -0.135001670546223E-01 , 
  28.90000 ,    -0.216565140737353E-02 ,    -0.120696295229024E-01 ,    -0.129791402736562E-01 , 
  28.92000 ,    -0.399273684141131E-02 ,    -0.113121569020950E-01 ,    -0.124455178913297E-01 , 
  28.94000 ,    -0.592953865402167E-02 ,    -0.103644912031834E-01 ,    -0.119040447897203E-01 , 
  28.96000 ,    -0.795396402139899E-02 ,    -0.924457301517409E-02 ,    -0.113589390972038E-01 , 
  28.98000 ,    -0.100408681372179E-01 ,    -0.797355865114045E-02 ,    -0.108138627490880E-01 , 
  29.00000 ,    -0.121624644255887E-01 ,    -0.657540128547964E-02 ,    -0.102719017868654E-01 , 
  29.02000 ,    -0.142888011959115E-01 ,    -0.507637699211297E-02 ,    -0.973555628470618E-02 , 
  29.04000 ,    -0.163882954589945E-01 ,    -0.350456555381353E-02 ,    -0.920673967917927E-02 , 
  29.06000 ,    -0.184283132795315E-01 ,    -0.188929682505486E-02 ,    -0.868678717315322E-02 , 
  29.08000 ,    -0.203757849167868E-01 ,    -0.260574112978431E-03 ,    -0.817647278783050E-02 , 
  29.10000 ,    -0.221978421291292E-01 ,     0.135151352042568E-02 ,    -0.767603454834582E-02 , 
  29.12000 ,    -0.238624644096126E-01 ,     0.291737794554398E-02 ,    -0.718520720850703E-02 , 
  29.14000 ,    -0.253391205939973E-01 ,     0.440850562138804E-02 ,    -0.670326184927250E-02 , 
  29.16000 ,    -0.265993922482977E-01 ,     0.579800652236781E-02 ,    -0.622905162351116E-02 , 
  29.18000 ,    -0.276175655025794E-01 ,     0.706112720408446E-02 ,    -0.576106286653306E-02 , 
  29.20000 ,    -0.283711785473740E-01 ,     0.817571767577641E-02 ,    -0.529747074778532E-02 , 
  29.22000 ,    -0.288415128383805E-01 ,     0.912264276040030E-02 ,    -0.483619860397965E-02 , 
  29.24000 ,    -0.290140171476615E-01 ,     0.988612982853499E-02 ,    -0.437498006770525E-02 , 
  29.26000 ,    -0.288786549330260E-01 ,     0.104540461629289E-01 ,    -0.391142308826338E-02 , 
  29.28000 ,    -0.284301670440014E-01 ,     0.108181007167248E-01 ,    -0.344307493299269E-02 , 
  29.30000 ,    -0.276682435104816E-01 ,     0.109739666376156E-01 ,    -0.296748725772469E-02 , 
  29.32000 ,    -0.265976000321760E-01 ,     0.109213226077008E-01 ,    -0.248228034420035E-02 , 
  29.34000 ,    -0.252279567637153E-01 ,     0.106638127586566E-01 ,    -0.198520562023987E-02 , 
  29.36000 ,    -0.235739190294394E-01 ,     0.102089266274959E-01 ,    -0.147420560519900E-02 , 
  29.38000 ,    -0.216547616598720E-01 ,     0.956780228337585E-02 ,    -0.947470458681018E-03 , 
  29.40000 ,    -0.194941206743351E-01 ,     0.875495734539459E-02 ,    -0.403490354504487E-03 , 
  29.42000 ,    -0.171195979972504E-01 ,     0.778795409164286E-02 ,     0.158897045533529E-03 , 
  29.44000 ,    -0.145622867469126E-01 ,     0.668700619994769E-02 ,     0.740464682786900E-03 , 
  29.46000 ,    -0.118562263346282E-01 ,     0.547453583297446E-02 ,     0.134156035368988E-02 , 
  29.48000 ,    -0.903779812211912E-02 ,     0.417469076049751E-02 ,     0.196207764201766E-02 , 
  29.50000 ,    -0.614507367282070E-02 ,     0.281283197989344E-02 ,     0.260143396752359E-02 , 
  29.52000 ,    -0.321712866989423E-02 ,     0.141500283697248E-02 ,     0.325855609701091E-02 , 
  29.54000 ,    -0.293336337349752E-03 ,     0.739095289620511E-05 ,     0.393187336813535E-02 , 
  29.56000 ,     0.258734532658226E-02 ,    -0.138420567603306E-02 ,     0.461931877561773E-02 , 
  29.58000 ,     0.538707802356709E-02 ,    -0.273489722039887E-02 ,     0.531833796503054E-02 , 
  29.60000 ,     0.806982499170480E-02 ,    -0.402119443488001E-02 ,     0.602590607210457E-02 , 
  29.62000 ,     0.106019962985764E-01 ,    -0.522146482957751E-02 ,     0.673855223683100E-02 , 
  29.64000 ,     0.129530444194230E-01 ,    -0.631634333164245E-02 ,     0.745239151291064E-02 , 
  29.66000 ,     0.150959979440400E-01 ,    -0.728908922272304E-02 ,     0.816316378582123E-02 , 
  29.68000 ,     0.170079225299440E-01 ,    -0.812588235546608E-02 ,     0.886627920848577E-02 , 
  29.70000 ,     0.186702997260183E-01 ,    -0.881605301130701E-02 ,     0.955686956389525E-02 , 
  29.72000 ,     0.200693159980315E-01 ,    -0.935224123196033E-02 ,     0.102298448706564E-01 , 
  29.74000 ,     0.211960561593221E-01 ,    -0.973048300614671E-02 ,     0.108799544620105E-01 , 
  29.76000 ,     0.220465974066560E-01 ,    -0.995022228734354E-02 ,     0.115018516929495E-01 , 
  29.78000 ,     0.226220022404824E-01 ,    -0.100142494231213E-01 ,     0.120901613652058E-01 , 
  29.80000 ,     0.229282106662440E-01 ,    -0.992856815734070E-02 ,     0.126395489075000E-01 , 
  29.82000 ,     0.229758341839761E-01 ,    -0.970219488916390E-02 ,     0.131447903097906E-01 , 
  29.84000 ,     0.227798561321677E-01 ,    -0.934689530505600E-02 ,     0.136008417864316E-01 , 
  29.86000 ,     0.223592449148353E-01 ,    -0.887686481130687E-02 ,     0.140029081349933E-01 , 
  29.88000 ,     0.217364884662129E-01 ,    -0.830836035758942E-02 ,     0.143465087656572E-01 , 
  29.90000 ,     0.209370599562829E-01 ,    -0.765929223240513E-02 ,     0.146275404008852E-01 , 
  29.92000 ,     0.199888261776213E-01 ,    -0.694878520863720E-02 ,     0.148423354865384E-01 , 
  29.94000 ,     0.189214112488728E-01 ,    -0.619671900577717E-02 ,     0.149877154135535E-01 , 
  29.96000 ,     0.177655291973163E-01 ,    -0.542325840321052E-02 ,     0.150610377230259E-01 , 
